# Blender v2.80 (sub 75) OBJ File: 'Strawberry_native.blend'
# www.blender.org
mtllib Strawberry.mtl
o Foglia_fragola.000_Cylinder.002
v -0.065583 0.112988 0.011474
v -0.066902 0.112988 0.010405
v -0.069896 0.116274 0.018396
v -0.070079 0.116274 0.018294
v -0.069684 0.116238 0.018365
v -0.069362 0.116224 0.018194
v -0.069020 0.116315 0.017877
v -0.068578 0.116618 0.017320
v -0.068003 0.116870 0.016468
v -0.067136 0.116098 0.015341
v -0.066407 0.115300 0.014404
v -0.066094 0.114752 0.013737
v -0.065935 0.114157 0.012981
v -0.065805 0.113556 0.012205
v -0.067571 0.113556 0.010772
v -0.068303 0.114157 0.011059
v -0.069011 0.114752 0.011370
v -0.069588 0.115300 0.011836
v -0.070154 0.116098 0.013046
v -0.070440 0.116870 0.014826
v -0.070430 0.116618 0.016190
v -0.070350 0.116315 0.017110
v -0.070286 0.116224 0.017674
v -0.070185 0.116238 0.018086
v -0.065941 0.112923 0.011241
v -0.066281 0.112898 0.010987
v -0.066600 0.112923 0.010706
v -0.070033 0.116270 0.018320
v -0.069987 0.116268 0.018346
v -0.069941 0.116270 0.018371
v -0.069810 0.116206 0.018305
v -0.069931 0.116196 0.018241
v -0.070054 0.116206 0.018170
v -0.069586 0.116120 0.018096
v -0.069811 0.116085 0.017980
v -0.070042 0.116120 0.017841
v -0.069334 0.116123 0.017749
v -0.069658 0.116057 0.017584
v -0.069992 0.116123 0.017374
v -0.069000 0.116322 0.017156
v -0.069448 0.116215 0.016927
v -0.069921 0.116322 0.016609
v -0.068572 0.116590 0.016229
v -0.069169 0.116471 0.015907
v -0.069792 0.116590 0.015439
v -0.067918 0.115893 0.014955
v -0.068691 0.115792 0.014489
v -0.069434 0.115893 0.013840
v -0.067281 0.115057 0.013903
v -0.068121 0.114933 0.013341
v -0.068879 0.115057 0.012628
v -0.066923 0.114530 0.013260
v -0.067693 0.114424 0.012728
v -0.068373 0.114530 0.012083
v -0.066604 0.113988 0.012585
v -0.067223 0.113915 0.012147
v -0.067779 0.113988 0.011632
v -0.066294 0.113449 0.011901
v -0.066752 0.113407 0.011567
v -0.067173 0.113449 0.011188
v -0.063853 0.112988 0.010973
v -0.065512 0.112988 0.011330
v -0.061161 0.116274 0.018671
v -0.061355 0.116274 0.018750
v -0.061052 0.116238 0.018486
v -0.060983 0.116224 0.018129
v -0.061016 0.116315 0.017663
v -0.061173 0.116618 0.016969
v -0.061477 0.116870 0.015988
v -0.061812 0.116098 0.014606
v -0.062085 0.115300 0.013451
v -0.062409 0.114752 0.012789
v -0.062899 0.114157 0.012191
v -0.063422 0.113556 0.011603
v -0.065645 0.113556 0.012082
v -0.065881 0.114157 0.012832
v -0.066082 0.114752 0.013579
v -0.066080 0.115300 0.014320
v -0.065492 0.116098 0.015520
v -0.064284 0.116870 0.016858
v -0.063214 0.116618 0.017705
v -0.062447 0.116315 0.018219
v -0.061968 0.116224 0.018523
v -0.061583 0.116238 0.018702
v -0.064258 0.112923 0.011106
v -0.064670 0.112898 0.011211
v -0.065088 0.112923 0.011284
v -0.061305 0.116270 0.018730
v -0.061256 0.116268 0.018711
v -0.061208 0.116270 0.018691
v -0.061178 0.116206 0.018548
v -0.061303 0.116196 0.018602
v -0.061436 0.116206 0.018652
v -0.061200 0.116120 0.018242
v -0.061432 0.116085 0.018344
v -0.061685 0.116120 0.018437
v -0.061313 0.116123 0.017828
v -0.061644 0.116057 0.017977
v -0.062017 0.116123 0.018106
v -0.061566 0.116322 0.017196
v -0.062025 0.116215 0.017402
v -0.062569 0.116322 0.017571
v -0.062020 0.116590 0.016282
v -0.062645 0.116471 0.016545
v -0.063400 0.116590 0.016737
v -0.062603 0.115893 0.014973
v -0.063451 0.115792 0.015284
v -0.064422 0.115893 0.015457
v -0.063023 0.115057 0.013818
v -0.063988 0.114933 0.014120
v -0.065018 0.115057 0.014264
v -0.063300 0.114530 0.013136
v -0.064197 0.114424 0.013402
v -0.065126 0.114530 0.013528
v -0.063627 0.113988 0.012465
v -0.064355 0.113915 0.012672
v -0.065105 0.113988 0.012783
v -0.063965 0.113449 0.011794
v -0.064513 0.113407 0.011942
v -0.065072 0.113449 0.012032
v -0.063159 0.112988 0.009310
v -0.063920 0.112988 0.010827
v -0.055473 0.116274 0.012036
v -0.055533 0.116274 0.012237
v -0.055549 0.116238 0.011836
v -0.055784 0.116224 0.011557
v -0.056168 0.116315 0.011292
v -0.056807 0.116618 0.010979
v -0.057762 0.116870 0.010601
v -0.059049 0.116098 0.009996
v -0.060120 0.115300 0.009485
v -0.060839 0.114752 0.009323
v -0.061612 0.114157 0.009330
v -0.062398 0.113556 0.009370
v -0.063418 0.113556 0.011402
v -0.062981 0.114157 0.012056
v -0.062524 0.114752 0.012680
v -0.061946 0.115300 0.013144
v -0.060643 0.116098 0.013437
v -0.058843 0.116870 0.013334
v -0.057512 0.116618 0.013031
v -0.056631 0.116315 0.012755
v -0.056093 0.116224 0.012572
v -0.055713 0.116238 0.012385
v -0.063310 0.112923 0.009709
v -0.063485 0.112898 0.010096
v -0.063691 0.112923 0.010468
v -0.055517 0.116270 0.012186
v -0.055502 0.116268 0.012135
v -0.055487 0.116270 0.012085
v -0.055580 0.116206 0.011972
v -0.055616 0.116196 0.012104
v -0.055660 0.116206 0.012238
v -0.055832 0.116120 0.011798
v -0.055897 0.116085 0.012043
v -0.055983 0.116120 0.012298
v -0.056225 0.116123 0.011626
v -0.056316 0.116057 0.011978
v -0.056449 0.116123 0.012349
v -0.056876 0.116322 0.011427
v -0.057003 0.116215 0.011914
v -0.057212 0.116322 0.012444
v -0.057873 0.116590 0.011208
v -0.058059 0.116471 0.011861
v -0.058383 0.116590 0.012569
v -0.059258 0.115893 0.010843
v -0.059547 0.115792 0.011698
v -0.060021 0.115893 0.012563
v -0.060422 0.115057 0.010447
v -0.060791 0.114933 0.011388
v -0.061324 0.115057 0.012281
v -0.061127 0.114530 0.010235
v -0.061482 0.114424 0.011101
v -0.061965 0.114530 0.011904
v -0.061855 0.113988 0.010069
v -0.062150 0.113915 0.010767
v -0.062533 0.113988 0.011420
v -0.062589 0.113449 0.009913
v -0.062817 0.113407 0.010431
v -0.063097 0.113449 0.010924
v -0.064020 0.112988 0.007727
v -0.063315 0.112988 0.009272
v -0.057080 0.116274 0.003445
v -0.056961 0.116274 0.003618
v -0.057283 0.116238 0.003379
v -0.057648 0.116224 0.003388
v -0.058095 0.116315 0.003521
v -0.058739 0.116618 0.003823
v -0.059632 0.116870 0.004330
v -0.060910 0.116098 0.004954
v -0.061980 0.115300 0.005469
v -0.062556 0.114752 0.005927
v -0.063035 0.114157 0.006535
v -0.063497 0.113556 0.007172
v -0.062552 0.113556 0.009240
v -0.061769 0.114157 0.009309
v -0.060996 0.114752 0.009345
v -0.060272 0.115300 0.009184
v -0.059227 0.116098 0.008352
v -0.058180 0.116870 0.006885
v -0.057582 0.116618 0.005658
v -0.057245 0.116315 0.004798
v -0.057051 0.116224 0.004265
v -0.056959 0.116238 0.003852
v -0.063803 0.112923 0.008095
v -0.063612 0.112898 0.008474
v -0.063451 0.112923 0.008867
v -0.056991 0.116270 0.003574
v -0.057020 0.116268 0.003530
v -0.057050 0.116270 0.003487
v -0.057197 0.116206 0.003489
v -0.057117 0.116196 0.003599
v -0.057039 0.116206 0.003718
v -0.057490 0.116120 0.003576
v -0.057340 0.116085 0.003780
v -0.057195 0.116120 0.004007
v -0.057870 0.116123 0.003775
v -0.057654 0.116057 0.004066
v -0.057447 0.116123 0.004403
v -0.058434 0.116322 0.004158
v -0.058134 0.116215 0.004562
v -0.057852 0.116322 0.005057
v -0.059229 0.116590 0.004797
v -0.058837 0.116471 0.005351
v -0.058487 0.116590 0.006048
v -0.060381 0.115893 0.005648
v -0.059896 0.115792 0.006409
v -0.059519 0.115893 0.007321
v -0.061419 0.115057 0.006307
v -0.060917 0.114933 0.007184
v -0.060555 0.115057 0.008159
v -0.062026 0.114530 0.006724
v -0.061573 0.114424 0.007542
v -0.061251 0.114530 0.008423
v -0.062612 0.113988 0.007186
v -0.062253 0.113915 0.007854
v -0.061983 0.113988 0.008562
v -0.063194 0.113449 0.007661
v -0.062932 0.113407 0.008164
v -0.062724 0.113449 0.008691
v -0.065793 0.112988 0.007407
v -0.064148 0.112988 0.007825
v -0.064782 0.116274 -0.000685
v -0.064572 0.116274 -0.000669
v -0.064961 0.116238 -0.000568
v -0.065182 0.116224 -0.000278
v -0.065359 0.116315 0.000153
v -0.065527 0.116618 0.000845
v -0.065691 0.116870 0.001859
v -0.066006 0.116098 0.003245
v -0.066275 0.115300 0.004402
v -0.066279 0.114752 0.005138
v -0.066106 0.114157 0.005892
v -0.065898 0.113556 0.006651
v -0.063694 0.113556 0.007211
v -0.063150 0.114157 0.006643
v -0.062638 0.114752 0.006064
v -0.062310 0.115300 0.005399
v -0.062303 0.116098 0.004063
v -0.062790 0.116870 0.002328
v -0.063372 0.116618 0.001093
v -0.063830 0.116315 0.000291
v -0.064125 0.116224 -0.000194
v -0.064389 0.116238 -0.000525
v -0.065371 0.112923 0.007468
v -0.064955 0.112898 0.007557
v -0.064548 0.112923 0.007678
v -0.064625 0.116270 -0.000674
v -0.064678 0.116268 -0.000678
v -0.064730 0.116270 -0.000682
v -0.064821 0.116206 -0.000567
v -0.064684 0.116196 -0.000560
v -0.064543 0.116206 -0.000546
v -0.064937 0.116120 -0.000283
v -0.064684 0.116085 -0.000272
v -0.064416 0.116120 -0.000243
v -0.065020 0.116123 0.000138
v -0.064657 0.116057 0.000151
v -0.064266 0.116123 0.000201
v -0.065075 0.116322 0.000816
v -0.064572 0.116215 0.000836
v -0.064010 0.116322 0.000926
v -0.065074 0.116590 0.001837
v -0.064397 0.116471 0.001879
v -0.063635 0.116590 0.002042
v -0.065134 0.115893 0.003268
v -0.064236 0.115792 0.003367
v -0.063290 0.115893 0.003644
v -0.065271 0.115057 0.004490
v -0.064272 0.114933 0.004648
v -0.063286 0.115057 0.004977
v -0.065326 0.114530 0.005224
v -0.064404 0.114424 0.005384
v -0.063516 0.114530 0.005684
v -0.065332 0.113988 0.005970
v -0.064587 0.113915 0.006109
v -0.063867 0.113988 0.006343
v -0.065327 0.113449 0.006721
v -0.064771 0.113407 0.006833
v -0.064230 0.113449 0.007000
v -0.067154 0.112988 0.008588
v -0.065797 0.112988 0.007567
v -0.072826 0.116274 0.002729
v -0.072683 0.116274 0.002576
v -0.072847 0.116238 0.002942
v -0.072760 0.116224 0.003296
v -0.072535 0.116315 0.003704
v -0.072101 0.116618 0.004268
v -0.071414 0.116870 0.005032
v -0.070531 0.116098 0.006146
v -0.069798 0.115300 0.007080
v -0.069226 0.114752 0.007545
v -0.068530 0.114157 0.007882
v -0.067809 0.113556 0.008196
v -0.065992 0.113556 0.006830
v -0.066093 0.114157 0.006049
v -0.066224 0.114752 0.005287
v -0.066536 0.115300 0.004615
v -0.067573 0.116098 0.003772
v -0.069231 0.116870 0.003065
v -0.070557 0.116618 0.002744
v -0.071470 0.116315 0.002599
v -0.072032 0.116224 0.002525
v -0.072456 0.116238 0.002523
v -0.066841 0.112923 0.008297
v -0.066512 0.112898 0.008029
v -0.066163 0.112923 0.007787
v -0.072720 0.116270 0.002614
v -0.072756 0.116268 0.002653
v -0.072792 0.116270 0.002691
v -0.072759 0.116206 0.002834
v -0.072668 0.116196 0.002732
v -0.072569 0.116206 0.002630
v -0.072611 0.116120 0.003102
v -0.072443 0.116085 0.002912
v -0.072253 0.116120 0.002721
v -0.072334 0.116123 0.003430
v -0.072097 0.116057 0.003156
v -0.071812 0.116123 0.002882
v -0.071840 0.116322 0.003898
v -0.071510 0.116215 0.003518
v -0.071087 0.116322 0.003137
v -0.071045 0.116590 0.004537
v -0.070588 0.116471 0.004036
v -0.069983 0.116590 0.003545
v -0.069966 0.115893 0.005481
v -0.069327 0.115792 0.004843
v -0.068518 0.115893 0.004279
v -0.069100 0.115057 0.006353
v -0.068351 0.114933 0.005674
v -0.067476 0.115057 0.005111
v -0.068562 0.114530 0.006856
v -0.067860 0.114424 0.006238
v -0.067070 0.114530 0.005734
v -0.067985 0.113988 0.007329
v -0.067410 0.113915 0.006835
v -0.066776 0.113988 0.006420
v -0.067396 0.113449 0.007795
v -0.066961 0.113407 0.007432
v -0.066492 0.113449 0.007115
v -0.067087 0.112988 0.010388
v -0.067031 0.112988 0.008692
v -0.075206 0.116274 0.011138
v -0.075236 0.116274 0.010930
v -0.075054 0.116238 0.011288
v -0.074724 0.116224 0.011442
v -0.074264 0.116315 0.011522
v -0.073553 0.116618 0.011538
v -0.072527 0.116870 0.011480
v -0.071105 0.116098 0.011490
v -0.069918 0.115300 0.011504
v -0.069198 0.114752 0.011350
v -0.068499 0.114157 0.011019
v -0.067802 0.113556 0.010653
v -0.067728 0.113556 0.008381
v -0.068400 0.114157 0.007971
v -0.069076 0.114752 0.007595
v -0.069795 0.115300 0.007417
v -0.071102 0.116098 0.007697
v -0.072692 0.116870 0.008546
v -0.073773 0.116618 0.009379
v -0.074458 0.116315 0.009999
v -0.074868 0.116224 0.010391
v -0.075135 0.116238 0.010720
v -0.067117 0.112923 0.009963
v -0.067120 0.112898 0.009538
v -0.067089 0.112923 0.009114
v -0.075230 0.116270 0.010983
v -0.075222 0.116268 0.011036
v -0.075215 0.116270 0.011087
v -0.075083 0.116206 0.011151
v -0.075105 0.116196 0.011016
v -0.075122 0.116206 0.010876
v -0.074781 0.116120 0.011204
v -0.074824 0.116085 0.010954
v -0.074854 0.116120 0.010686
v -0.074352 0.116123 0.011194
v -0.074417 0.116057 0.010837
v -0.074452 0.116123 0.010444
v -0.073677 0.116322 0.011102
v -0.073766 0.116215 0.010606
v -0.073799 0.116322 0.010038
v -0.072681 0.116590 0.010883
v -0.072785 0.116471 0.010212
v -0.072789 0.116590 0.009433
v -0.071270 0.115893 0.010633
v -0.071366 0.115792 0.009735
v -0.071299 0.115893 0.008751
v -0.070048 0.115057 0.010505
v -0.070107 0.114933 0.009495
v -0.069998 0.115057 0.008461
v -0.069318 0.114530 0.010401
v -0.069360 0.114424 0.009466
v -0.069258 0.114530 0.008534
v -0.068588 0.113988 0.010247
v -0.068613 0.113915 0.009490
v -0.068539 0.113988 0.008735
v -0.067856 0.113449 0.010080
v -0.067867 0.113407 0.009514
v -0.067819 0.113449 0.008949
v -0.065602 0.112907 0.011530
v -0.066952 0.112907 0.010435
v -0.069905 0.116191 0.018450
v -0.070120 0.116191 0.018331
v -0.069675 0.116150 0.018412
v -0.069330 0.116134 0.018224
v -0.068970 0.116229 0.017885
v -0.068526 0.116532 0.017322
v -0.067977 0.116780 0.016501
v -0.067138 0.116016 0.015398
v -0.066418 0.115220 0.014463
v -0.066107 0.114672 0.013796
v -0.065949 0.114077 0.013039
v -0.065822 0.113476 0.012262
v -0.067623 0.113476 0.010800
v -0.068357 0.114077 0.011085
v -0.069066 0.114673 0.011395
v -0.069643 0.115221 0.011862
v -0.070209 0.116018 0.013072
v -0.070488 0.116783 0.014838
v -0.070459 0.116525 0.016168
v -0.070383 0.116223 0.017088
v -0.070327 0.116132 0.017673
v -0.070228 0.116150 0.018107
v -0.065966 0.112841 0.011293
v -0.066317 0.112816 0.011031
v -0.066646 0.112841 0.010741
v -0.070066 0.116185 0.018361
v -0.070011 0.116182 0.018391
v -0.069957 0.116185 0.018421
v -0.069815 0.116117 0.018351
v -0.069952 0.116105 0.018279
v -0.070089 0.116118 0.018201
v -0.069571 0.116026 0.018125
v -0.069820 0.115987 0.017997
v -0.070074 0.116026 0.017850
v -0.069300 0.116029 0.017754
v -0.069653 0.115957 0.017577
v -0.070015 0.116027 0.017359
v -0.068959 0.116231 0.017149
v -0.069436 0.116118 0.016907
v -0.069937 0.116226 0.016584
v -0.068552 0.116494 0.016252
v -0.069175 0.116372 0.015915
v -0.069826 0.116496 0.015442
v -0.067927 0.115808 0.015007
v -0.068721 0.115706 0.014529
v -0.069484 0.115811 0.013870
v -0.067298 0.114975 0.013959
v -0.068156 0.114850 0.013385
v -0.068930 0.114976 0.012659
v -0.066942 0.114449 0.013315
v -0.067729 0.114342 0.012772
v -0.068424 0.114449 0.012113
v -0.066625 0.113907 0.012640
v -0.067258 0.113833 0.012191
v -0.067828 0.113907 0.011664
v -0.066317 0.113368 0.011954
v -0.066788 0.113325 0.011611
v -0.067220 0.113368 0.011222
v -0.063821 0.112907 0.011023
v -0.065521 0.112907 0.011389
v -0.061124 0.116191 0.018712
v -0.061352 0.116191 0.018805
v -0.061010 0.116150 0.018509
v -0.060940 0.116134 0.018123
v -0.060979 0.116229 0.017630
v -0.061139 0.116532 0.016930
v -0.061435 0.116780 0.015988
v -0.061769 0.116016 0.014644
v -0.062046 0.115220 0.013496
v -0.062371 0.114672 0.012836
v -0.062862 0.114077 0.012239
v -0.063389 0.113476 0.011652
v -0.065656 0.113476 0.012140
v -0.065894 0.114077 0.012891
v -0.066097 0.114673 0.013638
v -0.066094 0.115221 0.014380
v -0.065506 0.116018 0.015579
v -0.064305 0.116783 0.016903
v -0.063250 0.116525 0.017714
v -0.062485 0.116223 0.018231
v -0.061994 0.116132 0.018554
v -0.061594 0.116150 0.018749
v -0.064233 0.112841 0.011158
v -0.064658 0.112816 0.011267
v -0.065090 0.112841 0.011342
v -0.061295 0.116185 0.018782
v -0.061237 0.116182 0.018758
v -0.061179 0.116185 0.018734
v -0.061145 0.116117 0.018580
v -0.061287 0.116105 0.018641
v -0.061434 0.116118 0.018699
v -0.061168 0.116026 0.018248
v -0.061424 0.115987 0.018363
v -0.061698 0.116026 0.018467
v -0.061288 0.116029 0.017804
v -0.061646 0.115957 0.017969
v -0.062043 0.116027 0.018114
v -0.061545 0.116231 0.017159
v -0.062033 0.116118 0.017379
v -0.062598 0.116226 0.017568
v -0.061990 0.116494 0.016280
v -0.062643 0.116372 0.016555
v -0.063419 0.116496 0.016765
v -0.062568 0.115808 0.015013
v -0.063438 0.115706 0.015332
v -0.064430 0.115811 0.015514
v -0.062991 0.114975 0.013866
v -0.063976 0.114850 0.014175
v -0.065026 0.114976 0.014324
v -0.063269 0.114449 0.013185
v -0.064186 0.114342 0.013458
v -0.065135 0.114449 0.013587
v -0.063597 0.113907 0.012515
v -0.064343 0.113833 0.012728
v -0.065111 0.113907 0.012841
v -0.063938 0.113368 0.011846
v -0.064501 0.113325 0.011997
v -0.065075 0.113368 0.012090
v -0.063100 0.112907 0.009317
v -0.063880 0.112907 0.010871
v -0.055418 0.116191 0.012033
v -0.055488 0.116191 0.012269
v -0.055505 0.116150 0.011817
v -0.055762 0.116134 0.011520
v -0.056170 0.116229 0.011241
v -0.056816 0.116532 0.010928
v -0.057735 0.116780 0.010568
v -0.058992 0.116016 0.009986
v -0.060060 0.115220 0.009483
v -0.060778 0.114672 0.009322
v -0.061552 0.114077 0.009332
v -0.062339 0.113476 0.009374
v -0.063379 0.113476 0.011447
v -0.062943 0.114077 0.012103
v -0.062488 0.114673 0.012729
v -0.061908 0.115221 0.013192
v -0.060605 0.116018 0.013485
v -0.058821 0.116783 0.013378
v -0.057528 0.116525 0.013064
v -0.056645 0.116223 0.012792
v -0.056086 0.116132 0.012612
v -0.055683 0.116150 0.012422
v -0.063253 0.112841 0.009722
v -0.063434 0.112816 0.010122
v -0.063647 0.112841 0.010505
v -0.055470 0.116185 0.012210
v -0.055453 0.116182 0.012150
v -0.055435 0.116185 0.012090
v -0.055534 0.116117 0.011967
v -0.055575 0.116105 0.012116
v -0.055622 0.116118 0.012266
v -0.055807 0.116026 0.011776
v -0.055878 0.115987 0.012048
v -0.055968 0.116026 0.012327
v -0.056228 0.116029 0.011592
v -0.056325 0.115957 0.011974
v -0.056460 0.116027 0.012375
v -0.056892 0.116231 0.011388
v -0.057026 0.116118 0.011906
v -0.057233 0.116226 0.012465
v -0.057855 0.116494 0.011183
v -0.058050 0.116372 0.011865
v -0.058373 0.116496 0.012602
v -0.059205 0.115808 0.010841
v -0.059502 0.115706 0.011719
v -0.059982 0.115811 0.012605
v -0.060364 0.114975 0.010451
v -0.060740 0.114850 0.011413
v -0.061283 0.114976 0.012324
v -0.061069 0.114449 0.010241
v -0.061431 0.114342 0.011127
v -0.061925 0.114449 0.011947
v -0.061796 0.113907 0.010077
v -0.062099 0.113833 0.010792
v -0.062492 0.113907 0.011462
v -0.062532 0.113368 0.009924
v -0.062767 0.113325 0.010457
v -0.063054 0.113368 0.010963
v -0.063978 0.112907 0.007686
v -0.063256 0.112907 0.009267
v -0.057048 0.116191 0.003400
v -0.056908 0.116191 0.003603
v -0.057270 0.116150 0.003333
v -0.057663 0.116134 0.003347
v -0.058136 0.116229 0.003491
v -0.058784 0.116532 0.003798
v -0.059641 0.116780 0.004289
v -0.060883 0.116016 0.004904
v -0.061944 0.115220 0.005421
v -0.062519 0.114672 0.005880
v -0.062996 0.114077 0.006489
v -0.063456 0.113476 0.007128
v -0.062493 0.113476 0.009238
v -0.061708 0.114077 0.009310
v -0.060935 0.114673 0.009347
v -0.060211 0.115221 0.009185
v -0.059166 0.116018 0.008353
v -0.058132 0.116783 0.006896
v -0.057566 0.116525 0.005691
v -0.057225 0.116223 0.004833
v -0.057015 0.116132 0.004284
v -0.056910 0.116150 0.003851
v -0.063758 0.112841 0.008059
v -0.063560 0.112816 0.008451
v -0.063394 0.112841 0.008856
v -0.056943 0.116185 0.003553
v -0.056978 0.116182 0.003501
v -0.057014 0.116185 0.003450
v -0.057172 0.116117 0.003450
v -0.057082 0.116105 0.003575
v -0.056994 0.116118 0.003706
v -0.057492 0.116026 0.003543
v -0.057324 0.115987 0.003768
v -0.057163 0.116026 0.004014
v -0.057899 0.116029 0.003755
v -0.057661 0.115957 0.004071
v -0.057434 0.116027 0.004427
v -0.058474 0.116231 0.004145
v -0.058154 0.116118 0.004574
v -0.057848 0.116226 0.005086
v -0.059237 0.116494 0.004768
v -0.058828 0.116372 0.005347
v -0.058456 0.116496 0.006060
v -0.060350 0.115808 0.005605
v -0.059851 0.115706 0.006387
v -0.059461 0.115811 0.007316
v -0.061379 0.114975 0.006264
v -0.060866 0.114850 0.007160
v -0.060496 0.114976 0.008154
v -0.061985 0.114449 0.006682
v -0.061522 0.114342 0.007519
v -0.061192 0.114449 0.008418
v -0.062569 0.113907 0.007146
v -0.062201 0.113833 0.007830
v -0.061925 0.113907 0.008556
v -0.063149 0.113368 0.007624
v -0.062881 0.113325 0.008140
v -0.062666 0.113368 0.008682
v -0.065799 0.112907 0.007348
v -0.064114 0.112907 0.007776
v -0.064797 0.116191 -0.000738
v -0.064551 0.116191 -0.000721
v -0.064988 0.116150 -0.000607
v -0.065223 0.116134 -0.000292
v -0.065408 0.116229 0.000167
v -0.065575 0.116532 0.000865
v -0.065729 0.116780 0.001840
v -0.066028 0.116016 0.003193
v -0.066289 0.115220 0.004344
v -0.066292 0.114672 0.005079
v -0.066117 0.114077 0.005833
v -0.065907 0.113476 0.006592
v -0.063659 0.113476 0.007163
v -0.063111 0.114077 0.006597
v -0.062598 0.114673 0.006018
v -0.062270 0.115221 0.005352
v -0.062264 0.116018 0.004016
v -0.062752 0.116783 0.002297
v -0.063336 0.116525 0.001101
v -0.063791 0.116223 0.000298
v -0.064087 0.116132 -0.000210
v -0.064359 0.116150 -0.000563
v -0.065370 0.112841 0.007411
v -0.064941 0.112816 0.007502
v -0.064521 0.112841 0.007627
v -0.064612 0.116185 -0.000725
v -0.064675 0.116182 -0.000729
v -0.064737 0.116185 -0.000734
v -0.064836 0.116117 -0.000611
v -0.064682 0.116105 -0.000603
v -0.064524 0.116118 -0.000589
v -0.064963 0.116026 -0.000303
v -0.064683 0.115987 -0.000292
v -0.064391 0.116026 -0.000264
v -0.065053 0.116029 0.000148
v -0.064659 0.115957 0.000160
v -0.064238 0.116027 0.000206
v -0.065109 0.116231 0.000840
v -0.064575 0.116118 0.000859
v -0.063984 0.116226 0.000942
v -0.065102 0.116494 0.001825
v -0.064395 0.116372 0.001869
v -0.063606 0.116496 0.002026
v -0.065147 0.115808 0.003217
v -0.064226 0.115706 0.003318
v -0.063257 0.115811 0.003596
v -0.065279 0.114975 0.004432
v -0.064259 0.114850 0.004593
v -0.063252 0.114976 0.004928
v -0.065332 0.114449 0.005166
v -0.064390 0.114342 0.005329
v -0.063483 0.114449 0.005636
v -0.065337 0.113907 0.005912
v -0.064573 0.113833 0.006053
v -0.063835 0.113907 0.006293
v -0.065328 0.113368 0.006663
v -0.064757 0.113325 0.006778
v -0.064201 0.113368 0.006950
v -0.067204 0.112907 0.008556
v -0.065814 0.112907 0.007511
v -0.072877 0.116191 0.002707
v -0.072710 0.116191 0.002527
v -0.072895 0.116150 0.002939
v -0.072797 0.116134 0.003319
v -0.072555 0.116229 0.003751
v -0.072116 0.116532 0.004318
v -0.071452 0.116780 0.005050
v -0.070585 0.116016 0.006130
v -0.069852 0.115220 0.007055
v -0.069281 0.114672 0.007518
v -0.068584 0.114077 0.007854
v -0.067860 0.113476 0.008166
v -0.066006 0.113476 0.006772
v -0.066105 0.114077 0.005990
v -0.066235 0.114673 0.005227
v -0.066548 0.115221 0.004555
v -0.067585 0.116018 0.003713
v -0.069231 0.116783 0.003015
v -0.070529 0.116525 0.002722
v -0.071440 0.116223 0.002573
v -0.072021 0.116132 0.002485
v -0.072466 0.116150 0.002476
v -0.066886 0.112841 0.008261
v -0.066546 0.112816 0.007984
v -0.066186 0.112841 0.007734
v -0.072751 0.116185 0.002572
v -0.072794 0.116182 0.002618
v -0.072837 0.116185 0.002664
v -0.072802 0.116117 0.002818
v -0.072700 0.116105 0.002703
v -0.072590 0.116118 0.002589
v -0.072642 0.116026 0.003110
v -0.072458 0.115987 0.002899
v -0.072254 0.116026 0.002688
v -0.072348 0.116029 0.003463
v -0.072091 0.115957 0.003163
v -0.071792 0.116027 0.002864
v -0.071844 0.116231 0.003940
v -0.071493 0.116118 0.003536
v -0.071059 0.116226 0.003127
v -0.071071 0.116494 0.004552
v -0.070594 0.116372 0.004028
v -0.069977 0.116496 0.003512
v -0.070015 0.115808 0.005459
v -0.069359 0.115706 0.004804
v -0.068535 0.115811 0.004224
v -0.069150 0.114975 0.006323
v -0.068385 0.114850 0.005629
v -0.067494 0.114976 0.005054
v -0.068612 0.114449 0.006825
v -0.067894 0.114342 0.006192
v -0.067087 0.114449 0.005677
v -0.068033 0.113907 0.007295
v -0.067445 0.113833 0.006789
v -0.066795 0.113907 0.006364
v -0.067442 0.113368 0.007760
v -0.066995 0.113325 0.007386
v -0.066513 0.113368 0.007061
v -0.067142 0.112907 0.010407
v -0.067086 0.112907 0.008669
v -0.075255 0.116191 0.011164
v -0.075291 0.116191 0.010920
v -0.075086 0.116150 0.011323
v -0.074728 0.116134 0.011485
v -0.074240 0.116229 0.011567
v -0.073523 0.116532 0.011580
v -0.072537 0.116780 0.011521
v -0.071152 0.116016 0.011522
v -0.069972 0.115220 0.011531
v -0.069252 0.114672 0.011376
v -0.068554 0.114077 0.011043
v -0.067858 0.113476 0.010674
v -0.067782 0.113476 0.008356
v -0.068453 0.114077 0.007943
v -0.069129 0.114673 0.007566
v -0.069850 0.115221 0.007389
v -0.071156 0.116018 0.007670
v -0.072731 0.116783 0.008515
v -0.073773 0.116525 0.009343
v -0.074460 0.116223 0.009960
v -0.074892 0.116132 0.010358
v -0.075178 0.116150 0.010699
v -0.067173 0.112841 0.009975
v -0.067177 0.112816 0.009536
v -0.067145 0.112841 0.009099
v -0.075282 0.116185 0.010981
v -0.075273 0.116182 0.011043
v -0.075264 0.116185 0.011105
v -0.075122 0.116117 0.011175
v -0.075148 0.116105 0.011023
v -0.075168 0.116118 0.010866
v -0.074794 0.116026 0.011233
v -0.074844 0.115987 0.010957
v -0.074879 0.116026 0.010666
v -0.074335 0.116029 0.011225
v -0.074408 0.115957 0.010837
v -0.074453 0.116027 0.010416
v -0.073647 0.116231 0.011131
v -0.073743 0.116118 0.010605
v -0.073789 0.116226 0.010010
v -0.072686 0.116494 0.010912
v -0.072795 0.116372 0.010212
v -0.072811 0.116496 0.009408
v -0.071317 0.115808 0.010657
v -0.071417 0.115706 0.009736
v -0.071352 0.115811 0.008730
v -0.070102 0.114975 0.010525
v -0.070164 0.114850 0.009494
v -0.070053 0.114976 0.008439
v -0.069374 0.114449 0.010420
v -0.069417 0.114342 0.009464
v -0.069312 0.114449 0.008512
v -0.068645 0.113907 0.010264
v -0.068670 0.113833 0.009488
v -0.068595 0.113907 0.008715
v -0.067912 0.113368 0.010094
v -0.067923 0.113325 0.009512
v -0.067875 0.113368 0.008932
vt 0.761503 0.721602
vt 0.759780 0.721941
vt 0.760129 0.719111
vt 0.761398 0.718860
vt 0.762906 0.747550
vt 0.762750 0.747561
vt 0.762216 0.747180
vt 0.762645 0.747149
vt 0.761546 0.746301
vt 0.762331 0.746276
vt 0.760954 0.744994
vt 0.762093 0.745079
vt 0.760219 0.742791
vt 0.761839 0.743010
vt 0.759511 0.739642
vt 0.761693 0.739632
vt 0.759079 0.734677
vt 0.761818 0.734458
vt 0.758472 0.730432
vt 0.761545 0.729887
vt 0.758536 0.727691
vt 0.761433 0.727149
vt 0.759114 0.724829
vt 0.761455 0.724375
vt 0.768288 0.723022
vt 0.765945 0.723491
vt 0.764847 0.720942
vt 0.766570 0.720600
vt 0.763700 0.723936
vt 0.763175 0.721272
vt 0.769914 0.725459
vt 0.767016 0.726052
vt 0.764222 0.726610
vt 0.770945 0.728032
vt 0.767719 0.728717
vt 0.764592 0.729331
vt 0.770945 0.732724
vt 0.767699 0.733550
vt 0.764649 0.734129
vt 0.769505 0.738527
vt 0.766603 0.739145
vt 0.764003 0.739531
vt 0.767293 0.742198
vt 0.765146 0.742710
vt 0.763404 0.742999
vt 0.765672 0.744644
vt 0.764276 0.744906
vt 0.763141 0.745048
vt 0.764743 0.746090
vt 0.763827 0.746178
vt 0.763058 0.746239
vt 0.763938 0.747075
vt 0.763464 0.747100
vt 0.763047 0.747124
vt 0.763388 0.747523
vt 0.763225 0.747532
vt 0.763064 0.747540
vt 0.763901 0.718365
vt 0.765171 0.718114
vt 0.762650 0.718613
vt 0.761503 0.721602
vt 0.759780 0.721941
vt 0.760129 0.719111
vt 0.761398 0.718860
vt 0.762906 0.747550
vt 0.762750 0.747561
vt 0.762216 0.747180
vt 0.762645 0.747149
vt 0.761546 0.746301
vt 0.762331 0.746276
vt 0.760954 0.744994
vt 0.762093 0.745079
vt 0.760219 0.742791
vt 0.761839 0.743010
vt 0.759511 0.739642
vt 0.761693 0.739632
vt 0.759079 0.734677
vt 0.761818 0.734458
vt 0.758472 0.730432
vt 0.761545 0.729887
vt 0.758536 0.727691
vt 0.761433 0.727149
vt 0.759114 0.724829
vt 0.761455 0.724375
vt 0.768288 0.723022
vt 0.765945 0.723491
vt 0.764847 0.720942
vt 0.766570 0.720600
vt 0.763700 0.723936
vt 0.763175 0.721272
vt 0.769914 0.725459
vt 0.767016 0.726052
vt 0.764222 0.726610
vt 0.770945 0.728032
vt 0.767719 0.728717
vt 0.764592 0.729331
vt 0.770945 0.732724
vt 0.767699 0.733550
vt 0.764649 0.734129
vt 0.769505 0.738527
vt 0.766603 0.739145
vt 0.764003 0.739531
vt 0.767293 0.742198
vt 0.765146 0.742710
vt 0.763404 0.742999
vt 0.765672 0.744644
vt 0.764276 0.744906
vt 0.763141 0.745048
vt 0.764743 0.746090
vt 0.763827 0.746178
vt 0.763058 0.746239
vt 0.763938 0.747075
vt 0.763464 0.747100
vt 0.763047 0.747124
vt 0.763388 0.747523
vt 0.763225 0.747532
vt 0.763064 0.747540
vt 0.763901 0.718365
vt 0.765171 0.718114
vt 0.762650 0.718613
vt 0.761503 0.721602
vt 0.759780 0.721941
vt 0.760129 0.719111
vt 0.761398 0.718860
vt 0.762906 0.747550
vt 0.762750 0.747561
vt 0.762216 0.747180
vt 0.762645 0.747149
vt 0.761546 0.746301
vt 0.762331 0.746276
vt 0.760954 0.744994
vt 0.762093 0.745079
vt 0.760219 0.742791
vt 0.761839 0.743010
vt 0.759511 0.739642
vt 0.761693 0.739632
vt 0.759079 0.734677
vt 0.761818 0.734458
vt 0.758472 0.730432
vt 0.761545 0.729887
vt 0.758536 0.727691
vt 0.761433 0.727149
vt 0.759114 0.724829
vt 0.761455 0.724375
vt 0.768288 0.723022
vt 0.765945 0.723491
vt 0.764847 0.720942
vt 0.766570 0.720600
vt 0.763700 0.723936
vt 0.763175 0.721272
vt 0.769914 0.725459
vt 0.767016 0.726052
vt 0.764222 0.726610
vt 0.770945 0.728032
vt 0.767719 0.728717
vt 0.764592 0.729331
vt 0.770945 0.732724
vt 0.767699 0.733550
vt 0.764649 0.734129
vt 0.769505 0.738527
vt 0.766603 0.739145
vt 0.764003 0.739531
vt 0.767293 0.742198
vt 0.765146 0.742710
vt 0.763404 0.742999
vt 0.765672 0.744644
vt 0.764276 0.744906
vt 0.763141 0.745048
vt 0.764743 0.746090
vt 0.763827 0.746178
vt 0.763058 0.746239
vt 0.763938 0.747075
vt 0.763464 0.747100
vt 0.763047 0.747124
vt 0.763388 0.747523
vt 0.763225 0.747532
vt 0.763064 0.747540
vt 0.763901 0.718365
vt 0.765171 0.718114
vt 0.762650 0.718613
vt 0.761503 0.721602
vt 0.759780 0.721941
vt 0.760129 0.719111
vt 0.761398 0.718860
vt 0.762906 0.747550
vt 0.762750 0.747561
vt 0.762216 0.747180
vt 0.762645 0.747149
vt 0.761546 0.746301
vt 0.762331 0.746276
vt 0.760954 0.744994
vt 0.762093 0.745079
vt 0.760219 0.742791
vt 0.761839 0.743010
vt 0.759511 0.739642
vt 0.761693 0.739632
vt 0.759079 0.734677
vt 0.761818 0.734458
vt 0.758472 0.730432
vt 0.761545 0.729887
vt 0.758536 0.727691
vt 0.761433 0.727149
vt 0.759114 0.724829
vt 0.761455 0.724375
vt 0.768288 0.723022
vt 0.765945 0.723491
vt 0.764847 0.720942
vt 0.766570 0.720600
vt 0.763700 0.723936
vt 0.763175 0.721272
vt 0.769914 0.725459
vt 0.767016 0.726052
vt 0.764222 0.726610
vt 0.770945 0.728032
vt 0.767719 0.728717
vt 0.764592 0.729331
vt 0.770945 0.732724
vt 0.767699 0.733550
vt 0.764649 0.734129
vt 0.769505 0.738527
vt 0.766603 0.739145
vt 0.764003 0.739531
vt 0.767293 0.742198
vt 0.765146 0.742710
vt 0.763404 0.742999
vt 0.765672 0.744644
vt 0.764276 0.744906
vt 0.763141 0.745048
vt 0.764743 0.746090
vt 0.763827 0.746178
vt 0.763058 0.746239
vt 0.763938 0.747075
vt 0.763464 0.747100
vt 0.763047 0.747124
vt 0.763388 0.747523
vt 0.763225 0.747532
vt 0.763064 0.747540
vt 0.763901 0.718365
vt 0.765171 0.718114
vt 0.762650 0.718613
vt 0.761503 0.721602
vt 0.759780 0.721941
vt 0.760129 0.719111
vt 0.761398 0.718860
vt 0.762906 0.747550
vt 0.762750 0.747561
vt 0.762216 0.747180
vt 0.762645 0.747149
vt 0.761546 0.746301
vt 0.762331 0.746276
vt 0.760954 0.744994
vt 0.762093 0.745079
vt 0.760219 0.742791
vt 0.761839 0.743010
vt 0.759511 0.739642
vt 0.761693 0.739632
vt 0.759079 0.734677
vt 0.761818 0.734458
vt 0.758472 0.730432
vt 0.761545 0.729887
vt 0.758536 0.727691
vt 0.761433 0.727149
vt 0.759114 0.724829
vt 0.761455 0.724375
vt 0.768288 0.723022
vt 0.765945 0.723491
vt 0.764847 0.720942
vt 0.766570 0.720600
vt 0.763700 0.723936
vt 0.763175 0.721272
vt 0.769914 0.725459
vt 0.767016 0.726052
vt 0.764222 0.726610
vt 0.770945 0.728032
vt 0.767719 0.728717
vt 0.764592 0.729331
vt 0.770945 0.732724
vt 0.767699 0.733550
vt 0.764649 0.734129
vt 0.769505 0.738527
vt 0.766603 0.739145
vt 0.764003 0.739531
vt 0.767293 0.742198
vt 0.765146 0.742710
vt 0.763404 0.742999
vt 0.765672 0.744644
vt 0.764276 0.744906
vt 0.763141 0.745048
vt 0.764743 0.746090
vt 0.763827 0.746178
vt 0.763058 0.746239
vt 0.763938 0.747075
vt 0.763464 0.747100
vt 0.763047 0.747124
vt 0.763388 0.747523
vt 0.763225 0.747532
vt 0.763064 0.747540
vt 0.763901 0.718365
vt 0.765171 0.718114
vt 0.762650 0.718613
vt 0.761503 0.721602
vt 0.759780 0.721941
vt 0.760129 0.719111
vt 0.761398 0.718860
vt 0.762906 0.747550
vt 0.762750 0.747561
vt 0.762216 0.747180
vt 0.762645 0.747149
vt 0.761546 0.746301
vt 0.762331 0.746276
vt 0.760954 0.744994
vt 0.762093 0.745079
vt 0.760219 0.742791
vt 0.761839 0.743010
vt 0.759511 0.739642
vt 0.761693 0.739632
vt 0.759079 0.734677
vt 0.761818 0.734458
vt 0.758472 0.730432
vt 0.761545 0.729887
vt 0.758536 0.727691
vt 0.761433 0.727149
vt 0.759114 0.724829
vt 0.761455 0.724375
vt 0.768288 0.723022
vt 0.765945 0.723491
vt 0.764847 0.720942
vt 0.766570 0.720600
vt 0.763700 0.723936
vt 0.763175 0.721272
vt 0.769914 0.725459
vt 0.767016 0.726052
vt 0.764222 0.726610
vt 0.770945 0.728032
vt 0.767719 0.728717
vt 0.764592 0.729331
vt 0.770945 0.732724
vt 0.767699 0.733550
vt 0.764649 0.734129
vt 0.769505 0.738527
vt 0.766603 0.739145
vt 0.764003 0.739531
vt 0.767293 0.742198
vt 0.765146 0.742710
vt 0.763404 0.742999
vt 0.765672 0.744644
vt 0.764276 0.744906
vt 0.763141 0.745048
vt 0.764743 0.746090
vt 0.763827 0.746178
vt 0.763058 0.746239
vt 0.763938 0.747075
vt 0.763464 0.747100
vt 0.763047 0.747124
vt 0.763388 0.747523
vt 0.763225 0.747532
vt 0.763064 0.747540
vt 0.763901 0.718365
vt 0.765171 0.718114
vt 0.762650 0.718613
vt 0.761503 0.721602
vt 0.759780 0.721941
vt 0.760129 0.719111
vt 0.761398 0.718860
vt 0.762906 0.747550
vt 0.762750 0.747561
vt 0.762216 0.747180
vt 0.762645 0.747149
vt 0.761546 0.746301
vt 0.762331 0.746276
vt 0.760954 0.744994
vt 0.762093 0.745079
vt 0.760219 0.742791
vt 0.761839 0.743010
vt 0.759511 0.739642
vt 0.761693 0.739632
vt 0.759079 0.734677
vt 0.761818 0.734458
vt 0.758472 0.730432
vt 0.761545 0.729887
vt 0.758536 0.727691
vt 0.761433 0.727149
vt 0.759114 0.724829
vt 0.761455 0.724375
vt 0.768288 0.723022
vt 0.765945 0.723491
vt 0.764847 0.720942
vt 0.766570 0.720600
vt 0.763700 0.723936
vt 0.763175 0.721272
vt 0.769914 0.725459
vt 0.767016 0.726052
vt 0.764222 0.726610
vt 0.770945 0.728032
vt 0.767719 0.728717
vt 0.764592 0.729331
vt 0.770945 0.732724
vt 0.767699 0.733550
vt 0.764649 0.734129
vt 0.769505 0.738527
vt 0.766603 0.739145
vt 0.764003 0.739531
vt 0.767293 0.742198
vt 0.765146 0.742710
vt 0.763404 0.742999
vt 0.765672 0.744644
vt 0.764276 0.744906
vt 0.763141 0.745048
vt 0.764743 0.746090
vt 0.763827 0.746178
vt 0.763058 0.746239
vt 0.763938 0.747075
vt 0.763464 0.747100
vt 0.763047 0.747124
vt 0.763388 0.747523
vt 0.763225 0.747532
vt 0.763064 0.747540
vt 0.763901 0.718365
vt 0.765171 0.718114
vt 0.762650 0.718613
vt 0.761503 0.721602
vt 0.761398 0.718860
vt 0.760129 0.719111
vt 0.759780 0.721941
vt 0.762906 0.747550
vt 0.762645 0.747149
vt 0.762216 0.747180
vt 0.762750 0.747561
vt 0.762331 0.746276
vt 0.761546 0.746301
vt 0.762093 0.745079
vt 0.760954 0.744994
vt 0.761839 0.743010
vt 0.760219 0.742791
vt 0.761693 0.739632
vt 0.759511 0.739642
vt 0.761818 0.734458
vt 0.759079 0.734677
vt 0.761545 0.729887
vt 0.758472 0.730432
vt 0.761433 0.727149
vt 0.758536 0.727691
vt 0.761455 0.724375
vt 0.759114 0.724829
vt 0.768288 0.723022
vt 0.766570 0.720600
vt 0.764847 0.720942
vt 0.765945 0.723491
vt 0.763175 0.721272
vt 0.763700 0.723936
vt 0.769914 0.725459
vt 0.767016 0.726052
vt 0.764222 0.726610
vt 0.770945 0.728032
vt 0.767719 0.728717
vt 0.764592 0.729331
vt 0.770945 0.732724
vt 0.767699 0.733550
vt 0.764649 0.734129
vt 0.769505 0.738527
vt 0.766603 0.739145
vt 0.764003 0.739531
vt 0.767293 0.742198
vt 0.765146 0.742710
vt 0.763404 0.742999
vt 0.765672 0.744644
vt 0.764276 0.744906
vt 0.763141 0.745048
vt 0.764743 0.746090
vt 0.763827 0.746178
vt 0.763058 0.746239
vt 0.763938 0.747075
vt 0.763464 0.747100
vt 0.763047 0.747124
vt 0.763388 0.747523
vt 0.763225 0.747532
vt 0.763064 0.747540
vt 0.765171 0.718114
vt 0.763901 0.718365
vt 0.762650 0.718613
vt 0.761503 0.721602
vt 0.761398 0.718860
vt 0.760129 0.719111
vt 0.759780 0.721941
vt 0.762906 0.747550
vt 0.762645 0.747149
vt 0.762216 0.747180
vt 0.762750 0.747561
vt 0.762331 0.746276
vt 0.761546 0.746301
vt 0.762093 0.745079
vt 0.760954 0.744994
vt 0.761839 0.743010
vt 0.760219 0.742791
vt 0.761693 0.739632
vt 0.759511 0.739642
vt 0.761818 0.734458
vt 0.759079 0.734677
vt 0.761545 0.729887
vt 0.758472 0.730432
vt 0.761433 0.727149
vt 0.758536 0.727691
vt 0.761455 0.724375
vt 0.759114 0.724829
vt 0.768288 0.723022
vt 0.766570 0.720600
vt 0.764847 0.720942
vt 0.765945 0.723491
vt 0.763175 0.721272
vt 0.763700 0.723936
vt 0.769914 0.725459
vt 0.767016 0.726052
vt 0.764222 0.726610
vt 0.770945 0.728032
vt 0.767719 0.728717
vt 0.764592 0.729331
vt 0.770945 0.732724
vt 0.767699 0.733550
vt 0.764649 0.734129
vt 0.769505 0.738527
vt 0.766603 0.739145
vt 0.764003 0.739531
vt 0.767293 0.742198
vt 0.765146 0.742710
vt 0.763404 0.742999
vt 0.765672 0.744644
vt 0.764276 0.744906
vt 0.763141 0.745048
vt 0.764743 0.746090
vt 0.763827 0.746178
vt 0.763058 0.746239
vt 0.763938 0.747075
vt 0.763464 0.747100
vt 0.763047 0.747124
vt 0.763388 0.747523
vt 0.763225 0.747532
vt 0.763064 0.747540
vt 0.765171 0.718114
vt 0.763901 0.718365
vt 0.762650 0.718613
vt 0.761503 0.721602
vt 0.761398 0.718860
vt 0.760129 0.719111
vt 0.759780 0.721941
vt 0.762906 0.747550
vt 0.762645 0.747149
vt 0.762216 0.747180
vt 0.762750 0.747561
vt 0.762331 0.746276
vt 0.761546 0.746301
vt 0.762093 0.745079
vt 0.760954 0.744994
vt 0.761839 0.743010
vt 0.760219 0.742791
vt 0.761693 0.739632
vt 0.759511 0.739642
vt 0.761818 0.734458
vt 0.759079 0.734677
vt 0.761545 0.729887
vt 0.758472 0.730432
vt 0.761433 0.727149
vt 0.758536 0.727691
vt 0.761455 0.724375
vt 0.759114 0.724829
vt 0.768288 0.723022
vt 0.766570 0.720600
vt 0.764847 0.720942
vt 0.765945 0.723491
vt 0.763175 0.721272
vt 0.763700 0.723936
vt 0.769914 0.725459
vt 0.767016 0.726052
vt 0.764222 0.726610
vt 0.770945 0.728032
vt 0.767719 0.728717
vt 0.764592 0.729331
vt 0.770945 0.732724
vt 0.767699 0.733550
vt 0.764649 0.734129
vt 0.769505 0.738527
vt 0.766603 0.739145
vt 0.764003 0.739531
vt 0.767293 0.742198
vt 0.765146 0.742710
vt 0.763404 0.742999
vt 0.765672 0.744644
vt 0.764276 0.744906
vt 0.763141 0.745048
vt 0.764743 0.746090
vt 0.763827 0.746178
vt 0.763058 0.746239
vt 0.763938 0.747075
vt 0.763464 0.747100
vt 0.763047 0.747124
vt 0.763388 0.747523
vt 0.763225 0.747532
vt 0.763064 0.747540
vt 0.765171 0.718114
vt 0.763901 0.718365
vt 0.762650 0.718613
vt 0.761503 0.721602
vt 0.761398 0.718860
vt 0.760129 0.719111
vt 0.759780 0.721941
vt 0.762906 0.747550
vt 0.762645 0.747149
vt 0.762216 0.747180
vt 0.762750 0.747561
vt 0.762331 0.746276
vt 0.761546 0.746301
vt 0.762093 0.745079
vt 0.760954 0.744994
vt 0.761839 0.743010
vt 0.760219 0.742791
vt 0.761693 0.739632
vt 0.759511 0.739642
vt 0.761818 0.734458
vt 0.759079 0.734677
vt 0.761545 0.729887
vt 0.758472 0.730432
vt 0.761433 0.727149
vt 0.758536 0.727691
vt 0.761455 0.724375
vt 0.759114 0.724829
vt 0.768288 0.723022
vt 0.766570 0.720600
vt 0.764847 0.720942
vt 0.765945 0.723491
vt 0.763175 0.721272
vt 0.763700 0.723936
vt 0.769914 0.725459
vt 0.767016 0.726052
vt 0.764222 0.726610
vt 0.770945 0.728032
vt 0.767719 0.728717
vt 0.764592 0.729331
vt 0.770945 0.732724
vt 0.767699 0.733550
vt 0.764649 0.734129
vt 0.769505 0.738527
vt 0.766603 0.739145
vt 0.764003 0.739531
vt 0.767293 0.742198
vt 0.765146 0.742710
vt 0.763404 0.742999
vt 0.765672 0.744644
vt 0.764276 0.744906
vt 0.763141 0.745048
vt 0.764743 0.746090
vt 0.763827 0.746178
vt 0.763058 0.746239
vt 0.763938 0.747075
vt 0.763464 0.747100
vt 0.763047 0.747124
vt 0.763388 0.747523
vt 0.763225 0.747532
vt 0.763064 0.747540
vt 0.765171 0.718114
vt 0.763901 0.718365
vt 0.762650 0.718613
vt 0.761503 0.721602
vt 0.761398 0.718860
vt 0.760129 0.719111
vt 0.759780 0.721941
vt 0.762906 0.747550
vt 0.762645 0.747149
vt 0.762216 0.747180
vt 0.762750 0.747561
vt 0.762331 0.746276
vt 0.761546 0.746301
vt 0.762093 0.745079
vt 0.760954 0.744994
vt 0.761839 0.743010
vt 0.760219 0.742791
vt 0.761693 0.739632
vt 0.759511 0.739642
vt 0.761818 0.734458
vt 0.759079 0.734677
vt 0.761545 0.729887
vt 0.758472 0.730432
vt 0.761433 0.727149
vt 0.758536 0.727691
vt 0.761455 0.724375
vt 0.759114 0.724829
vt 0.768288 0.723022
vt 0.766570 0.720600
vt 0.764847 0.720942
vt 0.765945 0.723491
vt 0.763175 0.721272
vt 0.763700 0.723936
vt 0.769914 0.725459
vt 0.767016 0.726052
vt 0.764222 0.726610
vt 0.770945 0.728032
vt 0.767719 0.728717
vt 0.764592 0.729331
vt 0.770945 0.732724
vt 0.767699 0.733550
vt 0.764649 0.734129
vt 0.769505 0.738527
vt 0.766603 0.739145
vt 0.764003 0.739531
vt 0.767293 0.742198
vt 0.765146 0.742710
vt 0.763404 0.742999
vt 0.765672 0.744644
vt 0.764276 0.744906
vt 0.763141 0.745048
vt 0.764743 0.746090
vt 0.763827 0.746178
vt 0.763058 0.746239
vt 0.763938 0.747075
vt 0.763464 0.747100
vt 0.763047 0.747124
vt 0.763388 0.747523
vt 0.763225 0.747532
vt 0.763064 0.747540
vt 0.765171 0.718114
vt 0.763901 0.718365
vt 0.762650 0.718613
vt 0.761503 0.721602
vt 0.761398 0.718860
vt 0.760129 0.719111
vt 0.759780 0.721941
vt 0.762906 0.747550
vt 0.762645 0.747149
vt 0.762216 0.747180
vt 0.762750 0.747561
vt 0.762331 0.746276
vt 0.761546 0.746301
vt 0.762093 0.745079
vt 0.760954 0.744994
vt 0.761839 0.743010
vt 0.760219 0.742791
vt 0.761693 0.739632
vt 0.759511 0.739642
vt 0.761818 0.734458
vt 0.759079 0.734677
vt 0.761545 0.729887
vt 0.758472 0.730432
vt 0.761433 0.727149
vt 0.758536 0.727691
vt 0.761455 0.724375
vt 0.759114 0.724829
vt 0.768288 0.723022
vt 0.766570 0.720600
vt 0.764847 0.720942
vt 0.765945 0.723491
vt 0.763175 0.721272
vt 0.763700 0.723936
vt 0.769914 0.725459
vt 0.767016 0.726052
vt 0.764222 0.726610
vt 0.770945 0.728032
vt 0.767719 0.728717
vt 0.764592 0.729331
vt 0.770945 0.732724
vt 0.767699 0.733550
vt 0.764649 0.734129
vt 0.769505 0.738527
vt 0.766603 0.739145
vt 0.764003 0.739531
vt 0.767293 0.742198
vt 0.765146 0.742710
vt 0.763404 0.742999
vt 0.765672 0.744644
vt 0.764276 0.744906
vt 0.763141 0.745048
vt 0.764743 0.746090
vt 0.763827 0.746178
vt 0.763058 0.746239
vt 0.763938 0.747075
vt 0.763464 0.747100
vt 0.763047 0.747124
vt 0.763388 0.747523
vt 0.763225 0.747532
vt 0.763064 0.747540
vt 0.765171 0.718114
vt 0.763901 0.718365
vt 0.762650 0.718613
vt 0.761503 0.721602
vt 0.761398 0.718860
vt 0.760129 0.719111
vt 0.759780 0.721941
vt 0.762906 0.747550
vt 0.762645 0.747149
vt 0.762216 0.747180
vt 0.762750 0.747561
vt 0.762331 0.746276
vt 0.761546 0.746301
vt 0.762093 0.745079
vt 0.760954 0.744994
vt 0.761839 0.743010
vt 0.760219 0.742791
vt 0.761693 0.739632
vt 0.759511 0.739642
vt 0.761818 0.734458
vt 0.759079 0.734677
vt 0.761545 0.729887
vt 0.758472 0.730432
vt 0.761433 0.727149
vt 0.758536 0.727691
vt 0.761455 0.724375
vt 0.759114 0.724829
vt 0.768288 0.723022
vt 0.766570 0.720600
vt 0.764847 0.720942
vt 0.765945 0.723491
vt 0.763175 0.721272
vt 0.763700 0.723936
vt 0.769914 0.725459
vt 0.767016 0.726052
vt 0.764222 0.726610
vt 0.770945 0.728032
vt 0.767719 0.728717
vt 0.764592 0.729331
vt 0.770945 0.732724
vt 0.767699 0.733550
vt 0.764649 0.734129
vt 0.769505 0.738527
vt 0.766603 0.739145
vt 0.764003 0.739531
vt 0.767293 0.742198
vt 0.765146 0.742710
vt 0.763404 0.742999
vt 0.765672 0.744644
vt 0.764276 0.744906
vt 0.763141 0.745048
vt 0.764743 0.746090
vt 0.763827 0.746178
vt 0.763058 0.746239
vt 0.763938 0.747075
vt 0.763464 0.747100
vt 0.763047 0.747124
vt 0.763388 0.747523
vt 0.763225 0.747532
vt 0.763064 0.747540
vt 0.765171 0.718114
vt 0.763901 0.718365
vt 0.762650 0.718613
vn 0.2311 0.8137 -0.5334
vn 0.7966 0.5564 -0.2364
vn 0.8432 0.1912 -0.5024
vn 0.5456 0.1590 -0.8228
vn -0.2043 0.9637 0.1720
vn -0.0499 0.9493 0.3102
vn 0.1949 0.9272 0.3198
vn 0.0500 0.8877 -0.4577
vn 0.1741 0.9104 0.3753
vn -0.1560 0.9452 -0.2867
vn 0.0954 0.8805 0.4644
vn -0.3453 0.9370 -0.0522
vn 0.0957 0.8921 0.4415
vn -0.4138 0.9080 0.0659
vn 0.3227 0.9417 0.0949
vn -0.2052 0.9530 -0.2228
vn 0.6109 0.7851 -0.1018
vn 0.0923 0.8488 -0.5205
vn 0.7243 0.6796 -0.1163
vn 0.1688 0.8126 -0.5578
vn 0.7840 0.5864 -0.2036
vn 0.1878 0.8084 -0.5578
vn 0.7976 0.5417 -0.2651
vn 0.2072 0.8094 -0.5494
vn 0.0946 0.5414 -0.8354
vn 0.4950 0.8094 -0.3160
vn 0.4744 0.8137 -0.3359
vn 0.0672 0.5564 -0.8282
vn 0.3594 0.8213 -0.4429
vn 0.3583 0.8225 -0.4416
vn 0.0244 0.5850 -0.8106
vn 0.5085 0.8061 -0.3024
vn 0.3593 0.8222 -0.4414
vn -0.1282 0.6970 -0.7055
vn 0.5113 0.8023 -0.3080
vn 0.3514 0.8252 -0.4422
vn -0.2188 0.8292 -0.5143
vn 0.4911 0.8192 -0.2962
vn 0.2975 0.8656 -0.4027
vn -0.2959 0.9377 -0.1818
vn 0.3364 0.9414 -0.0256
vn 0.0576 0.9953 -0.0775
vn -0.4428 0.8639 0.2397
vn 0.1671 0.9539 0.2490
vn -0.1277 0.9714 0.1999
vn -0.4458 0.8543 0.2671
vn 0.2262 0.9615 0.1563
vn -0.0528 0.9959 0.0725
vn -0.3922 0.9097 0.1361
vn 0.3165 0.9448 -0.0844
vn 0.0898 0.9799 -0.1780
vn -0.3468 0.9368 0.0448
vn 0.3521 0.8840 -0.3074
vn 0.2041 0.9040 -0.3757
vn -0.2234 0.9521 0.2087
vn -0.0399 0.9650 0.2592
vn -0.1225 0.9676 0.2206
vn 0.6929 0.1590 -0.7033
vn 0.3180 0.1913 -0.9286
vn 0.6222 0.1584 -0.7667
vn -0.2709 0.8137 -0.5143
vn 0.3150 0.5563 -0.7689
vn 0.1368 0.1912 -0.9720
vn -0.2994 0.1590 -0.9408
vn 0.0060 0.9637 0.2670
vn 0.2105 0.9493 0.2333
vn 0.3714 0.9272 0.0485
vn -0.3254 0.8877 -0.3258
vn 0.4016 0.9104 0.0995
vn -0.3212 0.9452 -0.0580
vn 0.4217 0.8805 0.2166
vn -0.2571 0.9370 0.2364
vn 0.4041 0.8921 0.2021
vn -0.2079 0.9080 0.3638
vn 0.2762 0.9417 -0.1920
vn -0.3022 0.9530 0.0203
vn 0.3034 0.7851 -0.5399
vn -0.3478 0.8488 -0.3981
vn 0.3632 0.6796 -0.6374
vn -0.3289 0.8126 -0.4811
vn 0.3326 0.5864 -0.7385
vn -0.3170 0.8084 -0.4959
vn 0.2932 0.5417 -0.7877
vn -0.2983 0.8094 -0.5058
vn -0.5918 0.5414 -0.5972
vn 0.0639 0.8094 -0.5838
vn 0.0354 0.8137 -0.5802
vn -0.6033 0.5563 -0.5714
vn -0.1200 0.8213 -0.5577
vn -0.1196 0.8225 -0.5560
vn -0.6164 0.5850 -0.5270
vn 0.0829 0.8061 -0.5858
vn -0.1189 0.8222 -0.5566
vn -0.6302 0.6970 -0.3421
vn 0.0804 0.8023 -0.5915
vn -0.1245 0.8252 -0.5510
vn -0.5380 0.8292 -0.1516
vn 0.0768 0.8192 -0.5683
vn -0.1274 0.8656 -0.4841
vn -0.3271 0.9377 0.1167
vn 0.1908 0.9414 -0.2782
vn -0.0243 0.9953 -0.0935
vn -0.0906 0.8639 0.4953
vn 0.2987 0.9540 0.0258
vn 0.0758 0.9714 0.2247
vn -0.0711 0.8543 0.5148
vn 0.2635 0.9615 -0.0783
vn 0.0235 0.9959 0.0866
vn -0.1397 0.9097 0.3910
vn 0.1325 0.9448 -0.2995
vn -0.0824 0.9799 -0.1815
vn -0.1824 0.9368 0.2984
vn -0.0189 0.8840 -0.4670
vn -0.1649 0.9040 -0.3944
vn 0.0226 0.9521 0.3048
vn 0.1769 0.9650 0.1936
vn 0.0951 0.9676 0.2338
vn -0.1139 0.1589 -0.9807
vn -0.5244 0.1912 -0.8297
vn -0.2077 0.1584 -0.9653
vn -0.5706 0.8137 -0.1111
vn -0.4019 0.5564 -0.7273
vn -0.6718 0.1912 -0.7156
vn -0.9208 0.1590 -0.3561
vn 0.2119 0.9637 0.1626
vn 0.3137 0.9493 -0.0178
vn 0.2705 0.9272 -0.2590
vn -0.4577 0.8877 0.0495
vn 0.3291 0.9104 -0.2506
vn -0.2465 0.9452 0.2139
vn 0.4330 0.8805 -0.1929
vn 0.0231 0.9370 0.3484
vn 0.4106 0.8921 -0.1883
vn 0.1532 0.9080 0.3900
vn 0.0234 0.9417 -0.3356
vn -0.1735 0.9530 0.2482
vn -0.2306 0.7851 -0.5748
vn -0.5282 0.8488 0.0215
vn -0.2691 0.6796 -0.6824
vn -0.5810 0.8126 -0.0451
vn -0.3672 0.5864 -0.7220
vn -0.5851 0.8084 -0.0637
vn -0.4301 0.5417 -0.7221
vn -0.5811 0.8094 -0.0844
vn -0.8362 0.5414 0.0870
vn -0.4149 0.8094 -0.4156
vn -0.4299 0.8137 -0.3912
vn -0.8233 0.5563 0.1121
vn -0.5098 0.8213 -0.2560
vn -0.5082 0.8225 -0.2551
vn -0.7970 0.5850 0.1502
vn -0.4046 0.8061 -0.4317
vn -0.5083 0.8222 -0.2561
vn -0.6615 0.6970 0.2767
vn -0.4106 0.8023 -0.4333
vn -0.5074 0.8252 -0.2482
vn -0.4553 0.8292 0.3242
vn -0.3948 0.8192 -0.4160
vn -0.4572 0.8656 -0.2040
vn -0.1140 0.9377 0.3280
vn -0.0973 0.9414 -0.3230
vn -0.0881 0.9953 -0.0396
vn 0.3292 0.8639 0.3810
vn 0.2073 0.9539 -0.2167
vn 0.2227 0.9714 0.0817
vn 0.3566 0.8543 0.3780
vn 0.1040 0.9615 -0.2544
vn 0.0822 0.9959 0.0360
vn 0.2171 0.9097 0.3539
vn -0.1503 0.9448 -0.2910
vn -0.1931 0.9799 -0.0495
vn 0.1182 0.9368 0.3292
vn -0.3758 0.8840 -0.2779
vn -0.4107 0.9040 -0.1187
vn 0.2518 0.9521 0.1734
vn 0.2617 0.9650 -0.0166
vn 0.2418 0.9676 0.0723
vn -0.8357 0.1590 -0.5257
vn -0.9752 0.1912 -0.1112
vn -0.8824 0.1584 -0.4430
vn -0.4441 0.8137 0.3750
vn -0.8186 0.5564 -0.1425
vn -0.9786 0.1912 0.0751
vn -0.8545 0.1590 0.4945
vn 0.2595 0.9637 -0.0633
vn 0.1826 0.9493 -0.2557
vn -0.0324 0.9272 -0.3731
vn -0.2482 0.8877 0.3878
vn 0.0109 0.9104 -0.4136
vn 0.0123 0.9452 0.3262
vn 0.1210 0.8805 -0.4584
vn 0.2860 0.9370 0.2003
vn 0.1106 0.8921 -0.4380
vn 0.3999 0.9080 0.1250
vn -0.2468 0.9417 -0.2285
vn 0.0847 0.9530 0.2908
vn -0.5925 0.7851 -0.1804
vn -0.3142 0.8488 0.4252
vn -0.7005 0.6796 -0.2178
vn -0.3992 0.8126 0.4245
vn -0.7927 0.5864 -0.1663
vn -0.4162 0.8084 0.4161
vn -0.8323 0.5418 -0.1173
vn -0.4299 0.8094 0.4000
vn -0.4562 0.5414 0.7062
vn -0.5838 0.8094 0.0629
vn -0.5743 0.8137 0.0899
vn -0.4285 0.5564 0.7119
vn -0.5189 0.8213 0.2369
vn -0.5173 0.8225 0.2362
vn -0.3823 0.5850 0.7152
vn -0.5900 0.8061 0.0447
vn -0.5181 0.8222 0.2356
vn -0.1989 0.6970 0.6889
vn -0.5950 0.8023 0.0485
vn -0.5114 0.8252 0.2399
vn -0.0326 0.8292 0.5580
vn -0.5716 0.8192 0.0469
vn -0.4455 0.8656 0.2284
vn 0.1842 0.9377 0.2944
vn -0.3127 0.9414 -0.1266
vn -0.0861 0.9953 0.0438
vn 0.5033 0.8639 -0.0178
vn -0.0389 0.9539 -0.2973
vn 0.2032 0.9714 -0.1223
vn 0.5181 0.8543 -0.0411
vn -0.1331 0.9615 -0.2405
vn 0.0795 0.9959 -0.0415
vn 0.4118 0.9097 0.0525
vn -0.3210 0.9448 -0.0652
vn -0.1596 0.9799 0.1195
vn 0.3306 0.9368 0.1141
vn -0.4521 0.8840 0.1188
vn -0.3498 0.9040 0.2457
vn 0.2929 0.9521 -0.0876
vn 0.1510 0.9650 -0.2144
vn 0.2079 0.9676 -0.1431
vn -0.9333 0.1590 0.3218
vn -0.6977 0.1913 0.6903
vn -0.8982 0.1584 0.4101
vn 0.0140 0.8137 0.5811
vn -0.6240 0.5563 0.5487
vn -0.5547 0.1912 0.8097
vn -0.1501 0.1590 0.9758
vn 0.1133 0.9637 -0.2419
vn -0.0848 0.9493 -0.3026
vn -0.3111 0.9272 -0.2086
vn 0.1466 0.8877 0.4364
vn -0.3155 0.9104 -0.2676
vn 0.2619 0.9452 0.1948
vn -0.2814 0.8805 -0.3815
vn 0.3353 0.9370 -0.0974
vn -0.2720 0.8921 -0.3606
vn 0.3480 0.9080 -0.2334
vn -0.3327 0.9417 0.0491
vn 0.2797 0.9530 0.1162
vn -0.5119 0.7851 0.3486
vn 0.1345 0.8488 0.5112
vn -0.6087 0.6796 0.4094
vn 0.0807 0.8126 0.5771
vn -0.6263 0.5864 0.5136
vn 0.0634 0.8084 0.5851
vn -0.6129 0.5417 0.5752
vn 0.0423 0.8094 0.5857
vn 0.2645 0.5414 0.7980
vn -0.3168 0.8094 0.4945
vn -0.2897 0.8137 0.5039
vn 0.2863 0.5563 0.7801
vn -0.1405 0.8213 0.5529
vn -0.1400 0.8225 0.5512
vn 0.3178 0.5850 0.7461
vn -0.3348 0.8061 0.4878
vn -0.1410 0.8222 0.5514
vn 0.4123 0.6970 0.5867
vn -0.3350 0.8023 0.4940
vn -0.1335 0.8252 0.5488
vn 0.4144 0.8292 0.3750
vn -0.3215 0.8192 0.4749
vn -0.1011 0.8656 0.4903
vn 0.3449 0.9377 0.0409
vn -0.2946 0.9414 0.1643
vn -0.0198 0.9953 0.0945
vn 0.3014 0.8639 -0.4034
vn -0.2561 0.9539 -0.1559
vn 0.0320 0.9714 -0.2350
vn 0.2926 0.8543 -0.4295
vn -0.2709 0.9615 -0.0470
vn 0.0175 0.9959 -0.0880
vn 0.2990 0.9097 -0.2881
vn -0.2519 0.9448 0.2093
vn -0.0069 0.9799 0.1992
vn 0.2961 0.9368 -0.1862
vn -0.1907 0.8840 0.4267
vn -0.0277 0.9040 0.4266
vn 0.1152 0.9521 -0.2831
vn -0.0724 0.9650 -0.2520
vn 0.0187 0.9676 -0.2517
vn -0.3340 0.1589 0.9290
vn 0.1008 0.1912 0.9763
vn -0.2432 0.1584 0.9569
vn 0.4617 0.8137 0.3532
vn 0.0366 0.5564 0.8301
vn 0.2835 0.1912 0.9397
vn 0.6664 0.1590 0.7284
vn -0.1175 0.9637 -0.2398
vn -0.2889 0.9493 -0.1234
vn -0.3575 0.9272 0.1118
vn 0.4320 0.8877 0.1592
vn -0.4062 0.9104 0.0781
vn 0.3159 0.9452 -0.0820
vn -0.4736 0.8805 -0.0198
vn 0.1342 0.9370 -0.3224
vn -0.4516 0.8921 -0.0139
vn 0.0362 0.9080 -0.4175
vn -0.1702 0.9417 0.2901
vn 0.2658 0.9530 -0.1452
vn -0.0490 0.7851 0.6174
vn 0.4827 0.8488 0.2156
vn -0.0623 0.6796 0.7309
vn 0.5004 0.8126 0.2987
vn 0.0078 0.5864 0.8100
vn 0.4958 0.8084 0.3172
vn 0.0642 0.5417 0.8381
vn 0.4830 0.8094 0.3340
vn 0.7877 0.5415 0.2939
vn 0.1868 0.8094 0.5567
vn 0.2112 0.8137 0.5416
vn 0.7873 0.5564 0.2656
vn 0.3428 0.8213 0.4559
vn 0.3418 0.8225 0.4545
vn 0.7806 0.5850 0.2198
vn 0.1704 0.8061 0.5666
vn 0.3414 0.8222 0.4554
vn 0.7156 0.6970 0.0463
vn 0.1751 0.8023 0.5707
vn 0.3441 0.8252 0.4480
vn 0.5520 0.8292 -0.0880
vn 0.1686 0.8192 0.5482
vn 0.3188 0.8656 0.3860
vn 0.2480 0.9377 -0.2431
vn -0.0565 0.9414 0.3326
vn 0.0613 0.9953 0.0747
vn -0.1255 0.8639 -0.4877
vn -0.2820 0.9539 0.1019
vn -0.1631 0.9714 -0.1722
vn -0.1513 0.8543 -0.4971
vn -0.2063 0.9615 0.1816
vn -0.0576 0.9959 -0.0688
vn -0.0371 0.9097 -0.4135
vn 0.0053 0.9448 0.3275
vn 0.1509 0.9799 0.1302
vn 0.0404 0.9368 -0.3474
vn 0.2130 0.8840 0.4161
vn 0.3151 0.9040 0.2889
vn -0.1485 0.9521 -0.2672
vn -0.2418 0.9650 -0.1015
vn -0.1844 0.9676 -0.1723
vn 0.5148 0.1589 0.8424
vn 0.8241 0.1912 0.5332
vn 0.5934 0.1584 0.7891
vn 0.5646 0.8137 -0.1384
vn 0.6699 0.5564 0.4916
vn 0.9100 0.1913 0.3678
vn 0.9853 0.1590 -0.0629
vn -0.2606 0.9637 -0.0586
vn -0.2772 0.9493 0.1478
vn -0.1369 0.9272 0.3486
vn 0.3948 0.8877 -0.2369
vn -0.1936 0.9104 0.3656
vn 0.1340 0.9452 -0.2976
vn -0.3122 0.8805 0.3568
vn -0.1671 0.9370 -0.3066
vn -0.2938 0.8921 0.3432
vn -0.3027 0.9080 -0.2898
vn 0.1194 0.9417 0.3144
vn 0.0534 0.9530 -0.2981
vn 0.4505 0.7851 0.4250
vn 0.4704 0.8488 -0.2411
vn 0.5306 0.6796 0.5066
vn 0.5463 0.8126 -0.2027
vn 0.6361 0.5864 0.5014
vn 0.5578 0.8084 -0.1876
vn 0.6934 0.5417 0.4751
vn 0.5629 0.8094 -0.1671
vn 0.7226 0.5414 -0.4297
vn 0.5510 0.8094 0.2032
vn 0.5544 0.8137 0.1747
vn 0.7004 0.5563 -0.4472
vn 0.5701 0.8213 0.0185
vn 0.5684 0.8225 0.0184
vn 0.6605 0.5850 -0.4706
vn 0.5484 0.8061 0.2222
vn 0.5688 0.8222 0.0193
vn 0.4844 0.6970 -0.5287
vn 0.5545 0.8023 0.2211
vn 0.5647 0.8252 0.0125
vn 0.2773 0.8292 -0.4853
vn 0.5329 0.8192 0.2121
vn 0.5006 0.8656 -0.0065
vn -0.0341 0.9377 -0.3456
vn 0.2238 0.9414 0.2524
vn 0.0966 0.9953 -0.0009
vn -0.4587 0.8639 -0.2078
vn -0.0973 0.9539 0.2836
vn -0.2364 0.9714 0.0192
vn -0.4823 0.8543 -0.1935
vn 0.0123 0.9615 0.2746
vn -0.0897 0.9959 0.0018
vn -0.3455 0.9097 -0.2301
vn 0.2585 0.9448 0.2011
vn 0.1961 0.9799 -0.0360
vn -0.2454 0.9368 -0.2492
vn 0.4577 0.8840 0.0946
vn 0.4226 0.9040 -0.0645
vn -0.3013 0.9521 -0.0518
vn -0.2306 0.9650 0.1248
vn -0.2499 0.9676 0.0357
vn 0.9791 0.1590 0.1267
vn 0.9319 0.1913 -0.3081
vn 0.9868 0.1584 0.0320
vn -0.2314 -0.8137 0.5332
vn 0.1833 -0.9806 -0.0696
vn 0.6171 -0.7691 0.1663
vn 0.5492 -0.5990 0.5827
vn -0.4197 -0.2546 0.8712
vn -0.0480 -0.8885 0.4563
vn 0.2998 -0.2940 0.9076
vn -0.1421 -0.1291 0.9814
vn 0.1554 -0.9458 0.2851
vn 0.5755 -0.3598 0.7344
vn 0.3433 -0.9378 0.0516
vn 0.7615 -0.3518 0.5443
vn 0.4134 -0.9079 -0.0688
vn 0.8293 -0.2814 0.4827
vn 0.2044 -0.9534 0.2218
vn 0.7768 -0.2087 0.5941
vn -0.0942 -0.8481 0.5213
vn 0.5981 -0.3632 0.7143
vn -0.1693 -0.8126 0.5576
vn 0.5817 -0.4173 0.6982
vn -0.1882 -0.8085 0.5576
vn 0.6101 -0.5090 0.6071
vn -0.2076 -0.8094 0.5493
vn 0.5930 -0.5819 0.5564
vn -0.6668 -0.5821 -0.4652
vn -0.6833 -0.5990 -0.4175
vn -0.4742 -0.8137 0.3362
vn -0.4947 -0.8094 0.3163
vn -0.3584 -0.8225 0.4417
vn -0.3595 -0.8212 0.4430
vn -0.7289 -0.5029 -0.4644
vn -0.5083 -0.8062 0.3027
vn -0.3593 -0.8221 0.4415
vn -0.8648 -0.3561 -0.3540
vn -0.5111 -0.8023 0.3083
vn -0.3515 -0.8251 0.4423
vn -0.9568 -0.2469 -0.1531
vn -0.4905 -0.8190 0.2976
vn -0.2980 -0.8648 0.4041
vn -0.9830 -0.1824 -0.0189
vn -0.3363 -0.9414 0.0251
vn -0.0586 -0.9953 0.0775
vn -0.9096 -0.4108 -0.0622
vn -0.1653 -0.9538 -0.2509
vn 0.1286 -0.9709 -0.2016
vn -0.8863 -0.4602 -0.0512
vn -0.2243 -0.9620 -0.1553
vn 0.0534 -0.9959 -0.0723
vn -0.9125 -0.3946 0.1075
vn -0.3142 -0.9456 0.0841
vn -0.0880 -0.9803 0.1767
vn -0.8966 -0.2980 0.3274
vn -0.3510 -0.8851 0.3056
vn -0.2015 -0.9057 0.3730
vn -0.7350 -0.1333 0.6648
vn -0.5107 -0.2514 0.8221
vn -0.4657 -0.2644 0.8445
vn -0.2898 -0.7691 -0.5696
vn 0.0303 -0.9806 -0.1937
vn 0.1012 -0.9870 -0.1246
vn 0.2706 -0.8137 0.5145
vn 0.0606 -0.9806 -0.1864
vn 0.5163 -0.7691 -0.3767
vn 0.7982 -0.5990 -0.0629
vn 0.4159 -0.2547 0.8730
vn 0.3256 -0.8885 0.3233
vn 0.8951 -0.2939 0.3351
vn 0.6757 -0.1290 0.7257
vn 0.3195 -0.9458 0.0575
vn 0.9329 -0.3599 0.0117
vn 0.2554 -0.9378 -0.2352
vn 0.9014 -0.3519 -0.2524
vn 0.2054 -0.9079 -0.3653
vn 0.8959 -0.2814 -0.3438
vn 0.3009 -0.9534 -0.0203
vn 0.9498 -0.2087 -0.2331
vn 0.3472 -0.8481 0.4001
vn 0.9315 -0.3633 -0.0185
vn 0.3285 -0.8126 0.4813
vn 0.9086 -0.4173 -0.0158
vn 0.3166 -0.8085 0.4961
vn 0.8555 -0.5090 -0.0951
vn 0.2980 -0.8094 0.5060
vn 0.8053 -0.5819 -0.1135
vn -0.7804 -0.5822 0.2281
vn -0.7534 -0.5990 0.2709
vn -0.0351 -0.8137 0.5802
vn -0.0634 -0.8094 0.5838
vn 0.1196 -0.8225 0.5560
vn 0.1200 -0.8212 0.5578
vn -0.8187 -0.5030 0.2771
vn -0.0825 -0.8062 0.5858
vn 0.1189 -0.8221 0.5567
vn -0.8178 -0.3561 0.4521
vn -0.0800 -0.8023 0.5915
vn 0.1245 -0.8251 0.5511
vn -0.7188 -0.2469 0.6498
vn -0.0754 -0.8190 0.5687
vn 0.1281 -0.8648 0.4855
vn -0.6307 -0.1824 0.7543
vn -0.1911 -0.9414 0.2778
vn 0.0236 -0.9953 0.0942
vn -0.6184 -0.4108 0.6699
vn -0.2991 -0.9538 -0.0284
vn -0.0765 -0.9709 -0.2266
vn -0.5953 -0.4602 0.6587
vn -0.2616 -0.9620 0.0775
vn -0.0228 -0.9959 -0.0869
vn -0.4880 -0.3946 0.7785
vn -0.1313 -0.9456 0.2975
vn 0.0826 -0.9803 0.1793
vn -0.3066 -0.2980 0.9040
vn 0.0183 -0.8851 0.4650
vn 0.1644 -0.9057 0.3908
vn 0.0575 -0.1334 0.9894
vn 0.3207 -0.2514 0.9132
vn 0.3663 -0.2644 0.8921
vn -0.6255 -0.7691 -0.1310
vn -0.1319 -0.9806 -0.1450
vn -0.0338 -0.9870 -0.1570
vn 0.5705 -0.8137 0.1115
vn -0.1073 -0.9806 -0.1641
vn 0.0299 -0.7691 -0.6384
vn 0.4511 -0.5990 -0.6615
vn 0.9410 -0.2547 0.2229
vn 0.4560 -0.8885 -0.0511
vn 0.8220 -0.2939 -0.4877
vn 0.9890 -0.1290 -0.0719
vn 0.2451 -0.9458 -0.2130
vn 0.5936 -0.3598 -0.7197
vn -0.0233 -0.9378 -0.3464
vn 0.3681 -0.3518 -0.8606
vn -0.1560 -0.9079 -0.3890
vn 0.2934 -0.2814 -0.9136
vn 0.1727 -0.9534 -0.2472
vn 0.4135 -0.2087 -0.8863
vn 0.5294 -0.8481 -0.0199
vn 0.5692 -0.3633 -0.7375
vn 0.5809 -0.8126 0.0456
vn 0.5570 -0.4173 -0.7180
vn 0.5850 -0.8085 0.0641
vn 0.4620 -0.5090 -0.7263
vn 0.5810 -0.8094 0.0848
vn 0.4162 -0.5819 -0.6987
vn -0.3112 -0.5822 0.7511
vn -0.2610 -0.5990 0.7570
vn 0.4302 -0.8137 0.3909
vn 0.4152 -0.8094 0.4153
vn 0.5083 -0.8225 0.2552
vn 0.5099 -0.8212 0.2560
vn -0.2970 -0.5030 0.8116
vn 0.4048 -0.8062 0.4314
vn 0.5083 -0.8221 0.2561
vn -0.1601 -0.3561 0.9206
vn 0.4108 -0.8023 0.4329
vn 0.5075 -0.8251 0.2483
vn 0.0559 -0.2469 0.9674
vn 0.3960 -0.8190 0.4151
vn 0.4587 -0.8648 0.2043
vn 0.1926 -0.1824 0.9641
vn 0.0967 -0.9414 0.3231
vn 0.0882 -0.9953 0.0406
vn 0.1346 -0.4108 0.9017
vn -0.2095 -0.9538 0.2153
vn -0.2246 -0.9709 -0.0823
vn 0.1403 -0.4602 0.8766
vn -0.1035 -0.9620 0.2524
vn -0.0821 -0.9959 -0.0367
vn 0.3009 -0.3946 0.8681
vn 0.1496 -0.9456 0.2888
vn 0.1915 -0.9803 0.0480
vn 0.5123 -0.2980 0.8054
vn 0.3739 -0.8851 0.2772
vn 0.4075 -0.9057 0.1167
vn 0.8071 -0.1333 0.5752
vn 0.9126 -0.2514 0.3223
vn 0.9248 -0.2644 0.2735
vn -0.4941 -0.7691 0.4053
vn -0.1957 -0.9806 0.0120
vn -0.1435 -0.9870 -0.0720
vn 0.4443 -0.8137 -0.3747
vn -0.1951 -0.9806 -0.0192
vn -0.4788 -0.7691 -0.4233
vn -0.2329 -0.5990 -0.7661
vn 0.7633 -0.2546 -0.5937
vn 0.2459 -0.8885 -0.3874
vn 0.1350 -0.2940 -0.9462
vn 0.5636 -0.1290 -0.8159
vn -0.0124 -0.9458 -0.3244
vn -0.1889 -0.3599 -0.9137
vn -0.2846 -0.9378 -0.1989
vn -0.4401 -0.3519 -0.8261
vn -0.4009 -0.9079 -0.1222
vn -0.5282 -0.2814 -0.8011
vn -0.0844 -0.9534 -0.2895
vn -0.4316 -0.2087 -0.8776
vn 0.3162 -0.8481 -0.4251
vn -0.2181 -0.3633 -0.9058
vn 0.3995 -0.8126 -0.4241
vn -0.2105 -0.4173 -0.8840
vn 0.4165 -0.8085 -0.4157
vn -0.2765 -0.5090 -0.8151
vn 0.4302 -0.8094 -0.3996
vn -0.2837 -0.5819 -0.7621
vn 0.3904 -0.5821 0.7132
vn 0.4264 -0.5990 0.6777
vn 0.5742 -0.8137 -0.0903
vn 0.5838 -0.8094 -0.0634
vn 0.5174 -0.8225 -0.2362
vn 0.5190 -0.8212 -0.2370
vn 0.4464 -0.5030 0.7400
vn 0.5899 -0.8062 -0.0452
vn 0.5181 -0.8221 -0.2357
vn 0.6172 -0.3561 0.7016
vn 0.5948 -0.8023 -0.0489
vn 0.5115 -0.8251 -0.2399
vn 0.7890 -0.2469 0.5625
vn 0.5717 -0.8190 -0.0485
vn 0.4466 -0.8648 -0.2294
vn 0.8721 -0.1824 0.4540
vn 0.3124 -0.9414 0.1270
vn 0.0869 -0.9953 -0.0433
vn 0.7870 -0.4108 0.4601
vn 0.0365 -0.9538 0.2982
vn -0.2049 -0.9709 0.1234
vn 0.7711 -0.4602 0.4399
vn 0.1318 -0.9620 0.2389
vn -0.0800 -0.9959 0.0410
vn 0.8651 -0.3946 0.3094
vn 0.3188 -0.9456 0.0644
vn 0.1574 -0.9803 -0.1191
vn 0.9487 -0.2979 0.1054
vn 0.4503 -0.8851 -0.1177
vn 0.3463 -0.9057 -0.2445
vn 0.9540 -0.1333 -0.2686
vn 0.8230 -0.2514 -0.5093
vn 0.7926 -0.2644 -0.5494
vn 0.0063 -0.7691 0.6391
vn -0.1133 -0.9806 0.1600
vn -0.1460 -0.9870 0.0667
vn -0.0136 -0.8137 -0.5811
vn -0.1372 -0.9806 0.1400
vn -0.6299 -0.7691 0.1078
vn -0.7429 -0.5990 -0.2986
vn 0.0156 -0.2546 -0.9669
vn -0.1478 -0.8885 -0.4344
vn -0.6528 -0.2940 -0.6981
vn -0.2826 -0.1291 -0.9505
vn -0.2606 -0.9458 -0.1936
vn -0.8304 -0.3599 -0.4252
vn -0.3333 -0.9378 0.0971
vn -0.9196 -0.3518 -0.1747
vn -0.3464 -0.9079 0.2359
vn -0.9553 -0.2814 -0.0904
vn -0.2785 -0.9534 -0.1156
vn -0.9543 -0.2087 -0.2135
vn -0.1331 -0.8481 -0.5127
vn -0.8426 -0.3632 -0.3976
vn -0.0802 -0.8126 -0.5772
vn -0.8209 -0.4173 -0.3898
vn -0.0630 -0.8085 -0.5851
vn -0.8085 -0.5090 -0.2952
vn -0.0419 -0.8094 -0.5857
vn -0.7717 -0.5819 -0.2564
vn 0.8004 -0.5821 0.1426
vn 0.7953 -0.5990 0.0923
vn 0.2894 -0.8137 -0.5041
vn 0.3164 -0.8094 -0.4947
vn 0.1401 -0.8224 -0.5513
vn 0.1405 -0.8212 -0.5530
vn 0.8565 -0.5029 0.1158
vn 0.3344 -0.8062 -0.4880
vn 0.1410 -0.8221 -0.5515
vn 0.9335 -0.3560 -0.0414
vn 0.3346 -0.8023 -0.4942
vn 0.1335 -0.8251 -0.5489
vn 0.9328 -0.2469 -0.2624
vn 0.3204 -0.8190 -0.4759
vn 0.1010 -0.8648 -0.4918
vn 0.9003 -0.1824 -0.3952
vn 0.2947 -0.9414 -0.1639
vn 0.0207 -0.9953 -0.0949
vn 0.8518 -0.4108 -0.3251
vn 0.2553 -0.9538 0.1584
vn -0.0322 -0.9709 0.2370
vn 0.8260 -0.4602 -0.3253
vn 0.2688 -0.9620 0.0469
vn -0.0182 -0.9959 0.0880
vn 0.7833 -0.3946 -0.4803
vn 0.2499 -0.9456 -0.2081
vn 0.0057 -0.9803 -0.1973
vn 0.6766 -0.2980 -0.6733
vn 0.1904 -0.8851 -0.4246
vn 0.0265 -0.9057 -0.4231
vn 0.3884 -0.1333 -0.9117
vn 0.1188 -0.2514 -0.9605
vn 0.0685 -0.2644 -0.9619
vn 0.5020 -0.7691 0.3955
vn 0.0537 -0.9806 0.1885
vn -0.0395 -0.9870 0.1556
vn -0.4614 -0.8137 -0.3535
vn 0.0232 -0.9806 0.1947
vn -0.3107 -0.7691 0.5585
vn -0.6982 -0.5990 0.3919
vn -0.7437 -0.2546 -0.6180
vn -0.4312 -0.8885 -0.1570
vn -0.9532 -0.2939 0.0713
vn -0.9178 -0.1290 -0.3753
vn -0.3142 -0.9458 0.0818
vn -0.8518 -0.3598 0.3807
vn -0.1332 -0.9378 0.3206
vn -0.7124 -0.3518 0.6072
vn -0.0332 -0.9079 0.4178
vn -0.6690 -0.2814 0.6879
vn -0.2646 -0.9534 0.1446
vn -0.7644 -0.2087 0.6100
vn -0.4830 -0.8481 -0.2175
vn -0.8378 -0.3632 0.4075
vn -0.5001 -0.8126 -0.2991
vn -0.8182 -0.4173 0.3955
vn -0.4955 -0.8085 -0.3175
vn -0.7367 -0.5090 0.4451
vn -0.4827 -0.8094 -0.3343
vn -0.6834 -0.5819 0.4407
vn 0.6128 -0.5821 -0.5344
vn 0.5704 -0.5990 -0.5620
vn -0.2115 -0.8137 -0.5414
vn -0.1872 -0.8094 -0.5566
vn -0.3418 -0.8225 -0.4546
vn -0.3429 -0.8212 -0.4560
vn 0.6269 -0.5029 -0.5949
vn -0.1708 -0.8062 -0.5664
vn -0.3414 -0.8221 -0.4555
vn 0.5527 -0.3561 -0.7534
vn -0.1755 -0.8023 -0.5705
vn -0.3442 -0.8251 -0.4480
vn 0.3800 -0.2469 -0.8914
vn -0.1701 -0.8190 -0.5479
vn -0.3200 -0.8648 -0.3869
vn 0.2561 -0.1824 -0.9492
vn 0.0570 -0.9414 -0.3324
vn -0.0610 -0.9953 -0.0756
vn 0.2804 -0.4109 -0.8675
vn 0.2834 -0.9538 -0.0997
vn 0.1645 -0.9709 0.1736
vn 0.2641 -0.4602 -0.8476
vn 0.2050 -0.9620 -0.1801
vn 0.0572 -0.9959 0.0693
vn 0.1164 -0.3946 -0.9114
vn -0.0056 -0.9456 -0.3251
vn -0.1502 -0.9803 -0.1281
vn -0.1008 -0.2980 -0.9492
vn -0.2116 -0.8851 -0.4145
vn -0.3132 -0.9057 -0.2858
vn -0.4671 -0.1333 -0.8741
vn -0.6741 -0.2514 -0.6945
vn -0.7067 -0.2644 -0.6562
vn 0.6228 -0.7691 -0.1434
vn 0.1806 -0.9806 0.0763
vn 0.0965 -0.9870 0.1283
vn -0.5647 -0.8137 0.1381
vn 0.1662 -0.9806 0.1039
vn 0.2406 -0.7691 0.5921
vn -0.1321 -0.5990 0.7897
vn -0.9477 -0.2546 0.1924
vn -0.3925 -0.8885 0.2377
vn -0.5417 -0.2939 0.7875
vn -0.8676 -0.1290 0.4801
vn -0.1331 -0.9458 0.2961
vn -0.2370 -0.3599 0.9024
vn 0.1664 -0.9378 0.3047
vn 0.0269 -0.3518 0.9356
vn 0.3048 -0.9079 0.2877
vn 0.1169 -0.2814 0.9524
vn -0.0531 -0.9534 0.2969
vn -0.0036 -0.2087 0.9779
vn -0.4722 -0.8481 0.2402
vn -0.2074 -0.3633 0.9083
vn -0.5465 -0.8126 0.2023
vn -0.2045 -0.4173 0.8854
vn -0.5579 -0.8085 0.1871
vn -0.1147 -0.5090 0.8531
vn -0.5630 -0.8094 0.1667
vn -0.0847 -0.5819 0.8088
vn -0.0325 -0.5822 -0.8124
vn -0.0806 -0.5990 -0.7966
vn -0.5545 -0.8137 -0.1744
vn -0.5511 -0.8094 -0.2028
vn -0.5685 -0.8225 -0.0184
vn -0.5703 -0.8212 -0.0185
vn -0.0708 -0.5030 -0.8614
vn -0.5484 -0.8062 -0.2218
vn -0.5689 -0.8222 -0.0193
vn -0.2409 -0.3561 -0.9029
vn -0.5546 -0.8023 -0.2206
vn -0.5648 -0.8251 -0.0125
vn -0.4566 -0.2469 -0.8547
vn -0.5336 -0.8190 -0.2107
vn -0.5021 -0.8648 0.0069
vn -0.5793 -0.1824 -0.7944
vn -0.2233 -0.9414 -0.2527
vn -0.0971 -0.9953 0.0001
vn -0.5004 -0.4108 -0.7621
vn 0.0999 -0.9538 -0.2834
vn 0.2384 -0.9709 -0.0194
vn -0.4951 -0.4602 -0.7369
vn -0.0118 -0.9620 -0.2726
vn 0.0899 -0.9959 -0.0011
vn -0.6373 -0.3946 -0.6618
vn -0.2569 -0.9456 -0.1994
vn -0.1939 -0.9803 0.0367
vn -0.8029 -0.2980 -0.5163
vn -0.4556 -0.8851 -0.0948
vn -0.4189 -0.9057 0.0650
vn -0.9739 -0.1334 -0.1836
vn -0.9637 -0.2514 0.0902
vn -0.9542 -0.2644 0.1397
vn 0.2785 -0.7691 -0.5752
vn 0.1727 -0.9806 -0.0929
vn 0.1605 -0.9870 0.0052
usemtl material.baked
s 1
f 58/1/1 14/2/2 1/3/3 25/4/4
f 30/5/5 3/6/6 5/7/7 31/8/8
f 31/8/8 5/7/7 6/9/9 34/10/10
f 34/10/10 6/9/9 7/11/11 37/12/12
f 37/12/12 7/11/11 8/13/13 40/14/14
f 40/14/14 8/13/13 9/15/15 43/16/16
f 43/16/16 9/15/15 10/17/17 46/18/18
f 46/18/18 10/17/17 11/19/19 49/20/20
f 49/20/20 11/19/19 12/21/21 52/22/22
f 52/22/22 12/21/21 13/23/23 55/24/24
f 55/24/24 13/23/23 14/2/2 58/1/1
f 16/25/25 57/26/26 60/27/27 15/28/28
f 57/26/26 56/29/29 59/30/30 60/27/27
f 56/29/29 55/24/24 58/1/1 59/30/30
f 17/31/31 54/32/32 57/26/26 16/25/25
f 54/32/32 53/33/33 56/29/29 57/26/26
f 53/33/33 52/22/22 55/24/24 56/29/29
f 18/34/34 51/35/35 54/32/32 17/31/31
f 51/35/35 50/36/36 53/33/33 54/32/32
f 50/36/36 49/20/20 52/22/22 53/33/33
f 19/37/37 48/38/38 51/35/35 18/34/34
f 48/38/38 47/39/39 50/36/36 51/35/35
f 47/39/39 46/18/18 49/20/20 50/36/36
f 20/40/40 45/41/41 48/38/38 19/37/37
f 45/41/41 44/42/42 47/39/39 48/38/38
f 44/42/42 43/16/16 46/18/18 47/39/39
f 21/43/43 42/44/44 45/41/41 20/40/40
f 42/44/44 41/45/45 44/42/42 45/41/41
f 41/45/45 40/14/14 43/16/16 44/42/42
f 22/46/46 39/47/47 42/44/44 21/43/43
f 39/47/47 38/48/48 41/45/45 42/44/44
f 38/48/48 37/12/12 40/14/14 41/45/45
f 23/49/49 36/50/50 39/47/47 22/46/46
f 36/50/50 35/51/51 38/48/48 39/47/47
f 35/51/51 34/10/10 37/12/12 38/48/48
f 24/52/52 33/53/53 36/50/50 23/49/49
f 33/53/53 32/54/54 35/51/51 36/50/50
f 32/54/54 31/8/8 34/10/10 35/51/51
f 4/55/55 28/56/56 33/53/53 24/52/52
f 28/56/56 29/57/57 32/54/54 33/53/53
f 29/57/57 30/5/5 31/8/8 32/54/54
f 15/28/28 60/27/27 27/58/58 2/59/59
f 60/27/27 59/30/30 26/60/60 27/58/58
f 59/30/30 58/1/1 25/4/4 26/60/60
f 118/61/61 74/62/62 61/63/63 85/64/64
f 90/65/65 63/66/66 65/67/67 91/68/68
f 91/68/68 65/67/67 66/69/69 94/70/70
f 94/70/70 66/69/69 67/71/71 97/72/72
f 97/72/72 67/71/71 68/73/73 100/74/74
f 100/74/74 68/73/73 69/75/75 103/76/76
f 103/76/76 69/75/75 70/77/77 106/78/78
f 106/78/78 70/77/77 71/79/79 109/80/80
f 109/80/80 71/79/79 72/81/81 112/82/82
f 112/82/82 72/81/81 73/83/83 115/84/84
f 115/84/84 73/83/83 74/62/62 118/61/61
f 76/85/85 117/86/86 120/87/87 75/88/88
f 117/86/86 116/89/89 119/90/90 120/87/87
f 116/89/89 115/84/84 118/61/61 119/90/90
f 77/91/91 114/92/92 117/86/86 76/85/85
f 114/92/92 113/93/93 116/89/89 117/86/86
f 113/93/93 112/82/82 115/84/84 116/89/89
f 78/94/94 111/95/95 114/92/92 77/91/91
f 111/95/95 110/96/96 113/93/93 114/92/92
f 110/96/96 109/80/80 112/82/82 113/93/93
f 79/97/97 108/98/98 111/95/95 78/94/94
f 108/98/98 107/99/99 110/96/96 111/95/95
f 107/99/99 106/78/78 109/80/80 110/96/96
f 80/100/100 105/101/101 108/98/98 79/97/97
f 105/101/101 104/102/102 107/99/99 108/98/98
f 104/102/102 103/76/76 106/78/78 107/99/99
f 81/103/103 102/104/104 105/101/101 80/100/100
f 102/104/104 101/105/105 104/102/102 105/101/101
f 101/105/105 100/74/74 103/76/76 104/102/102
f 82/106/106 99/107/107 102/104/104 81/103/103
f 99/107/107 98/108/108 101/105/105 102/104/104
f 98/108/108 97/72/72 100/74/74 101/105/105
f 83/109/109 96/110/110 99/107/107 82/106/106
f 96/110/110 95/111/111 98/108/108 99/107/107
f 95/111/111 94/70/70 97/72/72 98/108/108
f 84/112/112 93/113/113 96/110/110 83/109/109
f 93/113/113 92/114/114 95/111/111 96/110/110
f 92/114/114 91/68/68 94/70/70 95/111/111
f 64/115/115 88/116/116 93/113/113 84/112/112
f 88/116/116 89/117/117 92/114/114 93/113/113
f 89/117/117 90/65/65 91/68/68 92/114/114
f 75/88/88 120/87/87 87/118/118 62/119/119
f 120/87/87 119/90/90 86/120/120 87/118/118
f 119/90/90 118/61/61 85/64/64 86/120/120
f 178/121/121 134/122/122 121/123/123 145/124/124
f 150/125/125 123/126/126 125/127/127 151/128/128
f 151/128/128 125/127/127 126/129/129 154/130/130
f 154/130/130 126/129/129 127/131/131 157/132/132
f 157/132/132 127/131/131 128/133/133 160/134/134
f 160/134/134 128/133/133 129/135/135 163/136/136
f 163/136/136 129/135/135 130/137/137 166/138/138
f 166/138/138 130/137/137 131/139/139 169/140/140
f 169/140/140 131/139/139 132/141/141 172/142/142
f 172/142/142 132/141/141 133/143/143 175/144/144
f 175/144/144 133/143/143 134/122/122 178/121/121
f 136/145/145 177/146/146 180/147/147 135/148/148
f 177/146/146 176/149/149 179/150/150 180/147/147
f 176/149/149 175/144/144 178/121/121 179/150/150
f 137/151/151 174/152/152 177/146/146 136/145/145
f 174/152/152 173/153/153 176/149/149 177/146/146
f 173/153/153 172/142/142 175/144/144 176/149/149
f 138/154/154 171/155/155 174/152/152 137/151/151
f 171/155/155 170/156/156 173/153/153 174/152/152
f 170/156/156 169/140/140 172/142/142 173/153/153
f 139/157/157 168/158/158 171/155/155 138/154/154
f 168/158/158 167/159/159 170/156/156 171/155/155
f 167/159/159 166/138/138 169/140/140 170/156/156
f 140/160/160 165/161/161 168/158/158 139/157/157
f 165/161/161 164/162/162 167/159/159 168/158/158
f 164/162/162 163/136/136 166/138/138 167/159/159
f 141/163/163 162/164/164 165/161/161 140/160/160
f 162/164/164 161/165/165 164/162/162 165/161/161
f 161/165/165 160/134/134 163/136/136 164/162/162
f 142/166/166 159/167/167 162/164/164 141/163/163
f 159/167/167 158/168/168 161/165/165 162/164/164
f 158/168/168 157/132/132 160/134/134 161/165/165
f 143/169/169 156/170/170 159/167/167 142/166/166
f 156/170/170 155/171/171 158/168/168 159/167/167
f 155/171/171 154/130/130 157/132/132 158/168/168
f 144/172/172 153/173/173 156/170/170 143/169/169
f 153/173/173 152/174/174 155/171/171 156/170/170
f 152/174/174 151/128/128 154/130/130 155/171/171
f 124/175/175 148/176/176 153/173/173 144/172/172
f 148/176/176 149/177/177 152/174/174 153/173/173
f 149/177/177 150/125/125 151/128/128 152/174/174
f 135/148/148 180/147/147 147/178/178 122/179/179
f 180/147/147 179/150/150 146/180/180 147/178/178
f 179/150/150 178/121/121 145/124/124 146/180/180
f 238/181/181 194/182/182 181/183/183 205/184/184
f 210/185/185 183/186/186 185/187/187 211/188/188
f 211/188/188 185/187/187 186/189/189 214/190/190
f 214/190/190 186/189/189 187/191/191 217/192/192
f 217/192/192 187/191/191 188/193/193 220/194/194
f 220/194/194 188/193/193 189/195/195 223/196/196
f 223/196/196 189/195/195 190/197/197 226/198/198
f 226/198/198 190/197/197 191/199/199 229/200/200
f 229/200/200 191/199/199 192/201/201 232/202/202
f 232/202/202 192/201/201 193/203/203 235/204/204
f 235/204/204 193/203/203 194/182/182 238/181/181
f 196/205/205 237/206/206 240/207/207 195/208/208
f 237/206/206 236/209/209 239/210/210 240/207/207
f 236/209/209 235/204/204 238/181/181 239/210/210
f 197/211/211 234/212/212 237/206/206 196/205/205
f 234/212/212 233/213/213 236/209/209 237/206/206
f 233/213/213 232/202/202 235/204/204 236/209/209
f 198/214/214 231/215/215 234/212/212 197/211/211
f 231/215/215 230/216/216 233/213/213 234/212/212
f 230/216/216 229/200/200 232/202/202 233/213/213
f 199/217/217 228/218/218 231/215/215 198/214/214
f 228/218/218 227/219/219 230/216/216 231/215/215
f 227/219/219 226/198/198 229/200/200 230/216/216
f 200/220/220 225/221/221 228/218/218 199/217/217
f 225/221/221 224/222/222 227/219/219 228/218/218
f 224/222/222 223/196/196 226/198/198 227/219/219
f 201/223/223 222/224/224 225/221/221 200/220/220
f 222/224/224 221/225/225 224/222/222 225/221/221
f 221/225/225 220/194/194 223/196/196 224/222/222
f 202/226/226 219/227/227 222/224/224 201/223/223
f 219/227/227 218/228/228 221/225/225 222/224/224
f 218/228/228 217/192/192 220/194/194 221/225/225
f 203/229/229 216/230/230 219/227/227 202/226/226
f 216/230/230 215/231/231 218/228/228 219/227/227
f 215/231/231 214/190/190 217/192/192 218/228/228
f 204/232/232 213/233/233 216/230/230 203/229/229
f 213/233/233 212/234/234 215/231/231 216/230/230
f 212/234/234 211/188/188 214/190/190 215/231/231
f 184/235/235 208/236/236 213/233/233 204/232/232
f 208/236/236 209/237/237 212/234/234 213/233/233
f 209/237/237 210/185/185 211/188/188 212/234/234
f 195/208/208 240/207/207 207/238/238 182/239/239
f 240/207/207 239/210/210 206/240/240 207/238/238
f 239/210/210 238/181/181 205/184/184 206/240/240
f 298/241/241 254/242/242 241/243/243 265/244/244
f 270/245/245 243/246/246 245/247/247 271/248/248
f 271/248/248 245/247/247 246/249/249 274/250/250
f 274/250/250 246/249/249 247/251/251 277/252/252
f 277/252/252 247/251/251 248/253/253 280/254/254
f 280/254/254 248/253/253 249/255/255 283/256/256
f 283/256/256 249/255/255 250/257/257 286/258/258
f 286/258/258 250/257/257 251/259/259 289/260/260
f 289/260/260 251/259/259 252/261/261 292/262/262
f 292/262/262 252/261/261 253/263/263 295/264/264
f 295/264/264 253/263/263 254/242/242 298/241/241
f 256/265/265 297/266/266 300/267/267 255/268/268
f 297/266/266 296/269/269 299/270/270 300/267/267
f 296/269/269 295/264/264 298/241/241 299/270/270
f 257/271/271 294/272/272 297/266/266 256/265/265
f 294/272/272 293/273/273 296/269/269 297/266/266
f 293/273/273 292/262/262 295/264/264 296/269/269
f 258/274/274 291/275/275 294/272/272 257/271/271
f 291/275/275 290/276/276 293/273/273 294/272/272
f 290/276/276 289/260/260 292/262/262 293/273/273
f 259/277/277 288/278/278 291/275/275 258/274/274
f 288/278/278 287/279/279 290/276/276 291/275/275
f 287/279/279 286/258/258 289/260/260 290/276/276
f 260/280/280 285/281/281 288/278/278 259/277/277
f 285/281/281 284/282/282 287/279/279 288/278/278
f 284/282/282 283/256/256 286/258/258 287/279/279
f 261/283/283 282/284/284 285/281/281 260/280/280
f 282/284/284 281/285/285 284/282/282 285/281/281
f 281/285/285 280/254/254 283/256/256 284/282/282
f 262/286/286 279/287/287 282/284/284 261/283/283
f 279/287/287 278/288/288 281/285/285 282/284/284
f 278/288/288 277/252/252 280/254/254 281/285/285
f 263/289/289 276/290/290 279/287/287 262/286/286
f 276/290/290 275/291/291 278/288/288 279/287/287
f 275/291/291 274/250/250 277/252/252 278/288/288
f 264/292/292 273/293/293 276/290/290 263/289/289
f 273/293/293 272/294/294 275/291/291 276/290/290
f 272/294/294 271/248/248 274/250/250 275/291/291
f 244/295/295 268/296/296 273/293/293 264/292/292
f 268/296/296 269/297/297 272/294/294 273/293/293
f 269/297/297 270/245/245 271/248/248 272/294/294
f 255/268/268 300/267/267 267/298/298 242/299/299
f 300/267/267 299/270/270 266/300/300 267/298/298
f 299/270/270 298/241/241 265/244/244 266/300/300
f 358/301/301 314/302/302 301/303/303 325/304/304
f 330/305/305 303/306/306 305/307/307 331/308/308
f 331/308/308 305/307/307 306/309/309 334/310/310
f 334/310/310 306/309/309 307/311/311 337/312/312
f 337/312/312 307/311/311 308/313/313 340/314/314
f 340/314/314 308/313/313 309/315/315 343/316/316
f 343/316/316 309/315/315 310/317/317 346/318/318
f 346/318/318 310/317/317 311/319/319 349/320/320
f 349/320/320 311/319/319 312/321/321 352/322/322
f 352/322/322 312/321/321 313/323/323 355/324/324
f 355/324/324 313/323/323 314/302/302 358/301/301
f 316/325/325 357/326/326 360/327/327 315/328/328
f 357/326/326 356/329/329 359/330/330 360/327/327
f 356/329/329 355/324/324 358/301/301 359/330/330
f 317/331/331 354/332/332 357/326/326 316/325/325
f 354/332/332 353/333/333 356/329/329 357/326/326
f 353/333/333 352/322/322 355/324/324 356/329/329
f 318/334/334 351/335/335 354/332/332 317/331/331
f 351/335/335 350/336/336 353/333/333 354/332/332
f 350/336/336 349/320/320 352/322/322 353/333/333
f 319/337/337 348/338/338 351/335/335 318/334/334
f 348/338/338 347/339/339 350/336/336 351/335/335
f 347/339/339 346/318/318 349/320/320 350/336/336
f 320/340/340 345/341/341 348/338/338 319/337/337
f 345/341/341 344/342/342 347/339/339 348/338/338
f 344/342/342 343/316/316 346/318/318 347/339/339
f 321/343/343 342/344/344 345/341/341 320/340/340
f 342/344/344 341/345/345 344/342/342 345/341/341
f 341/345/345 340/314/314 343/316/316 344/342/342
f 322/346/346 339/347/347 342/344/344 321/343/343
f 339/347/347 338/348/348 341/345/345 342/344/344
f 338/348/348 337/312/312 340/314/314 341/345/345
f 323/349/349 336/350/350 339/347/347 322/346/346
f 336/350/350 335/351/351 338/348/348 339/347/347
f 335/351/351 334/310/310 337/312/312 338/348/348
f 324/352/352 333/353/353 336/350/350 323/349/349
f 333/353/353 332/354/354 335/351/351 336/350/350
f 332/354/354 331/308/308 334/310/310 335/351/351
f 304/355/355 328/356/356 333/353/353 324/352/352
f 328/356/356 329/357/357 332/354/354 333/353/353
f 329/357/357 330/305/305 331/308/308 332/354/354
f 315/328/328 360/327/327 327/358/358 302/359/359
f 360/327/327 359/330/330 326/360/360 327/358/358
f 359/330/330 358/301/301 325/304/304 326/360/360
f 418/361/361 374/362/362 361/363/363 385/364/364
f 390/365/365 363/366/366 365/367/367 391/368/368
f 391/368/368 365/367/367 366/369/369 394/370/370
f 394/370/370 366/369/369 367/371/371 397/372/372
f 397/372/372 367/371/371 368/373/373 400/374/374
f 400/374/374 368/373/373 369/375/375 403/376/376
f 403/376/376 369/375/375 370/377/377 406/378/378
f 406/378/378 370/377/377 371/379/379 409/380/380
f 409/380/380 371/379/379 372/381/381 412/382/382
f 412/382/382 372/381/381 373/383/383 415/384/384
f 415/384/384 373/383/383 374/362/362 418/361/361
f 376/385/385 417/386/386 420/387/387 375/388/388
f 417/386/386 416/389/389 419/390/390 420/387/387
f 416/389/389 415/384/384 418/361/361 419/390/390
f 377/391/391 414/392/392 417/386/386 376/385/385
f 414/392/392 413/393/393 416/389/389 417/386/386
f 413/393/393 412/382/382 415/384/384 416/389/389
f 378/394/394 411/395/395 414/392/392 377/391/391
f 411/395/395 410/396/396 413/393/393 414/392/392
f 410/396/396 409/380/380 412/382/382 413/393/393
f 379/397/397 408/398/398 411/395/395 378/394/394
f 408/398/398 407/399/399 410/396/396 411/395/395
f 407/399/399 406/378/378 409/380/380 410/396/396
f 380/400/400 405/401/401 408/398/398 379/397/397
f 405/401/401 404/402/402 407/399/399 408/398/398
f 404/402/402 403/376/376 406/378/378 407/399/399
f 381/403/403 402/404/404 405/401/401 380/400/400
f 402/404/404 401/405/405 404/402/402 405/401/401
f 401/405/405 400/374/374 403/376/376 404/402/402
f 382/406/406 399/407/407 402/404/404 381/403/403
f 399/407/407 398/408/408 401/405/405 402/404/404
f 398/408/408 397/372/372 400/374/374 401/405/405
f 383/409/409 396/410/410 399/407/407 382/406/406
f 396/410/410 395/411/411 398/408/408 399/407/407
f 395/411/411 394/370/370 397/372/372 398/408/408
f 384/412/412 393/413/413 396/410/410 383/409/409
f 393/413/413 392/414/414 395/411/411 396/410/410
f 392/414/414 391/368/368 394/370/370 395/411/411
f 364/415/415 388/416/416 393/413/413 384/412/412
f 388/416/416 389/417/417 392/414/414 393/413/413
f 389/417/417 390/365/365 391/368/368 392/414/414
f 375/388/388 420/387/387 387/418/418 362/419/419
f 420/387/387 419/390/390 386/420/420 387/418/418
f 419/390/390 418/361/361 385/364/364 386/420/420
f 478/421/421 445/422/422 421/423/423 434/424/424
f 450/425/425 451/426/426 425/427/427 423/428/428
f 451/426/426 454/429/429 426/430/430 425/427/427
f 454/429/429 457/431/431 427/432/432 426/430/430
f 457/431/431 460/433/433 428/434/434 427/432/432
f 460/433/433 463/435/435 429/436/436 428/434/434
f 463/435/435 466/437/437 430/438/438 429/436/436
f 466/437/437 469/439/439 431/440/440 430/438/438
f 469/439/439 472/441/441 432/442/442 431/440/440
f 472/441/441 475/443/443 433/444/444 432/442/442
f 475/443/443 478/421/421 434/424/424 433/444/444
f 436/445/445 435/446/446 480/447/447 477/448/448
f 477/448/448 480/447/447 479/449/449 476/450/450
f 476/450/450 479/449/449 478/421/421 475/443/443
f 437/451/451 436/445/445 477/448/448 474/452/452
f 474/452/452 477/448/448 476/450/450 473/453/453
f 473/453/453 476/450/450 475/443/443 472/441/441
f 438/454/454 437/451/451 474/452/452 471/455/455
f 471/455/455 474/452/452 473/453/453 470/456/456
f 470/456/456 473/453/453 472/441/441 469/439/439
f 439/457/457 438/454/454 471/455/455 468/458/458
f 468/458/458 471/455/455 470/456/456 467/459/459
f 467/459/459 470/456/456 469/439/439 466/437/437
f 440/460/460 439/457/457 468/458/458 465/461/461
f 465/461/461 468/458/458 467/459/459 464/462/462
f 464/462/462 467/459/459 466/437/437 463/435/435
f 441/463/463 440/460/460 465/461/461 462/464/464
f 462/464/464 465/461/461 464/462/462 461/465/465
f 461/465/465 464/462/462 463/435/435 460/433/433
f 442/466/466 441/463/463 462/464/464 459/467/467
f 459/467/467 462/464/464 461/465/465 458/468/468
f 458/468/468 461/465/465 460/433/433 457/431/431
f 443/469/469 442/466/466 459/467/467 456/470/470
f 456/470/470 459/467/467 458/468/468 455/471/471
f 455/471/471 458/468/468 457/431/431 454/429/429
f 444/472/472 443/469/469 456/470/470 453/473/473
f 453/473/473 456/470/470 455/471/471 452/474/474
f 452/474/474 455/471/471 454/429/429 451/426/426
f 424/475/475 444/472/472 453/473/473 448/476/476
f 448/476/476 453/473/473 452/474/474 449/477/477
f 449/477/477 452/474/474 451/426/426 450/425/425
f 435/446/446 422/478/478 447/479/479 480/447/447
f 480/447/447 447/479/479 446/480/480 479/449/449
f 479/449/449 446/480/480 445/422/422 478/421/421
f 538/481/481 505/482/482 481/483/483 494/484/484
f 510/485/485 511/486/486 485/487/487 483/488/488
f 511/486/486 514/489/489 486/490/490 485/487/487
f 514/489/489 517/491/491 487/492/492 486/490/490
f 517/491/491 520/493/493 488/494/494 487/492/492
f 520/493/493 523/495/495 489/496/496 488/494/494
f 523/495/495 526/497/497 490/498/498 489/496/496
f 526/497/497 529/499/499 491/500/500 490/498/498
f 529/499/499 532/501/501 492/502/502 491/500/500
f 532/501/501 535/503/503 493/504/504 492/502/502
f 535/503/503 538/481/481 494/484/484 493/504/504
f 496/505/505 495/506/506 540/507/507 537/508/508
f 537/508/508 540/507/507 539/509/509 536/510/510
f 536/510/510 539/509/509 538/481/481 535/503/503
f 497/511/511 496/505/505 537/508/508 534/512/512
f 534/512/512 537/508/508 536/510/510 533/513/513
f 533/513/513 536/510/510 535/503/503 532/501/501
f 498/514/514 497/511/511 534/512/512 531/515/515
f 531/515/515 534/512/512 533/513/513 530/516/516
f 530/516/516 533/513/513 532/501/501 529/499/499
f 499/517/517 498/514/514 531/515/515 528/518/518
f 528/518/518 531/515/515 530/516/516 527/519/519
f 527/519/519 530/516/516 529/499/499 526/497/497
f 500/520/520 499/517/517 528/518/518 525/521/521
f 525/521/521 528/518/518 527/519/519 524/522/522
f 524/522/522 527/519/519 526/497/497 523/495/495
f 501/523/523 500/520/520 525/521/521 522/524/524
f 522/524/524 525/521/521 524/522/522 521/525/525
f 521/525/525 524/522/522 523/495/495 520/493/493
f 502/526/526 501/523/523 522/524/524 519/527/527
f 519/527/527 522/524/524 521/525/525 518/528/528
f 518/528/528 521/525/525 520/493/493 517/491/491
f 503/529/529 502/526/526 519/527/527 516/530/530
f 516/530/530 519/527/527 518/528/528 515/531/531
f 515/531/531 518/528/528 517/491/491 514/489/489
f 504/532/532 503/529/529 516/530/530 513/533/533
f 513/533/533 516/530/530 515/531/531 512/534/534
f 512/534/534 515/531/531 514/489/489 511/486/486
f 484/535/535 504/532/532 513/533/533 508/536/536
f 508/536/536 513/533/533 512/534/534 509/537/537
f 509/537/537 512/534/534 511/486/486 510/485/485
f 495/506/506 482/538/538 507/539/539 540/507/507
f 540/507/507 507/539/539 506/540/540 539/509/509
f 539/509/509 506/540/540 505/482/482 538/481/481
f 598/541/541 565/542/542 541/543/543 554/544/544
f 570/545/545 571/546/546 545/547/547 543/548/548
f 571/546/546 574/549/549 546/550/550 545/547/547
f 574/549/549 577/551/551 547/552/552 546/550/550
f 577/551/551 580/553/553 548/554/554 547/552/552
f 580/553/553 583/555/555 549/556/556 548/554/554
f 583/555/555 586/557/557 550/558/558 549/556/556
f 586/557/557 589/559/559 551/560/560 550/558/558
f 589/559/559 592/561/561 552/562/562 551/560/560
f 592/561/561 595/563/563 553/564/564 552/562/562
f 595/563/563 598/541/541 554/544/544 553/564/564
f 556/565/565 555/566/566 600/567/567 597/568/568
f 597/568/568 600/567/567 599/569/569 596/570/570
f 596/570/570 599/569/569 598/541/541 595/563/563
f 557/571/571 556/565/565 597/568/568 594/572/572
f 594/572/572 597/568/568 596/570/570 593/573/573
f 593/573/573 596/570/570 595/563/563 592/561/561
f 558/574/574 557/571/571 594/572/572 591/575/575
f 591/575/575 594/572/572 593/573/573 590/576/576
f 590/576/576 593/573/573 592/561/561 589/559/559
f 559/577/577 558/574/574 591/575/575 588/578/578
f 588/578/578 591/575/575 590/576/576 587/579/579
f 587/579/579 590/576/576 589/559/559 586/557/557
f 560/580/580 559/577/577 588/578/578 585/581/581
f 585/581/581 588/578/578 587/579/579 584/582/582
f 584/582/582 587/579/579 586/557/557 583/555/555
f 561/583/583 560/580/580 585/581/581 582/584/584
f 582/584/584 585/581/581 584/582/582 581/585/585
f 581/585/585 584/582/582 583/555/555 580/553/553
f 562/586/586 561/583/583 582/584/584 579/587/587
f 579/587/587 582/584/584 581/585/585 578/588/588
f 578/588/588 581/585/585 580/553/553 577/551/551
f 563/589/589 562/586/586 579/587/587 576/590/590
f 576/590/590 579/587/587 578/588/588 575/591/591
f 575/591/591 578/588/588 577/551/551 574/549/549
f 564/592/592 563/589/589 576/590/590 573/593/593
f 573/593/593 576/590/590 575/591/591 572/594/594
f 572/594/594 575/591/591 574/549/549 571/546/546
f 544/595/595 564/592/592 573/593/593 568/596/596
f 568/596/596 573/593/593 572/594/594 569/597/597
f 569/597/597 572/594/594 571/546/546 570/545/545
f 555/566/566 542/598/598 567/599/599 600/567/567
f 600/567/567 567/599/599 566/600/600 599/569/569
f 599/569/569 566/600/600 565/542/542 598/541/541
f 658/601/601 625/602/602 601/603/603 614/604/604
f 630/605/605 631/606/606 605/607/607 603/608/608
f 631/606/606 634/609/609 606/610/610 605/607/607
f 634/609/609 637/611/611 607/612/612 606/610/610
f 637/611/611 640/613/613 608/614/614 607/612/612
f 640/613/613 643/615/615 609/616/616 608/614/614
f 643/615/615 646/617/617 610/618/618 609/616/616
f 646/617/617 649/619/619 611/620/620 610/618/618
f 649/619/619 652/621/621 612/622/622 611/620/620
f 652/621/621 655/623/623 613/624/624 612/622/622
f 655/623/623 658/601/601 614/604/604 613/624/624
f 616/625/625 615/626/626 660/627/627 657/628/628
f 657/628/628 660/627/627 659/629/629 656/630/630
f 656/630/630 659/629/629 658/601/601 655/623/623
f 617/631/631 616/625/625 657/628/628 654/632/632
f 654/632/632 657/628/628 656/630/630 653/633/633
f 653/633/633 656/630/630 655/623/623 652/621/621
f 618/634/634 617/631/631 654/632/632 651/635/635
f 651/635/635 654/632/632 653/633/633 650/636/636
f 650/636/636 653/633/633 652/621/621 649/619/619
f 619/637/637 618/634/634 651/635/635 648/638/638
f 648/638/638 651/635/635 650/636/636 647/639/639
f 647/639/639 650/636/636 649/619/619 646/617/617
f 620/640/640 619/637/637 648/638/638 645/641/641
f 645/641/641 648/638/638 647/639/639 644/642/642
f 644/642/642 647/639/639 646/617/617 643/615/615
f 621/643/643 620/640/640 645/641/641 642/644/644
f 642/644/644 645/641/641 644/642/642 641/645/645
f 641/645/645 644/642/642 643/615/615 640/613/613
f 622/646/646 621/643/643 642/644/644 639/647/647
f 639/647/647 642/644/644 641/645/645 638/648/648
f 638/648/648 641/645/645 640/613/613 637/611/611
f 623/649/649 622/646/646 639/647/647 636/650/650
f 636/650/650 639/647/647 638/648/648 635/651/651
f 635/651/651 638/648/648 637/611/611 634/609/609
f 624/652/652 623/649/649 636/650/650 633/653/653
f 633/653/653 636/650/650 635/651/651 632/654/654
f 632/654/654 635/651/651 634/609/609 631/606/606
f 604/655/655 624/652/652 633/653/653 628/656/656
f 628/656/656 633/653/653 632/654/654 629/657/657
f 629/657/657 632/654/654 631/606/606 630/605/605
f 615/626/626 602/658/658 627/659/659 660/627/627
f 660/627/627 627/659/659 626/660/660 659/629/629
f 659/629/629 626/660/660 625/602/602 658/601/601
f 718/661/661 685/662/662 661/663/663 674/664/664
f 690/665/665 691/666/666 665/667/667 663/668/668
f 691/666/666 694/669/669 666/670/670 665/667/667
f 694/669/669 697/671/671 667/672/672 666/670/670
f 697/671/671 700/673/673 668/674/674 667/672/672
f 700/673/673 703/675/675 669/676/676 668/674/674
f 703/675/675 706/677/677 670/678/678 669/676/676
f 706/677/677 709/679/679 671/680/680 670/678/678
f 709/679/679 712/681/681 672/682/682 671/680/680
f 712/681/681 715/683/683 673/684/684 672/682/682
f 715/683/683 718/661/661 674/664/664 673/684/684
f 676/685/685 675/686/686 720/687/687 717/688/688
f 717/688/688 720/687/687 719/689/689 716/690/690
f 716/690/690 719/689/689 718/661/661 715/683/683
f 677/691/691 676/685/685 717/688/688 714/692/692
f 714/692/692 717/688/688 716/690/690 713/693/693
f 713/693/693 716/690/690 715/683/683 712/681/681
f 678/694/694 677/691/691 714/692/692 711/695/695
f 711/695/695 714/692/692 713/693/693 710/696/696
f 710/696/696 713/693/693 712/681/681 709/679/679
f 679/697/697 678/694/694 711/695/695 708/698/698
f 708/698/698 711/695/695 710/696/696 707/699/699
f 707/699/699 710/696/696 709/679/679 706/677/677
f 680/700/700 679/697/697 708/698/698 705/701/701
f 705/701/701 708/698/698 707/699/699 704/702/702
f 704/702/702 707/699/699 706/677/677 703/675/675
f 681/703/703 680/700/700 705/701/701 702/704/704
f 702/704/704 705/701/701 704/702/702 701/705/705
f 701/705/705 704/702/702 703/675/675 700/673/673
f 682/706/706 681/703/703 702/704/704 699/707/707
f 699/707/707 702/704/704 701/705/705 698/708/708
f 698/708/708 701/705/705 700/673/673 697/671/671
f 683/709/709 682/706/706 699/707/707 696/710/710
f 696/710/710 699/707/707 698/708/708 695/711/711
f 695/711/711 698/708/708 697/671/671 694/669/669
f 684/712/712 683/709/709 696/710/710 693/713/713
f 693/713/713 696/710/710 695/711/711 692/714/714
f 692/714/714 695/711/711 694/669/669 691/666/666
f 664/715/715 684/712/712 693/713/713 688/716/716
f 688/716/716 693/713/713 692/714/714 689/717/717
f 689/717/717 692/714/714 691/666/666 690/665/665
f 675/686/686 662/718/718 687/719/719 720/687/687
f 720/687/687 687/719/719 686/720/720 719/689/689
f 719/689/689 686/720/720 685/662/662 718/661/661
f 778/721/721 745/722/722 721/723/723 734/724/724
f 750/725/725 751/726/726 725/727/727 723/728/728
f 751/726/726 754/729/729 726/730/730 725/727/727
f 754/729/729 757/731/731 727/732/732 726/730/730
f 757/731/731 760/733/733 728/734/734 727/732/732
f 760/733/733 763/735/735 729/736/736 728/734/734
f 763/735/735 766/737/737 730/738/738 729/736/736
f 766/737/737 769/739/739 731/740/740 730/738/738
f 769/739/739 772/741/741 732/742/742 731/740/740
f 772/741/741 775/743/743 733/744/744 732/742/742
f 775/743/743 778/721/721 734/724/724 733/744/744
f 736/745/745 735/746/746 780/747/747 777/748/748
f 777/748/748 780/747/747 779/749/749 776/750/750
f 776/750/750 779/749/749 778/721/721 775/743/743
f 737/751/751 736/745/745 777/748/748 774/752/752
f 774/752/752 777/748/748 776/750/750 773/753/753
f 773/753/753 776/750/750 775/743/743 772/741/741
f 738/754/754 737/751/751 774/752/752 771/755/755
f 771/755/755 774/752/752 773/753/753 770/756/756
f 770/756/756 773/753/753 772/741/741 769/739/739
f 739/757/757 738/754/754 771/755/755 768/758/758
f 768/758/758 771/755/755 770/756/756 767/759/759
f 767/759/759 770/756/756 769/739/739 766/737/737
f 740/760/760 739/757/757 768/758/758 765/761/761
f 765/761/761 768/758/758 767/759/759 764/762/762
f 764/762/762 767/759/759 766/737/737 763/735/735
f 741/763/763 740/760/760 765/761/761 762/764/764
f 762/764/764 765/761/761 764/762/762 761/765/765
f 761/765/765 764/762/762 763/735/735 760/733/733
f 742/766/766 741/763/763 762/764/764 759/767/767
f 759/767/767 762/764/764 761/765/765 758/768/768
f 758/768/768 761/765/765 760/733/733 757/731/731
f 743/769/769 742/766/766 759/767/767 756/770/770
f 756/770/770 759/767/767 758/768/768 755/771/771
f 755/771/771 758/768/768 757/731/731 754/729/729
f 744/772/772 743/769/769 756/770/770 753/773/773
f 753/773/773 756/770/770 755/771/771 752/774/774
f 752/774/774 755/771/771 754/729/729 751/726/726
f 724/775/775 744/772/772 753/773/773 748/776/776
f 748/776/776 753/773/773 752/774/774 749/777/777
f 749/777/777 752/774/774 751/726/726 750/725/725
f 735/746/746 722/778/778 747/779/779 780/747/747
f 780/747/747 747/779/779 746/780/780 779/749/749
f 779/749/749 746/780/780 745/722/722 778/721/721
f 838/781/781 805/782/782 781/783/783 794/784/784
f 810/785/785 811/786/786 785/787/787 783/788/788
f 811/786/786 814/789/789 786/790/790 785/787/787
f 814/789/789 817/791/791 787/792/792 786/790/790
f 817/791/791 820/793/793 788/794/794 787/792/792
f 820/793/793 823/795/795 789/796/796 788/794/794
f 823/795/795 826/797/797 790/798/798 789/796/796
f 826/797/797 829/799/799 791/800/800 790/798/798
f 829/799/799 832/801/801 792/802/802 791/800/800
f 832/801/801 835/803/803 793/804/804 792/802/802
f 835/803/803 838/781/781 794/784/784 793/804/804
f 796/805/805 795/806/806 840/807/807 837/808/808
f 837/808/808 840/807/807 839/809/809 836/810/810
f 836/810/810 839/809/809 838/781/781 835/803/803
f 797/811/811 796/805/805 837/808/808 834/812/812
f 834/812/812 837/808/808 836/810/810 833/813/813
f 833/813/813 836/810/810 835/803/803 832/801/801
f 798/814/814 797/811/811 834/812/812 831/815/815
f 831/815/815 834/812/812 833/813/813 830/816/816
f 830/816/816 833/813/813 832/801/801 829/799/799
f 799/817/817 798/814/814 831/815/815 828/818/818
f 828/818/818 831/815/815 830/816/816 827/819/819
f 827/819/819 830/816/816 829/799/799 826/797/797
f 800/820/820 799/817/817 828/818/818 825/821/821
f 825/821/821 828/818/818 827/819/819 824/822/822
f 824/822/822 827/819/819 826/797/797 823/795/795
f 801/823/823 800/820/820 825/821/821 822/824/824
f 822/824/824 825/821/821 824/822/822 821/825/825
f 821/825/825 824/822/822 823/795/795 820/793/793
f 802/826/826 801/823/823 822/824/824 819/827/827
f 819/827/827 822/824/824 821/825/825 818/828/828
f 818/828/828 821/825/825 820/793/793 817/791/791
f 803/829/829 802/826/826 819/827/827 816/830/830
f 816/830/830 819/827/827 818/828/828 815/831/831
f 815/831/831 818/828/828 817/791/791 814/789/789
f 804/832/832 803/829/829 816/830/830 813/833/833
f 813/833/833 816/830/830 815/831/831 812/834/834
f 812/834/834 815/831/831 814/789/789 811/786/786
f 784/835/835 804/832/832 813/833/833 808/836/836
f 808/836/836 813/833/833 812/834/834 809/837/837
f 809/837/837 812/834/834 811/786/786 810/785/785
f 795/806/806 782/838/838 807/839/839 840/807/807
f 840/807/807 807/839/839 806/840/840 839/809/809
f 839/809/809 806/840/840 805/782/782 838/781/781
f 2/59/59 27/58/58 447/479/479 422/478/478
f 3/6/6 30/5/5 450/425/425 423/428/428
f 1/3/3 14/2/2 434/424/424 421/423/423
f 4/55/55 24/52/52 444/472/472 424/475/475
f 5/7/7 3/6/6 423/428/428 425/427/427
f 6/9/9 5/7/7 425/427/427 426/430/430
f 7/11/11 6/9/9 426/430/430 427/432/432
f 8/13/13 7/11/11 427/432/432 428/434/434
f 9/15/15 8/13/13 428/434/434 429/436/436
f 10/17/17 9/15/15 429/436/436 430/438/438
f 11/19/19 10/17/17 430/438/438 431/440/440
f 12/21/21 11/19/19 431/440/440 432/442/442
f 13/23/23 12/21/21 432/442/442 433/444/444
f 14/2/2 13/23/23 433/444/444 434/424/424
f 15/28/28 2/59/59 422/478/478 435/446/446
f 16/25/25 15/28/28 435/446/446 436/445/445
f 17/31/31 16/25/25 436/445/445 437/451/451
f 18/34/34 17/31/31 437/451/451 438/454/454
f 19/37/37 18/34/34 438/454/454 439/457/457
f 20/40/40 19/37/37 439/457/457 440/460/460
f 21/43/43 20/40/40 440/460/460 441/463/463
f 22/46/46 21/43/43 441/463/463 442/466/466
f 23/49/49 22/46/46 442/466/466 443/469/469
f 24/52/52 23/49/49 443/469/469 444/472/472
f 25/4/4 1/3/3 421/423/423 445/422/422
f 26/60/60 25/4/4 445/422/422 446/480/480
f 27/58/58 26/60/60 446/480/480 447/479/479
f 28/56/56 4/55/55 424/475/475 448/476/476
f 29/57/57 28/56/56 448/476/476 449/477/477
f 30/5/5 29/57/57 449/477/477 450/425/425
f 62/119/119 87/118/118 507/539/539 482/538/538
f 63/66/66 90/65/65 510/485/485 483/488/488
f 61/63/63 74/62/62 494/484/484 481/483/483
f 64/115/115 84/112/112 504/532/532 484/535/535
f 65/67/67 63/66/66 483/488/488 485/487/487
f 66/69/69 65/67/67 485/487/487 486/490/490
f 67/71/71 66/69/69 486/490/490 487/492/492
f 68/73/73 67/71/71 487/492/492 488/494/494
f 69/75/75 68/73/73 488/494/494 489/496/496
f 70/77/77 69/75/75 489/496/496 490/498/498
f 71/79/79 70/77/77 490/498/498 491/500/500
f 72/81/81 71/79/79 491/500/500 492/502/502
f 73/83/83 72/81/81 492/502/502 493/504/504
f 74/62/62 73/83/83 493/504/504 494/484/484
f 75/88/88 62/119/119 482/538/538 495/506/506
f 76/85/85 75/88/88 495/506/506 496/505/505
f 77/91/91 76/85/85 496/505/505 497/511/511
f 78/94/94 77/91/91 497/511/511 498/514/514
f 79/97/97 78/94/94 498/514/514 499/517/517
f 80/100/100 79/97/97 499/517/517 500/520/520
f 81/103/103 80/100/100 500/520/520 501/523/523
f 82/106/106 81/103/103 501/523/523 502/526/526
f 83/109/109 82/106/106 502/526/526 503/529/529
f 84/112/112 83/109/109 503/529/529 504/532/532
f 85/64/64 61/63/63 481/483/483 505/482/482
f 86/120/120 85/64/64 505/482/482 506/540/540
f 87/118/118 86/120/120 506/540/540 507/539/539
f 88/116/116 64/115/115 484/535/535 508/536/536
f 89/117/117 88/116/116 508/536/536 509/537/537
f 90/65/65 89/117/117 509/537/537 510/485/485
f 122/179/179 147/178/178 567/599/599 542/598/598
f 123/126/126 150/125/125 570/545/545 543/548/548
f 121/123/123 134/122/122 554/544/544 541/543/543
f 124/175/175 144/172/172 564/592/592 544/595/595
f 125/127/127 123/126/126 543/548/548 545/547/547
f 126/129/129 125/127/127 545/547/547 546/550/550
f 127/131/131 126/129/129 546/550/550 547/552/552
f 128/133/133 127/131/131 547/552/552 548/554/554
f 129/135/135 128/133/133 548/554/554 549/556/556
f 130/137/137 129/135/135 549/556/556 550/558/558
f 131/139/139 130/137/137 550/558/558 551/560/560
f 132/141/141 131/139/139 551/560/560 552/562/562
f 133/143/143 132/141/141 552/562/562 553/564/564
f 134/122/122 133/143/143 553/564/564 554/544/544
f 135/148/148 122/179/179 542/598/598 555/566/566
f 136/145/145 135/148/148 555/566/566 556/565/565
f 137/151/151 136/145/145 556/565/565 557/571/571
f 138/154/154 137/151/151 557/571/571 558/574/574
f 139/157/157 138/154/154 558/574/574 559/577/577
f 140/160/160 139/157/157 559/577/577 560/580/580
f 141/163/163 140/160/160 560/580/580 561/583/583
f 142/166/166 141/163/163 561/583/583 562/586/586
f 143/169/169 142/166/166 562/586/586 563/589/589
f 144/172/172 143/169/169 563/589/589 564/592/592
f 145/124/124 121/123/123 541/543/543 565/542/542
f 146/180/180 145/124/124 565/542/542 566/600/600
f 147/178/178 146/180/180 566/600/600 567/599/599
f 148/176/176 124/175/175 544/595/595 568/596/596
f 149/177/177 148/176/176 568/596/596 569/597/597
f 150/125/125 149/177/177 569/597/597 570/545/545
f 182/239/239 207/238/238 627/659/659 602/658/658
f 183/186/186 210/185/185 630/605/605 603/608/608
f 181/183/183 194/182/182 614/604/604 601/603/603
f 184/235/235 204/232/232 624/652/652 604/655/655
f 185/187/187 183/186/186 603/608/608 605/607/607
f 186/189/189 185/187/187 605/607/607 606/610/610
f 187/191/191 186/189/189 606/610/610 607/612/612
f 188/193/193 187/191/191 607/612/612 608/614/614
f 189/195/195 188/193/193 608/614/614 609/616/616
f 190/197/197 189/195/195 609/616/616 610/618/618
f 191/199/199 190/197/197 610/618/618 611/620/620
f 192/201/201 191/199/199 611/620/620 612/622/622
f 193/203/203 192/201/201 612/622/622 613/624/624
f 194/182/182 193/203/203 613/624/624 614/604/604
f 195/208/208 182/239/239 602/658/658 615/626/626
f 196/205/205 195/208/208 615/626/626 616/625/625
f 197/211/211 196/205/205 616/625/625 617/631/631
f 198/214/214 197/211/211 617/631/631 618/634/634
f 199/217/217 198/214/214 618/634/634 619/637/637
f 200/220/220 199/217/217 619/637/637 620/640/640
f 201/223/223 200/220/220 620/640/640 621/643/643
f 202/226/226 201/223/223 621/643/643 622/646/646
f 203/229/229 202/226/226 622/646/646 623/649/649
f 204/232/232 203/229/229 623/649/649 624/652/652
f 205/184/184 181/183/183 601/603/603 625/602/602
f 206/240/240 205/184/184 625/602/602 626/660/660
f 207/238/238 206/240/240 626/660/660 627/659/659
f 208/236/236 184/235/235 604/655/655 628/656/656
f 209/237/237 208/236/236 628/656/656 629/657/657
f 210/185/185 209/237/237 629/657/657 630/605/605
f 242/299/299 267/298/298 687/719/719 662/718/718
f 243/246/246 270/245/245 690/665/665 663/668/668
f 241/243/243 254/242/242 674/664/664 661/663/663
f 244/295/295 264/292/292 684/712/712 664/715/715
f 245/247/247 243/246/246 663/668/668 665/667/667
f 246/249/249 245/247/247 665/667/667 666/670/670
f 247/251/251 246/249/249 666/670/670 667/672/672
f 248/253/253 247/251/251 667/672/672 668/674/674
f 249/255/255 248/253/253 668/674/674 669/676/676
f 250/257/257 249/255/255 669/676/676 670/678/678
f 251/259/259 250/257/257 670/678/678 671/680/680
f 252/261/261 251/259/259 671/680/680 672/682/682
f 253/263/263 252/261/261 672/682/682 673/684/684
f 254/242/242 253/263/263 673/684/684 674/664/664
f 255/268/268 242/299/299 662/718/718 675/686/686
f 256/265/265 255/268/268 675/686/686 676/685/685
f 257/271/271 256/265/265 676/685/685 677/691/691
f 258/274/274 257/271/271 677/691/691 678/694/694
f 259/277/277 258/274/274 678/694/694 679/697/697
f 260/280/280 259/277/277 679/697/697 680/700/700
f 261/283/283 260/280/280 680/700/700 681/703/703
f 262/286/286 261/283/283 681/703/703 682/706/706
f 263/289/289 262/286/286 682/706/706 683/709/709
f 264/292/292 263/289/289 683/709/709 684/712/712
f 265/244/244 241/243/243 661/663/663 685/662/662
f 266/300/300 265/244/244 685/662/662 686/720/720
f 267/298/298 266/300/300 686/720/720 687/719/719
f 268/296/296 244/295/295 664/715/715 688/716/716
f 269/297/297 268/296/296 688/716/716 689/717/717
f 270/245/245 269/297/297 689/717/717 690/665/665
f 302/359/359 327/358/358 747/779/779 722/778/778
f 303/306/306 330/305/305 750/725/725 723/728/728
f 301/303/303 314/302/302 734/724/724 721/723/723
f 304/355/355 324/352/352 744/772/772 724/775/775
f 305/307/307 303/306/306 723/728/728 725/727/727
f 306/309/309 305/307/307 725/727/727 726/730/730
f 307/311/311 306/309/309 726/730/730 727/732/732
f 308/313/313 307/311/311 727/732/732 728/734/734
f 309/315/315 308/313/313 728/734/734 729/736/736
f 310/317/317 309/315/315 729/736/736 730/738/738
f 311/319/319 310/317/317 730/738/738 731/740/740
f 312/321/321 311/319/319 731/740/740 732/742/742
f 313/323/323 312/321/321 732/742/742 733/744/744
f 314/302/302 313/323/323 733/744/744 734/724/724
f 315/328/328 302/359/359 722/778/778 735/746/746
f 316/325/325 315/328/328 735/746/746 736/745/745
f 317/331/331 316/325/325 736/745/745 737/751/751
f 318/334/334 317/331/331 737/751/751 738/754/754
f 319/337/337 318/334/334 738/754/754 739/757/757
f 320/340/340 319/337/337 739/757/757 740/760/760
f 321/343/343 320/340/340 740/760/760 741/763/763
f 322/346/346 321/343/343 741/763/763 742/766/766
f 323/349/349 322/346/346 742/766/766 743/769/769
f 324/352/352 323/349/349 743/769/769 744/772/772
f 325/304/304 301/303/303 721/723/723 745/722/722
f 326/360/360 325/304/304 745/722/722 746/780/780
f 327/358/358 326/360/360 746/780/780 747/779/779
f 328/356/356 304/355/355 724/775/775 748/776/776
f 329/357/357 328/356/356 748/776/776 749/777/777
f 330/305/305 329/357/357 749/777/777 750/725/725
f 362/419/419 387/418/418 807/839/839 782/838/838
f 363/366/366 390/365/365 810/785/785 783/788/788
f 361/363/363 374/362/362 794/784/784 781/783/783
f 364/415/415 384/412/412 804/832/832 784/835/835
f 365/367/367 363/366/366 783/788/788 785/787/787
f 366/369/369 365/367/367 785/787/787 786/790/790
f 367/371/371 366/369/369 786/790/790 787/792/792
f 368/373/373 367/371/371 787/792/792 788/794/794
f 369/375/375 368/373/373 788/794/794 789/796/796
f 370/377/377 369/375/375 789/796/796 790/798/798
f 371/379/379 370/377/377 790/798/798 791/800/800
f 372/381/381 371/379/379 791/800/800 792/802/802
f 373/383/383 372/381/381 792/802/802 793/804/804
f 374/362/362 373/383/383 793/804/804 794/784/784
f 375/388/388 362/419/419 782/838/838 795/806/806
f 376/385/385 375/388/388 795/806/806 796/805/805
f 377/391/391 376/385/385 796/805/805 797/811/811
f 378/394/394 377/391/391 797/811/811 798/814/814
f 379/397/397 378/394/394 798/814/814 799/817/817
f 380/400/400 379/397/397 799/817/817 800/820/820
f 381/403/403 380/400/400 800/820/820 801/823/823
f 382/406/406 381/403/403 801/823/823 802/826/826
f 383/409/409 382/406/406 802/826/826 803/829/829
f 384/412/412 383/409/409 803/829/829 804/832/832
f 385/364/364 361/363/363 781/783/783 805/782/782
f 386/420/420 385/364/364 805/782/782 806/840/840
f 387/418/418 386/420/420 806/840/840 807/839/839
f 388/416/416 364/415/415 784/835/835 808/836/836
f 389/417/417 388/416/416 808/836/836 809/837/837
f 390/365/365 389/417/417 809/837/837 810/785/785
o Foglia_fragola.001_Cylinder.025
v -0.083734 0.090872 -0.014755
v -0.084297 0.090872 -0.015212
v -0.085576 0.092276 -0.011800
v -0.085655 0.092276 -0.011843
v -0.085486 0.092260 -0.011813
v -0.085348 0.092254 -0.011885
v -0.085202 0.092293 -0.012021
v -0.085013 0.092423 -0.012259
v -0.084768 0.092530 -0.012623
v -0.084397 0.092200 -0.013104
v -0.084086 0.091860 -0.013504
v -0.083952 0.091626 -0.013789
v -0.083885 0.091371 -0.014112
v -0.083829 0.091115 -0.014444
v -0.084583 0.091115 -0.015056
v -0.084896 0.091371 -0.014933
v -0.085198 0.091626 -0.014800
v -0.085445 0.091860 -0.014601
v -0.085687 0.092200 -0.014084
v -0.085808 0.092530 -0.013324
v -0.085804 0.092423 -0.012741
v -0.085770 0.092293 -0.012348
v -0.085743 0.092254 -0.012108
v -0.085700 0.092260 -0.011932
v -0.083887 0.090844 -0.014855
v -0.084032 0.090834 -0.014964
v -0.084169 0.090844 -0.015083
v -0.085635 0.092274 -0.011832
v -0.085615 0.092273 -0.011821
v -0.085595 0.092274 -0.011810
v -0.085540 0.092247 -0.011838
v -0.085591 0.092242 -0.011865
v -0.085644 0.092247 -0.011896
v -0.085444 0.092210 -0.011927
v -0.085540 0.092195 -0.011977
v -0.085639 0.092210 -0.012036
v -0.085336 0.092211 -0.012076
v -0.085475 0.092183 -0.012146
v -0.085617 0.092211 -0.012236
v -0.085194 0.092296 -0.012329
v -0.085385 0.092251 -0.012427
v -0.085587 0.092296 -0.012562
v -0.085011 0.092410 -0.012725
v -0.085266 0.092360 -0.012862
v -0.085532 0.092410 -0.013062
v -0.084731 0.092113 -0.013269
v -0.085062 0.092070 -0.013468
v -0.085379 0.092113 -0.013745
v -0.084459 0.091756 -0.013718
v -0.084818 0.091703 -0.013958
v -0.085142 0.091756 -0.014263
v -0.084306 0.091531 -0.013993
v -0.084635 0.091485 -0.014220
v -0.084926 0.091531 -0.014496
v -0.084170 0.091299 -0.014281
v -0.084434 0.091268 -0.014468
v -0.084672 0.091299 -0.014688
v -0.084038 0.091069 -0.014573
v -0.084233 0.091051 -0.014716
v -0.084413 0.091069 -0.014878
v -0.082995 0.090872 -0.014969
v -0.083704 0.090872 -0.014817
v -0.081846 0.092276 -0.011682
v -0.081929 0.092276 -0.011648
v -0.081799 0.092260 -0.011761
v -0.081770 0.092254 -0.011914
v -0.081784 0.092293 -0.012112
v -0.081851 0.092423 -0.012409
v -0.081981 0.092530 -0.012828
v -0.082124 0.092200 -0.013418
v -0.082240 0.091860 -0.013911
v -0.082379 0.091626 -0.014194
v -0.082588 0.091371 -0.014449
v -0.082811 0.091115 -0.014700
v -0.083761 0.091115 -0.014496
v -0.083861 0.091371 -0.014175
v -0.083947 0.091626 -0.013857
v -0.083947 0.091860 -0.013540
v -0.083695 0.092200 -0.013028
v -0.083179 0.092530 -0.012456
v -0.082723 0.092423 -0.012094
v -0.082395 0.092293 -0.011875
v -0.082190 0.092254 -0.011745
v -0.082026 0.092260 -0.011669
v -0.083168 0.090844 -0.014913
v -0.083344 0.090834 -0.014868
v -0.083523 0.090844 -0.014837
v -0.081907 0.092274 -0.011657
v -0.081886 0.092273 -0.011665
v -0.081866 0.092274 -0.011673
v -0.081853 0.092247 -0.011735
v -0.081906 0.092242 -0.011711
v -0.081963 0.092247 -0.011690
v -0.081862 0.092210 -0.011865
v -0.081961 0.092195 -0.011821
v -0.082069 0.092210 -0.011782
v -0.081911 0.092211 -0.012042
v -0.082052 0.092183 -0.011978
v -0.082211 0.092211 -0.011923
v -0.082019 0.092296 -0.012312
v -0.082215 0.092251 -0.012224
v -0.082447 0.092296 -0.012152
v -0.082212 0.092410 -0.012702
v -0.082479 0.092360 -0.012590
v -0.082802 0.092410 -0.012508
v -0.082462 0.092113 -0.013261
v -0.082824 0.092070 -0.013128
v -0.083238 0.092113 -0.013055
v -0.082641 0.091756 -0.013754
v -0.083053 0.091703 -0.013625
v -0.083493 0.091756 -0.013564
v -0.082759 0.091531 -0.014046
v -0.083142 0.091485 -0.013932
v -0.083539 0.091531 -0.013878
v -0.082899 0.091299 -0.014332
v -0.083210 0.091268 -0.014244
v -0.083530 0.091299 -0.014197
v -0.083043 0.091069 -0.014619
v -0.083277 0.091051 -0.014556
v -0.083516 0.091069 -0.014517
v -0.082699 0.090872 -0.015680
v -0.083024 0.090872 -0.015032
v -0.079416 0.092276 -0.014516
v -0.079442 0.092276 -0.014430
v -0.079449 0.092260 -0.014601
v -0.079549 0.092254 -0.014720
v -0.079713 0.092293 -0.014833
v -0.079986 0.092423 -0.014967
v -0.080394 0.092530 -0.015128
v -0.080944 0.092200 -0.015387
v -0.081401 0.091860 -0.015605
v -0.081708 0.091626 -0.015674
v -0.082038 0.091371 -0.015671
v -0.082374 0.091115 -0.015654
v -0.082810 0.091115 -0.014786
v -0.082623 0.091371 -0.014507
v -0.082428 0.091626 -0.014240
v -0.082181 0.091860 -0.014043
v -0.081624 0.092200 -0.013917
v -0.080856 0.092530 -0.013961
v -0.080287 0.092423 -0.014091
v -0.079911 0.092293 -0.014208
v -0.079681 0.092254 -0.014287
v -0.079519 0.092260 -0.014367
v -0.082763 0.090844 -0.015509
v -0.082838 0.090834 -0.015344
v -0.082926 0.090844 -0.015185
v -0.079435 0.092274 -0.014452
v -0.079429 0.092273 -0.014473
v -0.079422 0.092274 -0.014495
v -0.079462 0.092247 -0.014543
v -0.079478 0.092242 -0.014487
v -0.079496 0.092247 -0.014429
v -0.079570 0.092210 -0.014617
v -0.079598 0.092195 -0.014513
v -0.079634 0.092210 -0.014404
v -0.079738 0.092211 -0.014691
v -0.079777 0.092183 -0.014540
v -0.079833 0.092211 -0.014382
v -0.080016 0.092296 -0.014776
v -0.080070 0.092251 -0.014568
v -0.080159 0.092296 -0.014341
v -0.080441 0.092410 -0.014869
v -0.080521 0.092360 -0.014590
v -0.080659 0.092410 -0.014288
v -0.081033 0.092113 -0.015025
v -0.081157 0.092070 -0.014660
v -0.081359 0.092113 -0.014290
v -0.081530 0.091756 -0.015194
v -0.081688 0.091703 -0.014792
v -0.081915 0.091756 -0.014411
v -0.081831 0.091531 -0.015285
v -0.081983 0.091485 -0.014915
v -0.082189 0.091531 -0.014572
v -0.082142 0.091299 -0.015356
v -0.082268 0.091268 -0.015058
v -0.082432 0.091299 -0.014779
v -0.082456 0.091069 -0.015422
v -0.082553 0.091051 -0.015201
v -0.082673 0.091069 -0.014990
v -0.083067 0.090872 -0.016356
v -0.082765 0.090872 -0.015696
v -0.080103 0.092276 -0.018184
v -0.080052 0.092276 -0.018111
v -0.080190 0.092260 -0.018213
v -0.080345 0.092254 -0.018209
v -0.080536 0.092293 -0.018152
v -0.080811 0.092423 -0.018023
v -0.081193 0.092530 -0.017806
v -0.081739 0.092200 -0.017540
v -0.082195 0.091860 -0.017320
v -0.082442 0.091626 -0.017124
v -0.082646 0.091371 -0.016865
v -0.082843 0.091115 -0.016593
v -0.082440 0.091115 -0.015710
v -0.082105 0.091371 -0.015680
v -0.081775 0.091626 -0.015665
v -0.081466 0.091860 -0.015734
v -0.081020 0.092200 -0.016089
v -0.080573 0.092530 -0.016715
v -0.080317 0.092423 -0.017239
v -0.080173 0.092293 -0.017607
v -0.080090 0.092254 -0.017834
v -0.080051 0.092260 -0.018011
v -0.082974 0.090844 -0.016199
v -0.082892 0.090834 -0.016037
v -0.082824 0.090844 -0.015869
v -0.080065 0.092274 -0.018130
v -0.080077 0.092273 -0.018148
v -0.080090 0.092274 -0.018167
v -0.080153 0.092247 -0.018166
v -0.080118 0.092242 -0.018119
v -0.080085 0.092247 -0.018068
v -0.080278 0.092210 -0.018129
v -0.080214 0.092195 -0.018041
v -0.080152 0.092210 -0.017945
v -0.080440 0.092211 -0.018044
v -0.080348 0.092183 -0.017919
v -0.080260 0.092211 -0.017775
v -0.080681 0.092296 -0.017880
v -0.080553 0.092251 -0.017708
v -0.080432 0.092296 -0.017496
v -0.081020 0.092410 -0.017607
v -0.080853 0.092360 -0.017370
v -0.080704 0.092410 -0.017073
v -0.081513 0.092113 -0.017244
v -0.081305 0.092070 -0.016919
v -0.081144 0.092113 -0.016529
v -0.081956 0.091756 -0.016962
v -0.081741 0.091703 -0.016588
v -0.081587 0.091756 -0.016171
v -0.082215 0.091531 -0.016784
v -0.082022 0.091485 -0.016435
v -0.081884 0.091531 -0.016059
v -0.082465 0.091299 -0.016587
v -0.082312 0.091268 -0.016302
v -0.082197 0.091299 -0.015999
v -0.082714 0.091069 -0.016384
v -0.082602 0.091051 -0.016169
v -0.082513 0.091069 -0.015944
v -0.083824 0.090872 -0.016493
v -0.083121 0.090872 -0.016314
v -0.083392 0.092276 -0.019948
v -0.083302 0.092276 -0.019942
v -0.083468 0.092260 -0.019898
v -0.083563 0.092254 -0.019775
v -0.083639 0.092293 -0.019590
v -0.083710 0.092423 -0.019295
v -0.083780 0.092530 -0.018862
v -0.083915 0.092200 -0.018270
v -0.084030 0.091860 -0.017776
v -0.084031 0.091626 -0.017461
v -0.083957 0.091371 -0.017140
v -0.083869 0.091115 -0.016815
v -0.082928 0.091115 -0.016576
v -0.082695 0.091371 -0.016819
v -0.082476 0.091626 -0.017066
v -0.082336 0.091860 -0.017350
v -0.082333 0.092200 -0.017921
v -0.082542 0.092530 -0.018662
v -0.082790 0.092423 -0.019189
v -0.082986 0.092293 -0.019532
v -0.083111 0.092254 -0.019739
v -0.083224 0.092260 -0.019880
v -0.083644 0.090844 -0.016466
v -0.083466 0.090834 -0.016429
v -0.083292 0.090844 -0.016377
v -0.083325 0.092274 -0.019944
v -0.083348 0.092273 -0.019946
v -0.083370 0.092274 -0.019947
v -0.083409 0.092247 -0.019898
v -0.083350 0.092242 -0.019895
v -0.083290 0.092247 -0.019889
v -0.083458 0.092210 -0.019777
v -0.083350 0.092195 -0.019772
v -0.083236 0.092210 -0.019760
v -0.083494 0.092211 -0.019597
v -0.083339 0.092183 -0.019591
v -0.083172 0.092211 -0.019570
v -0.083517 0.092296 -0.019307
v -0.083302 0.092251 -0.019299
v -0.083062 0.092296 -0.019260
v -0.083517 0.092410 -0.018872
v -0.083228 0.092360 -0.018854
v -0.082902 0.092410 -0.018784
v -0.083542 0.092113 -0.018260
v -0.083159 0.092070 -0.018218
v -0.082755 0.092113 -0.018100
v -0.083601 0.091756 -0.017738
v -0.083174 0.091703 -0.017671
v -0.082753 0.091756 -0.017530
v -0.083625 0.091531 -0.017425
v -0.083231 0.091485 -0.017356
v -0.082851 0.091531 -0.017228
v -0.083627 0.091299 -0.017106
v -0.083309 0.091268 -0.017047
v -0.083001 0.091299 -0.016947
v -0.083625 0.091069 -0.016785
v -0.083388 0.091051 -0.016738
v -0.083156 0.091069 -0.016666
v -0.084405 0.090872 -0.015988
v -0.083826 0.090872 -0.016424
v -0.086828 0.092276 -0.018490
v -0.086766 0.092276 -0.018556
v -0.086837 0.092260 -0.018399
v -0.086800 0.092254 -0.018248
v -0.086703 0.092293 -0.018074
v -0.086518 0.092423 -0.017833
v -0.086224 0.092530 -0.017507
v -0.085847 0.092200 -0.017031
v -0.085534 0.091860 -0.016632
v -0.085290 0.091626 -0.016434
v -0.084993 0.091371 -0.016290
v -0.084685 0.091115 -0.016155
v -0.083909 0.091115 -0.016739
v -0.083952 0.091371 -0.017072
v -0.084008 0.091626 -0.017398
v -0.084141 0.091860 -0.017685
v -0.084584 0.092200 -0.018045
v -0.085292 0.092530 -0.018347
v -0.085859 0.092423 -0.018484
v -0.086248 0.092293 -0.018546
v -0.086489 0.092254 -0.018578
v -0.086669 0.092260 -0.018578
v -0.084272 0.090844 -0.016112
v -0.084131 0.090834 -0.016227
v -0.083982 0.090844 -0.016330
v -0.086782 0.092274 -0.018539
v -0.086798 0.092273 -0.018523
v -0.086813 0.092274 -0.018507
v -0.086799 0.092247 -0.018446
v -0.086760 0.092242 -0.018489
v -0.086718 0.092247 -0.018532
v -0.086736 0.092210 -0.018331
v -0.086664 0.092195 -0.018412
v -0.086583 0.092210 -0.018494
v -0.086618 0.092211 -0.018191
v -0.086516 0.092183 -0.018308
v -0.086395 0.092211 -0.018425
v -0.086406 0.092296 -0.017991
v -0.086265 0.092251 -0.018153
v -0.086085 0.092296 -0.018316
v -0.086067 0.092410 -0.017718
v -0.085872 0.092360 -0.017932
v -0.085613 0.092410 -0.018142
v -0.085606 0.092113 -0.017315
v -0.085333 0.092070 -0.017588
v -0.084988 0.092113 -0.017828
v -0.085236 0.091756 -0.016943
v -0.084916 0.091703 -0.017233
v -0.084543 0.091756 -0.017473
v -0.085007 0.091531 -0.016728
v -0.084707 0.091485 -0.016992
v -0.084369 0.091531 -0.017207
v -0.084760 0.091299 -0.016526
v -0.084515 0.091268 -0.016737
v -0.084244 0.091299 -0.016914
v -0.084509 0.091069 -0.016327
v -0.084323 0.091051 -0.016482
v -0.084122 0.091069 -0.016617
v -0.084376 0.090872 -0.015219
v -0.084353 0.090872 -0.015944
v -0.087844 0.092276 -0.014899
v -0.087857 0.092276 -0.014988
v -0.087779 0.092260 -0.014835
v -0.087638 0.092254 -0.014769
v -0.087442 0.092293 -0.014735
v -0.087138 0.092423 -0.014728
v -0.086700 0.092530 -0.014753
v -0.086093 0.092200 -0.014749
v -0.085586 0.091860 -0.014743
v -0.085278 0.091626 -0.014809
v -0.084979 0.091371 -0.014950
v -0.084682 0.091115 -0.015106
v -0.084650 0.091115 -0.016077
v -0.084937 0.091371 -0.016252
v -0.085226 0.091626 -0.016412
v -0.085533 0.091860 -0.016488
v -0.086091 0.092200 -0.016368
v -0.086770 0.092530 -0.016006
v -0.087232 0.092423 -0.015650
v -0.087524 0.092293 -0.015385
v -0.087700 0.092254 -0.015218
v -0.087814 0.092260 -0.015077
v -0.084389 0.090844 -0.015401
v -0.084391 0.090834 -0.015582
v -0.084378 0.090844 -0.015763
v -0.087854 0.092274 -0.014965
v -0.087851 0.092273 -0.014943
v -0.087848 0.092274 -0.014921
v -0.087791 0.092247 -0.014893
v -0.087801 0.092242 -0.014951
v -0.087808 0.092247 -0.015011
v -0.087662 0.092210 -0.014871
v -0.087681 0.092195 -0.014978
v -0.087693 0.092210 -0.015092
v -0.087479 0.092211 -0.014875
v -0.087507 0.092183 -0.015028
v -0.087522 0.092211 -0.015196
v -0.087191 0.092296 -0.014915
v -0.087229 0.092251 -0.015126
v -0.087243 0.092296 -0.015369
v -0.086766 0.092410 -0.015008
v -0.086810 0.092360 -0.015295
v -0.086812 0.092410 -0.015627
v -0.086163 0.092113 -0.015115
v -0.086204 0.092070 -0.015498
v -0.086175 0.092113 -0.015918
v -0.085641 0.091756 -0.015170
v -0.085666 0.091703 -0.015601
v -0.085620 0.091756 -0.016042
v -0.085329 0.091531 -0.015214
v -0.085347 0.091485 -0.015613
v -0.085304 0.091531 -0.016011
v -0.085018 0.091299 -0.015280
v -0.085028 0.091268 -0.015603
v -0.084997 0.091299 -0.015925
v -0.084705 0.091069 -0.015351
v -0.084709 0.091051 -0.015593
v -0.084689 0.091069 -0.015834
v -0.083743 0.090838 -0.014732
v -0.084319 0.090838 -0.015199
v -0.085580 0.092240 -0.011776
v -0.085672 0.092240 -0.011827
v -0.085482 0.092223 -0.011793
v -0.085335 0.092216 -0.011873
v -0.085181 0.092256 -0.012018
v -0.084991 0.092386 -0.012258
v -0.084757 0.092492 -0.012609
v -0.084398 0.092165 -0.013080
v -0.084091 0.091826 -0.013479
v -0.083958 0.091592 -0.013764
v -0.083891 0.091337 -0.014087
v -0.083836 0.091080 -0.014419
v -0.084605 0.091080 -0.015043
v -0.084919 0.091337 -0.014922
v -0.085222 0.091592 -0.014789
v -0.085468 0.091826 -0.014590
v -0.085710 0.092166 -0.014073
v -0.085829 0.092493 -0.013319
v -0.085817 0.092383 -0.012751
v -0.085784 0.092254 -0.012358
v -0.085760 0.092215 -0.012108
v -0.085718 0.092223 -0.011923
v -0.083898 0.090810 -0.014833
v -0.084048 0.090799 -0.014945
v -0.084188 0.090810 -0.015069
v -0.085649 0.092237 -0.011814
v -0.085625 0.092236 -0.011802
v -0.085602 0.092237 -0.011789
v -0.085542 0.092209 -0.011819
v -0.085600 0.092204 -0.011849
v -0.085659 0.092209 -0.011883
v -0.085437 0.092169 -0.011915
v -0.085544 0.092153 -0.011970
v -0.085652 0.092170 -0.012033
v -0.085322 0.092171 -0.012074
v -0.085472 0.092140 -0.012149
v -0.085627 0.092170 -0.012242
v -0.085176 0.092257 -0.012332
v -0.085380 0.092209 -0.012435
v -0.085594 0.092255 -0.012573
v -0.085002 0.092370 -0.012715
v -0.085268 0.092317 -0.012859
v -0.085546 0.092370 -0.013061
v -0.084735 0.092077 -0.013247
v -0.085074 0.092033 -0.013451
v -0.085400 0.092078 -0.013732
v -0.084467 0.091721 -0.013694
v -0.084833 0.091667 -0.013939
v -0.085164 0.091721 -0.014250
v -0.084314 0.091496 -0.013969
v -0.084651 0.091450 -0.014201
v -0.084947 0.091496 -0.014483
v -0.084179 0.091265 -0.014258
v -0.084450 0.091233 -0.014449
v -0.084693 0.091265 -0.014674
v -0.084048 0.091034 -0.014550
v -0.084249 0.091016 -0.014697
v -0.084433 0.091034 -0.014863
v -0.082982 0.090838 -0.014948
v -0.083708 0.090838 -0.014792
v -0.081830 0.092240 -0.011665
v -0.081927 0.092240 -0.011625
v -0.081781 0.092223 -0.011751
v -0.081751 0.092216 -0.011916
v -0.081768 0.092256 -0.012127
v -0.081836 0.092386 -0.012425
v -0.081963 0.092492 -0.012828
v -0.082105 0.092165 -0.013402
v -0.082224 0.091826 -0.013892
v -0.082362 0.091592 -0.014174
v -0.082572 0.091337 -0.014429
v -0.082797 0.091080 -0.014679
v -0.083765 0.091080 -0.014471
v -0.083867 0.091337 -0.014150
v -0.083954 0.091592 -0.013831
v -0.083953 0.091826 -0.013514
v -0.083701 0.092166 -0.013002
v -0.083188 0.092493 -0.012437
v -0.082738 0.092383 -0.012091
v -0.082411 0.092254 -0.011870
v -0.082201 0.092215 -0.011732
v -0.082030 0.092223 -0.011649
v -0.083158 0.090810 -0.014891
v -0.083339 0.090799 -0.014844
v -0.083524 0.090810 -0.014812
v -0.081903 0.092237 -0.011635
v -0.081878 0.092236 -0.011645
v -0.081853 0.092237 -0.011655
v -0.081839 0.092209 -0.011721
v -0.081899 0.092204 -0.011695
v -0.081962 0.092209 -0.011670
v -0.081849 0.092169 -0.011863
v -0.081958 0.092153 -0.011814
v -0.082075 0.092170 -0.011769
v -0.081900 0.092171 -0.012052
v -0.082053 0.092140 -0.011982
v -0.082223 0.092170 -0.011920
v -0.082010 0.092257 -0.012328
v -0.082218 0.092209 -0.012233
v -0.082460 0.092255 -0.012153
v -0.082200 0.092370 -0.012703
v -0.082478 0.092317 -0.012586
v -0.082810 0.092370 -0.012496
v -0.082447 0.092077 -0.013244
v -0.082818 0.092033 -0.013108
v -0.083242 0.092078 -0.013030
v -0.082627 0.091721 -0.013734
v -0.083048 0.091667 -0.013602
v -0.083497 0.091721 -0.013539
v -0.082746 0.091496 -0.014025
v -0.083137 0.091450 -0.013908
v -0.083543 0.091496 -0.013853
v -0.082886 0.091265 -0.014311
v -0.083205 0.091233 -0.014220
v -0.083533 0.091265 -0.014172
v -0.083032 0.091034 -0.014597
v -0.083272 0.091016 -0.014532
v -0.083517 0.091034 -0.014492
v -0.082674 0.090838 -0.015677
v -0.083007 0.090838 -0.015013
v -0.079393 0.092240 -0.014517
v -0.079423 0.092240 -0.014416
v -0.079430 0.092223 -0.014609
v -0.079540 0.092216 -0.014736
v -0.079714 0.092256 -0.014855
v -0.079990 0.092386 -0.014989
v -0.080383 0.092492 -0.015142
v -0.080920 0.092165 -0.015391
v -0.081376 0.091826 -0.015606
v -0.081682 0.091592 -0.015674
v -0.082013 0.091337 -0.015671
v -0.082349 0.091080 -0.015652
v -0.082793 0.091080 -0.014767
v -0.082607 0.091337 -0.014487
v -0.082412 0.091592 -0.014220
v -0.082165 0.091826 -0.014022
v -0.081608 0.092166 -0.013897
v -0.080846 0.092493 -0.013942
v -0.080294 0.092383 -0.014077
v -0.079917 0.092254 -0.014193
v -0.079678 0.092215 -0.014270
v -0.079506 0.092223 -0.014351
v -0.082739 0.090810 -0.015504
v -0.082817 0.090799 -0.015333
v -0.082907 0.090810 -0.015169
v -0.079415 0.092237 -0.014441
v -0.079408 0.092236 -0.014467
v -0.079400 0.092237 -0.014493
v -0.079443 0.092209 -0.014545
v -0.079460 0.092204 -0.014482
v -0.079480 0.092209 -0.014417
v -0.079559 0.092169 -0.014627
v -0.079589 0.092153 -0.014511
v -0.079628 0.092170 -0.014391
v -0.079739 0.092171 -0.014705
v -0.079780 0.092140 -0.014542
v -0.079838 0.092170 -0.014371
v -0.080022 0.092257 -0.014792
v -0.080080 0.092209 -0.014571
v -0.080168 0.092255 -0.014332
v -0.080434 0.092370 -0.014880
v -0.080517 0.092317 -0.014589
v -0.080655 0.092370 -0.014274
v -0.081010 0.092077 -0.015026
v -0.081137 0.092033 -0.014651
v -0.081342 0.092078 -0.014273
v -0.081505 0.091721 -0.015192
v -0.081666 0.091667 -0.014782
v -0.081898 0.091721 -0.014392
v -0.081806 0.091496 -0.015282
v -0.081961 0.091450 -0.014904
v -0.082172 0.091496 -0.014554
v -0.082117 0.091265 -0.015352
v -0.082246 0.091233 -0.015047
v -0.082414 0.091265 -0.014761
v -0.082431 0.091034 -0.015418
v -0.082531 0.091016 -0.015190
v -0.082654 0.091034 -0.014974
v -0.083049 0.090838 -0.016373
v -0.082740 0.090838 -0.015698
v -0.080089 0.092240 -0.018204
v -0.080029 0.092240 -0.018117
v -0.080184 0.092223 -0.018232
v -0.080352 0.092216 -0.018226
v -0.080554 0.092256 -0.018165
v -0.080831 0.092386 -0.018034
v -0.081197 0.092492 -0.017824
v -0.081727 0.092165 -0.017561
v -0.082180 0.091826 -0.017341
v -0.082426 0.091592 -0.017145
v -0.082630 0.091337 -0.016885
v -0.082826 0.091080 -0.016612
v -0.082415 0.091080 -0.015710
v -0.082079 0.091337 -0.015680
v -0.081749 0.091592 -0.015664
v -0.081440 0.091826 -0.015733
v -0.080994 0.092166 -0.016088
v -0.080552 0.092493 -0.016711
v -0.080310 0.092383 -0.017225
v -0.080165 0.092254 -0.017592
v -0.080075 0.092215 -0.017826
v -0.080030 0.092223 -0.018011
v -0.082955 0.090810 -0.016214
v -0.082870 0.090799 -0.016047
v -0.082799 0.090810 -0.015873
v -0.080044 0.092237 -0.018139
v -0.080059 0.092236 -0.018161
v -0.080075 0.092237 -0.018183
v -0.080142 0.092209 -0.018183
v -0.080103 0.092204 -0.018129
v -0.080066 0.092209 -0.018073
v -0.080279 0.092169 -0.018143
v -0.080207 0.092153 -0.018046
v -0.080138 0.092170 -0.017942
v -0.080453 0.092171 -0.018052
v -0.080351 0.092140 -0.017917
v -0.080254 0.092170 -0.017765
v -0.080698 0.092257 -0.017886
v -0.080561 0.092209 -0.017702
v -0.080431 0.092255 -0.017484
v -0.081024 0.092370 -0.017619
v -0.080849 0.092317 -0.017372
v -0.080690 0.092370 -0.017068
v -0.081499 0.092077 -0.017262
v -0.081286 0.092033 -0.016928
v -0.081120 0.092078 -0.016531
v -0.081939 0.091721 -0.016981
v -0.081720 0.091667 -0.016598
v -0.081562 0.091721 -0.016173
v -0.082198 0.091496 -0.016802
v -0.082000 0.091450 -0.016445
v -0.081859 0.091496 -0.016061
v -0.082447 0.091265 -0.016604
v -0.082290 0.091233 -0.016312
v -0.082172 0.091265 -0.016002
v -0.082695 0.091034 -0.016400
v -0.082580 0.091016 -0.016179
v -0.082488 0.091034 -0.015948
v -0.083827 0.090838 -0.016518
v -0.083107 0.090838 -0.016335
v -0.083398 0.092240 -0.019971
v -0.083293 0.092240 -0.019964
v -0.083480 0.092223 -0.019915
v -0.083581 0.092216 -0.019781
v -0.083659 0.092256 -0.019585
v -0.083731 0.092386 -0.019287
v -0.083797 0.092492 -0.018870
v -0.083924 0.092165 -0.018292
v -0.084036 0.091826 -0.017801
v -0.084037 0.091592 -0.017487
v -0.083962 0.091337 -0.017165
v -0.083872 0.091080 -0.016841
v -0.082912 0.091080 -0.016597
v -0.082679 0.091337 -0.016839
v -0.082459 0.091592 -0.017086
v -0.082319 0.091826 -0.017370
v -0.082317 0.092166 -0.017941
v -0.082525 0.092493 -0.018675
v -0.082775 0.092383 -0.019186
v -0.082969 0.092254 -0.019529
v -0.083095 0.092215 -0.019746
v -0.083212 0.092223 -0.019896
v -0.083643 0.090810 -0.016491
v -0.083460 0.090799 -0.016452
v -0.083281 0.090810 -0.016399
v -0.083320 0.092237 -0.019965
v -0.083346 0.092236 -0.019967
v -0.083373 0.092237 -0.019969
v -0.083415 0.092209 -0.019917
v -0.083349 0.092204 -0.019913
v -0.083282 0.092209 -0.019907
v -0.083470 0.092169 -0.019785
v -0.083350 0.092153 -0.019781
v -0.083225 0.092170 -0.019769
v -0.083508 0.092171 -0.019593
v -0.083340 0.092140 -0.019588
v -0.083160 0.092170 -0.019568
v -0.083532 0.092257 -0.019297
v -0.083304 0.092209 -0.019289
v -0.083051 0.092255 -0.019254
v -0.083529 0.092370 -0.018876
v -0.083227 0.092317 -0.018858
v -0.082890 0.092370 -0.018791
v -0.083548 0.092077 -0.018282
v -0.083155 0.092033 -0.018239
v -0.082741 0.092078 -0.018120
v -0.083604 0.091721 -0.017763
v -0.083169 0.091667 -0.017694
v -0.082739 0.091721 -0.017551
v -0.083627 0.091496 -0.017450
v -0.083225 0.091450 -0.017380
v -0.082837 0.091496 -0.017249
v -0.083629 0.091265 -0.017131
v -0.083303 0.091233 -0.017071
v -0.082988 0.091265 -0.016968
v -0.083625 0.091034 -0.016810
v -0.083382 0.091016 -0.016761
v -0.083144 0.091034 -0.016688
v -0.084426 0.090838 -0.016002
v -0.083833 0.090838 -0.016448
v -0.086849 0.092240 -0.018500
v -0.086778 0.092240 -0.018577
v -0.086857 0.092223 -0.018401
v -0.086815 0.092216 -0.018238
v -0.086712 0.092256 -0.018054
v -0.086524 0.092386 -0.017812
v -0.086241 0.092492 -0.017499
v -0.085871 0.092165 -0.017038
v -0.085558 0.091826 -0.016643
v -0.085313 0.091592 -0.016445
v -0.085016 0.091337 -0.016302
v -0.084707 0.091080 -0.016168
v -0.083915 0.091080 -0.016764
v -0.083957 0.091337 -0.017098
v -0.084013 0.091592 -0.017423
v -0.084146 0.091826 -0.017711
v -0.084589 0.092166 -0.018070
v -0.085292 0.092493 -0.018368
v -0.085846 0.092383 -0.018493
v -0.086236 0.092254 -0.018557
v -0.086484 0.092215 -0.018594
v -0.086674 0.092223 -0.018598
v -0.084291 0.090810 -0.016128
v -0.084146 0.090799 -0.016246
v -0.083992 0.090810 -0.016353
v -0.086796 0.092237 -0.018557
v -0.086814 0.092236 -0.018538
v -0.086832 0.092237 -0.018518
v -0.086817 0.092209 -0.018452
v -0.086774 0.092204 -0.018502
v -0.086727 0.092209 -0.018550
v -0.086749 0.092169 -0.018328
v -0.086671 0.092153 -0.018418
v -0.086583 0.092170 -0.018508
v -0.086623 0.092171 -0.018177
v -0.086514 0.092140 -0.018305
v -0.086386 0.092170 -0.018433
v -0.086408 0.092257 -0.017973
v -0.086258 0.092209 -0.018146
v -0.086073 0.092255 -0.018320
v -0.086078 0.092370 -0.017712
v -0.085874 0.092317 -0.017935
v -0.085611 0.092370 -0.018156
v -0.085627 0.092077 -0.017324
v -0.085347 0.092033 -0.017604
v -0.084995 0.092078 -0.017852
v -0.085258 0.091721 -0.016955
v -0.084931 0.091667 -0.017252
v -0.084550 0.091721 -0.017497
v -0.085028 0.091496 -0.016741
v -0.084721 0.091450 -0.017011
v -0.084376 0.091496 -0.017231
v -0.084781 0.091265 -0.016540
v -0.084529 0.091233 -0.016756
v -0.084252 0.091265 -0.016938
v -0.084528 0.091034 -0.016342
v -0.084337 0.091016 -0.016501
v -0.084131 0.091034 -0.016640
v -0.084400 0.090838 -0.015211
v -0.084376 0.090838 -0.015953
v -0.087865 0.092240 -0.014888
v -0.087880 0.092240 -0.014992
v -0.087793 0.092223 -0.014820
v -0.087640 0.092216 -0.014751
v -0.087432 0.092256 -0.014716
v -0.087125 0.092386 -0.014710
v -0.086704 0.092492 -0.014735
v -0.086113 0.092165 -0.014735
v -0.085608 0.091826 -0.014731
v -0.085301 0.091592 -0.014798
v -0.085003 0.091337 -0.014940
v -0.084706 0.091080 -0.015097
v -0.084674 0.091080 -0.016087
v -0.084960 0.091337 -0.016263
v -0.085249 0.091592 -0.016424
v -0.085556 0.091826 -0.016500
v -0.086114 0.092166 -0.016380
v -0.086787 0.092493 -0.016019
v -0.087232 0.092383 -0.015666
v -0.087525 0.092254 -0.015402
v -0.087710 0.092215 -0.015232
v -0.087832 0.092223 -0.015086
v -0.084413 0.090810 -0.015396
v -0.084415 0.090799 -0.015583
v -0.084401 0.090810 -0.015770
v -0.087876 0.092237 -0.014966
v -0.087872 0.092236 -0.014940
v -0.087869 0.092237 -0.014913
v -0.087808 0.092209 -0.014883
v -0.087819 0.092204 -0.014948
v -0.087828 0.092209 -0.015015
v -0.087668 0.092169 -0.014858
v -0.087689 0.092153 -0.014976
v -0.087705 0.092170 -0.015101
v -0.087472 0.092171 -0.014862
v -0.087503 0.092140 -0.015028
v -0.087522 0.092170 -0.015207
v -0.087178 0.092257 -0.014902
v -0.087219 0.092209 -0.015127
v -0.087239 0.092255 -0.015381
v -0.086768 0.092370 -0.014995
v -0.086814 0.092317 -0.015294
v -0.086821 0.092370 -0.015638
v -0.086183 0.092077 -0.015104
v -0.086226 0.092033 -0.015498
v -0.086198 0.092078 -0.015927
v -0.085664 0.091721 -0.015161
v -0.085691 0.091667 -0.015601
v -0.085643 0.091721 -0.016052
v -0.085353 0.091496 -0.015206
v -0.085372 0.091450 -0.015614
v -0.085327 0.091496 -0.016021
v -0.085042 0.091265 -0.015273
v -0.085053 0.091233 -0.015604
v -0.085020 0.091265 -0.015934
v -0.084729 0.091034 -0.015345
v -0.084734 0.091016 -0.015594
v -0.084713 0.091034 -0.015841
vt 0.761503 0.721602
vt 0.759780 0.721941
vt 0.760129 0.719111
vt 0.761398 0.718860
vt 0.762906 0.747550
vt 0.762750 0.747561
vt 0.762216 0.747180
vt 0.762645 0.747149
vt 0.761546 0.746301
vt 0.762331 0.746276
vt 0.760954 0.744994
vt 0.762093 0.745079
vt 0.760219 0.742791
vt 0.761839 0.743010
vt 0.759511 0.739642
vt 0.761693 0.739632
vt 0.759079 0.734677
vt 0.761818 0.734458
vt 0.758472 0.730432
vt 0.761545 0.729887
vt 0.758536 0.727691
vt 0.761433 0.727149
vt 0.759114 0.724829
vt 0.761455 0.724375
vt 0.768288 0.723022
vt 0.765945 0.723491
vt 0.764847 0.720942
vt 0.766570 0.720600
vt 0.763700 0.723936
vt 0.763175 0.721272
vt 0.769914 0.725459
vt 0.767016 0.726052
vt 0.764222 0.726610
vt 0.770945 0.728032
vt 0.767719 0.728717
vt 0.764592 0.729331
vt 0.770945 0.732724
vt 0.767699 0.733550
vt 0.764649 0.734129
vt 0.769505 0.738527
vt 0.766603 0.739145
vt 0.764003 0.739531
vt 0.767293 0.742198
vt 0.765146 0.742710
vt 0.763404 0.742999
vt 0.765672 0.744644
vt 0.764276 0.744906
vt 0.763141 0.745048
vt 0.764743 0.746090
vt 0.763827 0.746178
vt 0.763058 0.746239
vt 0.763938 0.747075
vt 0.763464 0.747100
vt 0.763047 0.747124
vt 0.763388 0.747523
vt 0.763225 0.747532
vt 0.763064 0.747540
vt 0.763901 0.718365
vt 0.765171 0.718114
vt 0.762650 0.718613
vt 0.761503 0.721602
vt 0.759780 0.721941
vt 0.760129 0.719111
vt 0.761398 0.718860
vt 0.762906 0.747550
vt 0.762750 0.747561
vt 0.762216 0.747180
vt 0.762645 0.747149
vt 0.761546 0.746301
vt 0.762331 0.746276
vt 0.760954 0.744994
vt 0.762093 0.745079
vt 0.760219 0.742791
vt 0.761839 0.743010
vt 0.759511 0.739642
vt 0.761693 0.739632
vt 0.759079 0.734677
vt 0.761818 0.734458
vt 0.758472 0.730432
vt 0.761545 0.729887
vt 0.758536 0.727691
vt 0.761433 0.727149
vt 0.759114 0.724829
vt 0.761455 0.724375
vt 0.768288 0.723022
vt 0.765945 0.723491
vt 0.764847 0.720942
vt 0.766570 0.720600
vt 0.763700 0.723936
vt 0.763175 0.721272
vt 0.769914 0.725459
vt 0.767016 0.726052
vt 0.764222 0.726610
vt 0.770945 0.728032
vt 0.767719 0.728717
vt 0.764592 0.729331
vt 0.770945 0.732724
vt 0.767699 0.733550
vt 0.764649 0.734129
vt 0.769505 0.738527
vt 0.766603 0.739145
vt 0.764003 0.739531
vt 0.767293 0.742198
vt 0.765146 0.742710
vt 0.763404 0.742999
vt 0.765672 0.744644
vt 0.764276 0.744906
vt 0.763141 0.745048
vt 0.764743 0.746090
vt 0.763827 0.746178
vt 0.763058 0.746239
vt 0.763938 0.747075
vt 0.763464 0.747100
vt 0.763047 0.747124
vt 0.763388 0.747523
vt 0.763225 0.747532
vt 0.763064 0.747540
vt 0.763901 0.718365
vt 0.765171 0.718114
vt 0.762650 0.718613
vt 0.761503 0.721602
vt 0.759780 0.721941
vt 0.760129 0.719111
vt 0.761398 0.718860
vt 0.762906 0.747550
vt 0.762750 0.747561
vt 0.762216 0.747180
vt 0.762645 0.747149
vt 0.761546 0.746301
vt 0.762331 0.746276
vt 0.760954 0.744994
vt 0.762093 0.745079
vt 0.760219 0.742791
vt 0.761839 0.743010
vt 0.759511 0.739642
vt 0.761693 0.739632
vt 0.759079 0.734677
vt 0.761818 0.734458
vt 0.758472 0.730432
vt 0.761545 0.729887
vt 0.758536 0.727691
vt 0.761433 0.727149
vt 0.759114 0.724829
vt 0.761455 0.724375
vt 0.768288 0.723022
vt 0.765945 0.723491
vt 0.764847 0.720942
vt 0.766570 0.720600
vt 0.763700 0.723936
vt 0.763175 0.721272
vt 0.769914 0.725459
vt 0.767016 0.726052
vt 0.764222 0.726610
vt 0.770945 0.728032
vt 0.767719 0.728717
vt 0.764592 0.729331
vt 0.770945 0.732724
vt 0.767699 0.733550
vt 0.764649 0.734129
vt 0.769505 0.738527
vt 0.766603 0.739145
vt 0.764003 0.739531
vt 0.767293 0.742198
vt 0.765146 0.742710
vt 0.763404 0.742999
vt 0.765672 0.744644
vt 0.764276 0.744906
vt 0.763141 0.745048
vt 0.764743 0.746090
vt 0.763827 0.746178
vt 0.763058 0.746239
vt 0.763938 0.747075
vt 0.763464 0.747100
vt 0.763047 0.747124
vt 0.763388 0.747523
vt 0.763225 0.747532
vt 0.763064 0.747540
vt 0.763901 0.718365
vt 0.765171 0.718114
vt 0.762650 0.718613
vt 0.761503 0.721602
vt 0.759780 0.721941
vt 0.760129 0.719111
vt 0.761398 0.718860
vt 0.762906 0.747550
vt 0.762750 0.747561
vt 0.762216 0.747180
vt 0.762645 0.747149
vt 0.761546 0.746301
vt 0.762331 0.746276
vt 0.760954 0.744994
vt 0.762093 0.745079
vt 0.760219 0.742791
vt 0.761839 0.743010
vt 0.759511 0.739642
vt 0.761693 0.739632
vt 0.759079 0.734677
vt 0.761818 0.734458
vt 0.758472 0.730432
vt 0.761545 0.729887
vt 0.758536 0.727691
vt 0.761433 0.727149
vt 0.759114 0.724829
vt 0.761455 0.724375
vt 0.768288 0.723022
vt 0.765945 0.723491
vt 0.764847 0.720942
vt 0.766570 0.720600
vt 0.763700 0.723936
vt 0.763175 0.721272
vt 0.769914 0.725459
vt 0.767016 0.726052
vt 0.764222 0.726610
vt 0.770945 0.728032
vt 0.767719 0.728717
vt 0.764592 0.729331
vt 0.770945 0.732724
vt 0.767699 0.733550
vt 0.764649 0.734129
vt 0.769505 0.738527
vt 0.766603 0.739145
vt 0.764003 0.739531
vt 0.767293 0.742198
vt 0.765146 0.742710
vt 0.763404 0.742999
vt 0.765672 0.744644
vt 0.764276 0.744906
vt 0.763141 0.745048
vt 0.764743 0.746090
vt 0.763827 0.746178
vt 0.763058 0.746239
vt 0.763938 0.747075
vt 0.763464 0.747100
vt 0.763047 0.747124
vt 0.763388 0.747523
vt 0.763225 0.747532
vt 0.763064 0.747540
vt 0.763901 0.718365
vt 0.765171 0.718114
vt 0.762650 0.718613
vt 0.761503 0.721602
vt 0.759780 0.721941
vt 0.760129 0.719111
vt 0.761398 0.718860
vt 0.762906 0.747550
vt 0.762750 0.747561
vt 0.762216 0.747180
vt 0.762645 0.747149
vt 0.761546 0.746301
vt 0.762331 0.746276
vt 0.760954 0.744994
vt 0.762093 0.745079
vt 0.760219 0.742791
vt 0.761839 0.743010
vt 0.759511 0.739642
vt 0.761693 0.739632
vt 0.759079 0.734677
vt 0.761818 0.734458
vt 0.758472 0.730432
vt 0.761545 0.729887
vt 0.758536 0.727691
vt 0.761433 0.727149
vt 0.759114 0.724829
vt 0.761455 0.724375
vt 0.768288 0.723022
vt 0.765945 0.723491
vt 0.764847 0.720942
vt 0.766570 0.720600
vt 0.763700 0.723936
vt 0.763175 0.721272
vt 0.769914 0.725459
vt 0.767016 0.726052
vt 0.764222 0.726610
vt 0.770945 0.728032
vt 0.767719 0.728717
vt 0.764592 0.729331
vt 0.770945 0.732724
vt 0.767699 0.733550
vt 0.764649 0.734129
vt 0.769505 0.738527
vt 0.766603 0.739145
vt 0.764003 0.739531
vt 0.767293 0.742198
vt 0.765146 0.742710
vt 0.763404 0.742999
vt 0.765672 0.744644
vt 0.764276 0.744906
vt 0.763141 0.745048
vt 0.764743 0.746090
vt 0.763827 0.746178
vt 0.763058 0.746239
vt 0.763938 0.747075
vt 0.763464 0.747100
vt 0.763047 0.747124
vt 0.763388 0.747523
vt 0.763225 0.747532
vt 0.763064 0.747540
vt 0.763901 0.718365
vt 0.765171 0.718114
vt 0.762650 0.718613
vt 0.761503 0.721602
vt 0.759780 0.721941
vt 0.760129 0.719111
vt 0.761398 0.718860
vt 0.762906 0.747550
vt 0.762750 0.747561
vt 0.762216 0.747180
vt 0.762645 0.747149
vt 0.761546 0.746301
vt 0.762331 0.746276
vt 0.760954 0.744994
vt 0.762093 0.745079
vt 0.760219 0.742791
vt 0.761839 0.743010
vt 0.759511 0.739642
vt 0.761693 0.739632
vt 0.759079 0.734677
vt 0.761818 0.734458
vt 0.758472 0.730432
vt 0.761545 0.729887
vt 0.758536 0.727691
vt 0.761433 0.727149
vt 0.759114 0.724829
vt 0.761455 0.724375
vt 0.768288 0.723022
vt 0.765945 0.723491
vt 0.764847 0.720942
vt 0.766570 0.720600
vt 0.763700 0.723936
vt 0.763175 0.721272
vt 0.769914 0.725459
vt 0.767016 0.726052
vt 0.764222 0.726610
vt 0.770945 0.728032
vt 0.767719 0.728717
vt 0.764592 0.729331
vt 0.770945 0.732724
vt 0.767699 0.733550
vt 0.764649 0.734129
vt 0.769505 0.738527
vt 0.766603 0.739145
vt 0.764003 0.739531
vt 0.767293 0.742198
vt 0.765146 0.742710
vt 0.763404 0.742999
vt 0.765672 0.744644
vt 0.764276 0.744906
vt 0.763141 0.745048
vt 0.764743 0.746090
vt 0.763827 0.746178
vt 0.763058 0.746239
vt 0.763938 0.747075
vt 0.763464 0.747100
vt 0.763047 0.747124
vt 0.763388 0.747523
vt 0.763225 0.747532
vt 0.763064 0.747540
vt 0.763901 0.718365
vt 0.765171 0.718114
vt 0.762650 0.718613
vt 0.761503 0.721602
vt 0.759780 0.721941
vt 0.760129 0.719111
vt 0.761398 0.718860
vt 0.762906 0.747550
vt 0.762750 0.747561
vt 0.762216 0.747180
vt 0.762645 0.747149
vt 0.761546 0.746301
vt 0.762331 0.746276
vt 0.760954 0.744994
vt 0.762093 0.745079
vt 0.760219 0.742791
vt 0.761839 0.743010
vt 0.759511 0.739642
vt 0.761693 0.739632
vt 0.759079 0.734677
vt 0.761818 0.734458
vt 0.758472 0.730432
vt 0.761545 0.729887
vt 0.758536 0.727691
vt 0.761433 0.727149
vt 0.759114 0.724829
vt 0.761455 0.724375
vt 0.768288 0.723022
vt 0.765945 0.723491
vt 0.764847 0.720942
vt 0.766570 0.720600
vt 0.763700 0.723936
vt 0.763175 0.721272
vt 0.769914 0.725459
vt 0.767016 0.726052
vt 0.764222 0.726610
vt 0.770945 0.728032
vt 0.767719 0.728717
vt 0.764592 0.729331
vt 0.770945 0.732724
vt 0.767699 0.733550
vt 0.764649 0.734129
vt 0.769505 0.738527
vt 0.766603 0.739145
vt 0.764003 0.739531
vt 0.767293 0.742198
vt 0.765146 0.742710
vt 0.763404 0.742999
vt 0.765672 0.744644
vt 0.764276 0.744906
vt 0.763141 0.745048
vt 0.764743 0.746090
vt 0.763827 0.746178
vt 0.763058 0.746239
vt 0.763938 0.747075
vt 0.763464 0.747100
vt 0.763047 0.747124
vt 0.763388 0.747523
vt 0.763225 0.747532
vt 0.763064 0.747540
vt 0.763901 0.718365
vt 0.765171 0.718114
vt 0.762650 0.718613
vt 0.761503 0.721602
vt 0.761398 0.718860
vt 0.760129 0.719111
vt 0.759780 0.721941
vt 0.762906 0.747550
vt 0.762645 0.747149
vt 0.762216 0.747180
vt 0.762750 0.747561
vt 0.762331 0.746276
vt 0.761546 0.746301
vt 0.762093 0.745079
vt 0.760954 0.744994
vt 0.761839 0.743010
vt 0.760219 0.742791
vt 0.761693 0.739632
vt 0.759511 0.739642
vt 0.761818 0.734458
vt 0.759079 0.734677
vt 0.761545 0.729887
vt 0.758472 0.730432
vt 0.761433 0.727149
vt 0.758536 0.727691
vt 0.761455 0.724375
vt 0.759114 0.724829
vt 0.768288 0.723022
vt 0.766570 0.720600
vt 0.764847 0.720942
vt 0.765945 0.723491
vt 0.763175 0.721272
vt 0.763700 0.723936
vt 0.769914 0.725459
vt 0.767016 0.726052
vt 0.764222 0.726610
vt 0.770945 0.728032
vt 0.767719 0.728717
vt 0.764592 0.729331
vt 0.770945 0.732724
vt 0.767699 0.733550
vt 0.764649 0.734129
vt 0.769505 0.738527
vt 0.766603 0.739145
vt 0.764003 0.739531
vt 0.767293 0.742198
vt 0.765146 0.742710
vt 0.763404 0.742999
vt 0.765672 0.744644
vt 0.764276 0.744906
vt 0.763141 0.745048
vt 0.764743 0.746090
vt 0.763827 0.746178
vt 0.763058 0.746239
vt 0.763938 0.747075
vt 0.763464 0.747100
vt 0.763047 0.747124
vt 0.763388 0.747523
vt 0.763225 0.747532
vt 0.763064 0.747540
vt 0.765171 0.718114
vt 0.763901 0.718365
vt 0.762650 0.718613
vt 0.761503 0.721602
vt 0.761398 0.718860
vt 0.760129 0.719111
vt 0.759780 0.721941
vt 0.762906 0.747550
vt 0.762645 0.747149
vt 0.762216 0.747180
vt 0.762750 0.747561
vt 0.762331 0.746276
vt 0.761546 0.746301
vt 0.762093 0.745079
vt 0.760954 0.744994
vt 0.761839 0.743010
vt 0.760219 0.742791
vt 0.761693 0.739632
vt 0.759511 0.739642
vt 0.761818 0.734458
vt 0.759079 0.734677
vt 0.761545 0.729887
vt 0.758472 0.730432
vt 0.761433 0.727149
vt 0.758536 0.727691
vt 0.761455 0.724375
vt 0.759114 0.724829
vt 0.768288 0.723022
vt 0.766570 0.720600
vt 0.764847 0.720942
vt 0.765945 0.723491
vt 0.763175 0.721272
vt 0.763700 0.723936
vt 0.769914 0.725459
vt 0.767016 0.726052
vt 0.764222 0.726610
vt 0.770945 0.728032
vt 0.767719 0.728717
vt 0.764592 0.729331
vt 0.770945 0.732724
vt 0.767699 0.733550
vt 0.764649 0.734129
vt 0.769505 0.738527
vt 0.766603 0.739145
vt 0.764003 0.739531
vt 0.767293 0.742198
vt 0.765146 0.742710
vt 0.763404 0.742999
vt 0.765672 0.744644
vt 0.764276 0.744906
vt 0.763141 0.745048
vt 0.764743 0.746090
vt 0.763827 0.746178
vt 0.763058 0.746239
vt 0.763938 0.747075
vt 0.763464 0.747100
vt 0.763047 0.747124
vt 0.763388 0.747523
vt 0.763225 0.747532
vt 0.763064 0.747540
vt 0.765171 0.718114
vt 0.763901 0.718365
vt 0.762650 0.718613
vt 0.761503 0.721602
vt 0.761398 0.718860
vt 0.760129 0.719111
vt 0.759780 0.721941
vt 0.762906 0.747550
vt 0.762645 0.747149
vt 0.762216 0.747180
vt 0.762750 0.747561
vt 0.762331 0.746276
vt 0.761546 0.746301
vt 0.762093 0.745079
vt 0.760954 0.744994
vt 0.761839 0.743010
vt 0.760219 0.742791
vt 0.761693 0.739632
vt 0.759511 0.739642
vt 0.761818 0.734458
vt 0.759079 0.734677
vt 0.761545 0.729887
vt 0.758472 0.730432
vt 0.761433 0.727149
vt 0.758536 0.727691
vt 0.761455 0.724375
vt 0.759114 0.724829
vt 0.768288 0.723022
vt 0.766570 0.720600
vt 0.764847 0.720942
vt 0.765945 0.723491
vt 0.763175 0.721272
vt 0.763700 0.723936
vt 0.769914 0.725459
vt 0.767016 0.726052
vt 0.764222 0.726610
vt 0.770945 0.728032
vt 0.767719 0.728717
vt 0.764592 0.729331
vt 0.770945 0.732724
vt 0.767699 0.733550
vt 0.764649 0.734129
vt 0.769505 0.738527
vt 0.766603 0.739145
vt 0.764003 0.739531
vt 0.767293 0.742198
vt 0.765146 0.742710
vt 0.763404 0.742999
vt 0.765672 0.744644
vt 0.764276 0.744906
vt 0.763141 0.745048
vt 0.764743 0.746090
vt 0.763827 0.746178
vt 0.763058 0.746239
vt 0.763938 0.747075
vt 0.763464 0.747100
vt 0.763047 0.747124
vt 0.763388 0.747523
vt 0.763225 0.747532
vt 0.763064 0.747540
vt 0.765171 0.718114
vt 0.763901 0.718365
vt 0.762650 0.718613
vt 0.761503 0.721602
vt 0.761398 0.718860
vt 0.760129 0.719111
vt 0.759780 0.721941
vt 0.762906 0.747550
vt 0.762645 0.747149
vt 0.762216 0.747180
vt 0.762750 0.747561
vt 0.762331 0.746276
vt 0.761546 0.746301
vt 0.762093 0.745079
vt 0.760954 0.744994
vt 0.761839 0.743010
vt 0.760219 0.742791
vt 0.761693 0.739632
vt 0.759511 0.739642
vt 0.761818 0.734458
vt 0.759079 0.734677
vt 0.761545 0.729887
vt 0.758472 0.730432
vt 0.761433 0.727149
vt 0.758536 0.727691
vt 0.761455 0.724375
vt 0.759114 0.724829
vt 0.768288 0.723022
vt 0.766570 0.720600
vt 0.764847 0.720942
vt 0.765945 0.723491
vt 0.763175 0.721272
vt 0.763700 0.723936
vt 0.769914 0.725459
vt 0.767016 0.726052
vt 0.764222 0.726610
vt 0.770945 0.728032
vt 0.767719 0.728717
vt 0.764592 0.729331
vt 0.770945 0.732724
vt 0.767699 0.733550
vt 0.764649 0.734129
vt 0.769505 0.738527
vt 0.766603 0.739145
vt 0.764003 0.739531
vt 0.767293 0.742198
vt 0.765146 0.742710
vt 0.763404 0.742999
vt 0.765672 0.744644
vt 0.764276 0.744906
vt 0.763141 0.745048
vt 0.764743 0.746090
vt 0.763827 0.746178
vt 0.763058 0.746239
vt 0.763938 0.747075
vt 0.763464 0.747100
vt 0.763047 0.747124
vt 0.763388 0.747523
vt 0.763225 0.747532
vt 0.763064 0.747540
vt 0.765171 0.718114
vt 0.763901 0.718365
vt 0.762650 0.718613
vt 0.761503 0.721602
vt 0.761398 0.718860
vt 0.760129 0.719111
vt 0.759780 0.721941
vt 0.762906 0.747550
vt 0.762645 0.747149
vt 0.762216 0.747180
vt 0.762750 0.747561
vt 0.762331 0.746276
vt 0.761546 0.746301
vt 0.762093 0.745079
vt 0.760954 0.744994
vt 0.761839 0.743010
vt 0.760219 0.742791
vt 0.761693 0.739632
vt 0.759511 0.739642
vt 0.761818 0.734458
vt 0.759079 0.734677
vt 0.761545 0.729887
vt 0.758472 0.730432
vt 0.761433 0.727149
vt 0.758536 0.727691
vt 0.761455 0.724375
vt 0.759114 0.724829
vt 0.768288 0.723022
vt 0.766570 0.720600
vt 0.764847 0.720942
vt 0.765945 0.723491
vt 0.763175 0.721272
vt 0.763700 0.723936
vt 0.769914 0.725459
vt 0.767016 0.726052
vt 0.764222 0.726610
vt 0.770945 0.728032
vt 0.767719 0.728717
vt 0.764592 0.729331
vt 0.770945 0.732724
vt 0.767699 0.733550
vt 0.764649 0.734129
vt 0.769505 0.738527
vt 0.766603 0.739145
vt 0.764003 0.739531
vt 0.767293 0.742198
vt 0.765146 0.742710
vt 0.763404 0.742999
vt 0.765672 0.744644
vt 0.764276 0.744906
vt 0.763141 0.745048
vt 0.764743 0.746090
vt 0.763827 0.746178
vt 0.763058 0.746239
vt 0.763938 0.747075
vt 0.763464 0.747100
vt 0.763047 0.747124
vt 0.763388 0.747523
vt 0.763225 0.747532
vt 0.763064 0.747540
vt 0.765171 0.718114
vt 0.763901 0.718365
vt 0.762650 0.718613
vt 0.761503 0.721602
vt 0.761398 0.718860
vt 0.760129 0.719111
vt 0.759780 0.721941
vt 0.762906 0.747550
vt 0.762645 0.747149
vt 0.762216 0.747180
vt 0.762750 0.747561
vt 0.762331 0.746276
vt 0.761546 0.746301
vt 0.762093 0.745079
vt 0.760954 0.744994
vt 0.761839 0.743010
vt 0.760219 0.742791
vt 0.761693 0.739632
vt 0.759511 0.739642
vt 0.761818 0.734458
vt 0.759079 0.734677
vt 0.761545 0.729887
vt 0.758472 0.730432
vt 0.761433 0.727149
vt 0.758536 0.727691
vt 0.761455 0.724375
vt 0.759114 0.724829
vt 0.768288 0.723022
vt 0.766570 0.720600
vt 0.764847 0.720942
vt 0.765945 0.723491
vt 0.763175 0.721272
vt 0.763700 0.723936
vt 0.769914 0.725459
vt 0.767016 0.726052
vt 0.764222 0.726610
vt 0.770945 0.728032
vt 0.767719 0.728717
vt 0.764592 0.729331
vt 0.770945 0.732724
vt 0.767699 0.733550
vt 0.764649 0.734129
vt 0.769505 0.738527
vt 0.766603 0.739145
vt 0.764003 0.739531
vt 0.767293 0.742198
vt 0.765146 0.742710
vt 0.763404 0.742999
vt 0.765672 0.744644
vt 0.764276 0.744906
vt 0.763141 0.745048
vt 0.764743 0.746090
vt 0.763827 0.746178
vt 0.763058 0.746239
vt 0.763938 0.747075
vt 0.763464 0.747100
vt 0.763047 0.747124
vt 0.763388 0.747523
vt 0.763225 0.747532
vt 0.763064 0.747540
vt 0.765171 0.718114
vt 0.763901 0.718365
vt 0.762650 0.718613
vt 0.761503 0.721602
vt 0.761398 0.718860
vt 0.760129 0.719111
vt 0.759780 0.721941
vt 0.762906 0.747550
vt 0.762645 0.747149
vt 0.762216 0.747180
vt 0.762750 0.747561
vt 0.762331 0.746276
vt 0.761546 0.746301
vt 0.762093 0.745079
vt 0.760954 0.744994
vt 0.761839 0.743010
vt 0.760219 0.742791
vt 0.761693 0.739632
vt 0.759511 0.739642
vt 0.761818 0.734458
vt 0.759079 0.734677
vt 0.761545 0.729887
vt 0.758472 0.730432
vt 0.761433 0.727149
vt 0.758536 0.727691
vt 0.761455 0.724375
vt 0.759114 0.724829
vt 0.768288 0.723022
vt 0.766570 0.720600
vt 0.764847 0.720942
vt 0.765945 0.723491
vt 0.763175 0.721272
vt 0.763700 0.723936
vt 0.769914 0.725459
vt 0.767016 0.726052
vt 0.764222 0.726610
vt 0.770945 0.728032
vt 0.767719 0.728717
vt 0.764592 0.729331
vt 0.770945 0.732724
vt 0.767699 0.733550
vt 0.764649 0.734129
vt 0.769505 0.738527
vt 0.766603 0.739145
vt 0.764003 0.739531
vt 0.767293 0.742198
vt 0.765146 0.742710
vt 0.763404 0.742999
vt 0.765672 0.744644
vt 0.764276 0.744906
vt 0.763141 0.745048
vt 0.764743 0.746090
vt 0.763827 0.746178
vt 0.763058 0.746239
vt 0.763938 0.747075
vt 0.763464 0.747100
vt 0.763047 0.747124
vt 0.763388 0.747523
vt 0.763225 0.747532
vt 0.763064 0.747540
vt 0.765171 0.718114
vt 0.763901 0.718365
vt 0.762650 0.718613
vn 0.2311 0.8137 -0.5334
vn 0.7966 0.5564 -0.2363
vn 0.8432 0.1913 -0.5024
vn 0.5456 0.1590 -0.8228
vn -0.2042 0.9637 0.1720
vn -0.0499 0.9494 0.3102
vn 0.1949 0.9272 0.3198
vn 0.0500 0.8876 -0.4578
vn 0.1741 0.9104 0.3752
vn -0.1560 0.9452 -0.2867
vn 0.0954 0.8805 0.4643
vn -0.3453 0.9370 -0.0522
vn 0.0957 0.8921 0.4414
vn -0.4138 0.9080 0.0659
vn 0.3227 0.9417 0.0949
vn -0.2052 0.9530 -0.2228
vn 0.6109 0.7851 -0.1018
vn 0.0923 0.8488 -0.5205
vn 0.7243 0.6796 -0.1163
vn 0.1688 0.8126 -0.5578
vn 0.7840 0.5864 -0.2035
vn 0.1878 0.8084 -0.5578
vn 0.7977 0.5417 -0.2650
vn 0.2072 0.8094 -0.5495
vn 0.0946 0.5414 -0.8354
vn 0.4950 0.8094 -0.3160
vn 0.4744 0.8137 -0.3359
vn 0.0673 0.5564 -0.8282
vn 0.3594 0.8213 -0.4429
vn 0.3583 0.8225 -0.4416
vn 0.0244 0.5850 -0.8106
vn 0.5085 0.8061 -0.3024
vn 0.3593 0.8222 -0.4414
vn -0.1282 0.6970 -0.7055
vn 0.5113 0.8023 -0.3080
vn 0.3514 0.8252 -0.4422
vn -0.2189 0.8292 -0.5143
vn 0.4911 0.8192 -0.2962
vn 0.2975 0.8656 -0.4027
vn -0.2959 0.9377 -0.1818
vn 0.3363 0.9414 -0.0256
vn 0.0576 0.9953 -0.0775
vn -0.4428 0.8639 0.2397
vn 0.1671 0.9540 0.2490
vn -0.1277 0.9714 0.1999
vn -0.4457 0.8543 0.2671
vn 0.2262 0.9615 0.1563
vn -0.0528 0.9959 0.0725
vn -0.3922 0.9097 0.1361
vn 0.3165 0.9448 -0.0844
vn 0.0898 0.9799 -0.1780
vn -0.3468 0.9368 0.0447
vn 0.3521 0.8840 -0.3074
vn 0.2041 0.9040 -0.3757
vn -0.2234 0.9521 0.2086
vn -0.0399 0.9650 0.2592
vn -0.1226 0.9676 0.2207
vn 0.6929 0.1590 -0.7033
vn 0.3180 0.1912 -0.9286
vn 0.6222 0.1584 -0.7667
vn -0.2709 0.8137 -0.5143
vn 0.3150 0.5564 -0.7689
vn 0.1368 0.1913 -0.9720
vn -0.2994 0.1590 -0.9408
vn 0.0060 0.9637 0.2669
vn 0.2105 0.9494 0.2332
vn 0.3713 0.9272 0.0484
vn -0.3254 0.8876 -0.3258
vn 0.4016 0.9104 0.0994
vn -0.3212 0.9452 -0.0581
vn 0.4217 0.8805 0.2166
vn -0.2571 0.9370 0.2364
vn 0.4041 0.8921 0.2021
vn -0.2079 0.9080 0.3638
vn 0.2762 0.9417 -0.1920
vn -0.3022 0.9530 0.0203
vn 0.3034 0.7851 -0.5399
vn -0.3478 0.8488 -0.3981
vn 0.3632 0.6796 -0.6374
vn -0.3289 0.8126 -0.4811
vn 0.3326 0.5864 -0.7386
vn -0.3170 0.8084 -0.4959
vn 0.2933 0.5417 -0.7877
vn -0.2983 0.8094 -0.5058
vn -0.5918 0.5415 -0.5972
vn 0.0639 0.8094 -0.5838
vn 0.0354 0.8137 -0.5802
vn -0.6033 0.5564 -0.5714
vn -0.1200 0.8213 -0.5577
vn -0.1196 0.8225 -0.5560
vn -0.6164 0.5850 -0.5270
vn 0.0829 0.8061 -0.5858
vn -0.1189 0.8222 -0.5566
vn -0.6301 0.6970 -0.3422
vn 0.0804 0.8023 -0.5915
vn -0.1245 0.8252 -0.5510
vn -0.5379 0.8292 -0.1517
vn 0.0768 0.8192 -0.5683
vn -0.1274 0.8656 -0.4841
vn -0.3270 0.9378 0.1166
vn 0.1908 0.9414 -0.2782
vn -0.0243 0.9953 -0.0935
vn -0.0906 0.8639 0.4953
vn 0.2987 0.9540 0.0258
vn 0.0758 0.9714 0.2247
vn -0.0711 0.8543 0.5148
vn 0.2635 0.9615 -0.0783
vn 0.0235 0.9959 0.0866
vn -0.1397 0.9098 0.3909
vn 0.1326 0.9448 -0.2995
vn -0.0824 0.9799 -0.1815
vn -0.1824 0.9369 0.2983
vn -0.0189 0.8840 -0.4671
vn -0.1649 0.9040 -0.3945
vn 0.0227 0.9521 0.3048
vn 0.1769 0.9650 0.1934
vn 0.0951 0.9676 0.2338
vn -0.1139 0.1590 -0.9807
vn -0.5244 0.1913 -0.8297
vn -0.2076 0.1584 -0.9653
vn -0.5706 0.8137 -0.1111
vn -0.4019 0.5564 -0.7273
vn -0.6718 0.1913 -0.7156
vn -0.9208 0.1590 -0.3561
vn 0.2118 0.9637 0.1625
vn 0.3136 0.9493 -0.0178
vn 0.2705 0.9272 -0.2590
vn -0.4578 0.8877 0.0495
vn 0.3292 0.9104 -0.2506
vn -0.2465 0.9452 0.2139
vn 0.4331 0.8805 -0.1928
vn 0.0231 0.9370 0.3484
vn 0.4107 0.8921 -0.1882
vn 0.1532 0.9080 0.3900
vn 0.0234 0.9417 -0.3355
vn -0.1735 0.9530 0.2482
vn -0.2306 0.7851 -0.5748
vn -0.5282 0.8488 0.0215
vn -0.2691 0.6796 -0.6824
vn -0.5810 0.8126 -0.0451
vn -0.3671 0.5864 -0.7220
vn -0.5851 0.8084 -0.0637
vn -0.4301 0.5417 -0.7221
vn -0.5811 0.8094 -0.0844
vn -0.8362 0.5414 0.0869
vn -0.4149 0.8094 -0.4156
vn -0.4300 0.8137 -0.3912
vn -0.8233 0.5564 0.1121
vn -0.5098 0.8213 -0.2560
vn -0.5082 0.8225 -0.2551
vn -0.7969 0.5851 0.1502
vn -0.4046 0.8061 -0.4317
vn -0.5083 0.8222 -0.2561
vn -0.6615 0.6970 0.2767
vn -0.4106 0.8023 -0.4333
vn -0.5074 0.8252 -0.2482
vn -0.4553 0.8292 0.3242
vn -0.3948 0.8192 -0.4160
vn -0.4572 0.8656 -0.2040
vn -0.1140 0.9377 0.3280
vn -0.0973 0.9414 -0.3230
vn -0.0881 0.9953 -0.0396
vn 0.3292 0.8639 0.3810
vn 0.2073 0.9539 -0.2167
vn 0.2227 0.9714 0.0817
vn 0.3566 0.8543 0.3780
vn 0.1040 0.9615 -0.2544
vn 0.0822 0.9959 0.0359
vn 0.2171 0.9098 0.3538
vn -0.1503 0.9448 -0.2910
vn -0.1931 0.9799 -0.0495
vn 0.1183 0.9369 0.3290
vn -0.3758 0.8840 -0.2778
vn -0.4107 0.9040 -0.1186
vn 0.2518 0.9521 0.1733
vn 0.2617 0.9650 -0.0165
vn 0.2419 0.9676 0.0725
vn -0.8357 0.1590 -0.5257
vn -0.9752 0.1913 -0.1112
vn -0.8824 0.1585 -0.4430
vn -0.4441 0.8137 0.3750
vn -0.8186 0.5563 -0.1425
vn -0.9787 0.1912 0.0750
vn -0.8545 0.1590 0.4944
vn 0.2594 0.9637 -0.0632
vn 0.1826 0.9493 -0.2556
vn -0.0324 0.9272 -0.3730
vn -0.2483 0.8876 0.3878
vn 0.0109 0.9104 -0.4135
vn 0.0123 0.9452 0.3262
vn 0.1210 0.8805 -0.4583
vn 0.2860 0.9370 0.2003
vn 0.1105 0.8921 -0.4380
vn 0.3999 0.9080 0.1249
vn -0.2468 0.9417 -0.2285
vn 0.0847 0.9530 0.2907
vn -0.5924 0.7851 -0.1805
vn -0.3142 0.8488 0.4252
vn -0.7005 0.6796 -0.2178
vn -0.3992 0.8126 0.4245
vn -0.7928 0.5864 -0.1662
vn -0.4162 0.8084 0.4161
vn -0.8323 0.5417 -0.1172
vn -0.4299 0.8094 0.4000
vn -0.4562 0.5414 0.7062
vn -0.5839 0.8094 0.0629
vn -0.5743 0.8137 0.0899
vn -0.4285 0.5564 0.7119
vn -0.5189 0.8213 0.2369
vn -0.5173 0.8225 0.2362
vn -0.3823 0.5850 0.7152
vn -0.5900 0.8061 0.0448
vn -0.5181 0.8222 0.2356
vn -0.1989 0.6970 0.6890
vn -0.5950 0.8023 0.0485
vn -0.5114 0.8252 0.2399
vn -0.0326 0.8292 0.5580
vn -0.5716 0.8192 0.0469
vn -0.4455 0.8656 0.2284
vn 0.1842 0.9377 0.2944
vn -0.3127 0.9414 -0.1266
vn -0.0861 0.9953 0.0438
vn 0.5033 0.8639 -0.0179
vn -0.0389 0.9540 -0.2973
vn 0.2032 0.9714 -0.1223
vn 0.5180 0.8544 -0.0411
vn -0.1331 0.9615 -0.2405
vn 0.0795 0.9959 -0.0415
vn 0.4118 0.9098 0.0524
vn -0.3210 0.9448 -0.0651
vn -0.1596 0.9799 0.1195
vn 0.3306 0.9368 0.1141
vn -0.4521 0.8840 0.1188
vn -0.3499 0.9040 0.2457
vn 0.2929 0.9521 -0.0876
vn 0.1510 0.9650 -0.2145
vn 0.2079 0.9676 -0.1431
vn -0.9333 0.1590 0.3219
vn -0.6978 0.1913 0.6903
vn -0.8982 0.1584 0.4101
vn 0.0140 0.8137 0.5811
vn -0.6240 0.5564 0.5487
vn -0.5546 0.1912 0.8098
vn -0.1501 0.1590 0.9758
vn 0.1133 0.9637 -0.2419
vn -0.0848 0.9493 -0.3025
vn -0.3111 0.9272 -0.2086
vn 0.1466 0.8877 0.4365
vn -0.3155 0.9104 -0.2676
vn 0.2619 0.9452 0.1948
vn -0.2815 0.8804 -0.3815
vn 0.3353 0.9370 -0.0974
vn -0.2721 0.8921 -0.3607
vn 0.3480 0.9080 -0.2334
vn -0.3328 0.9417 0.0491
vn 0.2797 0.9530 0.1162
vn -0.5119 0.7851 0.3487
vn 0.1345 0.8488 0.5112
vn -0.6087 0.6796 0.4094
vn 0.0807 0.8126 0.5771
vn -0.6263 0.5864 0.5137
vn 0.0634 0.8084 0.5851
vn -0.6129 0.5417 0.5752
vn 0.0423 0.8094 0.5857
vn 0.2645 0.5414 0.7980
vn -0.3168 0.8094 0.4945
vn -0.2897 0.8137 0.5039
vn 0.2863 0.5564 0.7800
vn -0.1405 0.8213 0.5529
vn -0.1400 0.8225 0.5512
vn 0.3178 0.5851 0.7461
vn -0.3348 0.8061 0.4878
vn -0.1410 0.8222 0.5514
vn 0.4123 0.6970 0.5866
vn -0.3350 0.8023 0.4940
vn -0.1335 0.8252 0.5489
vn 0.4144 0.8292 0.3750
vn -0.3215 0.8192 0.4749
vn -0.1011 0.8656 0.4903
vn 0.3448 0.9377 0.0409
vn -0.2946 0.9414 0.1643
vn -0.0198 0.9953 0.0945
vn 0.3014 0.8639 -0.4034
vn -0.2561 0.9539 -0.1559
vn 0.0320 0.9714 -0.2350
vn 0.2926 0.8543 -0.4295
vn -0.2709 0.9615 -0.0470
vn 0.0175 0.9959 -0.0880
vn 0.2990 0.9097 -0.2880
vn -0.2519 0.9448 0.2093
vn -0.0069 0.9799 0.1992
vn 0.2961 0.9368 -0.1861
vn -0.1907 0.8840 0.4268
vn -0.0277 0.9040 0.4266
vn 0.1152 0.9521 -0.2831
vn -0.0724 0.9650 -0.2520
vn 0.0187 0.9676 -0.2517
vn -0.3339 0.1590 0.9291
vn 0.1007 0.1913 0.9763
vn -0.2431 0.1585 0.9569
vn 0.4617 0.8137 0.3532
vn 0.0366 0.5563 0.8301
vn 0.2835 0.1912 0.9397
vn 0.6664 0.1589 0.7284
vn -0.1175 0.9637 -0.2398
vn -0.2890 0.9493 -0.1234
vn -0.3575 0.9272 0.1117
vn 0.4320 0.8877 0.1592
vn -0.4063 0.9104 0.0781
vn 0.3160 0.9452 -0.0820
vn -0.4737 0.8805 -0.0197
vn 0.1342 0.9370 -0.3224
vn -0.4516 0.8921 -0.0139
vn 0.0362 0.9080 -0.4175
vn -0.1702 0.9417 0.2901
vn 0.2658 0.9530 -0.1452
vn -0.0490 0.7851 0.6174
vn 0.4827 0.8488 0.2155
vn -0.0623 0.6795 0.7309
vn 0.5004 0.8126 0.2987
vn 0.0078 0.5864 0.8100
vn 0.4958 0.8084 0.3172
vn 0.0642 0.5417 0.8381
vn 0.4830 0.8094 0.3340
vn 0.7877 0.5414 0.2939
vn 0.1868 0.8094 0.5567
vn 0.2112 0.8137 0.5416
vn 0.7873 0.5563 0.2656
vn 0.3428 0.8213 0.4559
vn 0.3418 0.8225 0.4545
vn 0.7806 0.5850 0.2198
vn 0.1704 0.8061 0.5666
vn 0.3414 0.8222 0.4554
vn 0.7155 0.6970 0.0462
vn 0.1751 0.8023 0.5707
vn 0.3441 0.8252 0.4480
vn 0.5520 0.8292 -0.0879
vn 0.1686 0.8192 0.5482
vn 0.3188 0.8656 0.3860
vn 0.2480 0.9377 -0.2431
vn -0.0565 0.9414 0.3326
vn 0.0613 0.9953 0.0747
vn -0.1255 0.8639 -0.4877
vn -0.2820 0.9539 0.1019
vn -0.1631 0.9714 -0.1722
vn -0.1514 0.8543 -0.4972
vn -0.2063 0.9615 0.1817
vn -0.0576 0.9959 -0.0687
vn -0.0371 0.9098 -0.4134
vn 0.0053 0.9448 0.3275
vn 0.1510 0.9799 0.1302
vn 0.0404 0.9369 -0.3472
vn 0.2131 0.8840 0.4161
vn 0.3152 0.9040 0.2889
vn -0.1485 0.9521 -0.2671
vn -0.2418 0.9650 -0.1014
vn -0.1844 0.9676 -0.1724
vn 0.5148 0.1590 0.8424
vn 0.8241 0.1912 0.5332
vn 0.5934 0.1584 0.7891
vn 0.5646 0.8137 -0.1384
vn 0.6699 0.5564 0.4916
vn 0.9100 0.1913 0.3678
vn 0.9853 0.1589 -0.0629
vn -0.2604 0.9637 -0.0587
vn -0.2771 0.9494 0.1478
vn -0.1369 0.9272 0.3486
vn 0.3948 0.8877 -0.2370
vn -0.1937 0.9104 0.3655
vn 0.1340 0.9452 -0.2976
vn -0.3122 0.8805 0.3568
vn -0.1671 0.9370 -0.3066
vn -0.2938 0.8921 0.3432
vn -0.3027 0.9080 -0.2898
vn 0.1194 0.9417 0.3144
vn 0.0534 0.9530 -0.2981
vn 0.4505 0.7851 0.4251
vn 0.4704 0.8488 -0.2411
vn 0.5306 0.6796 0.5066
vn 0.5463 0.8126 -0.2027
vn 0.6361 0.5864 0.5014
vn 0.5578 0.8084 -0.1876
vn 0.6934 0.5417 0.4751
vn 0.5629 0.8094 -0.1671
vn 0.7226 0.5414 -0.4297
vn 0.5510 0.8094 0.2032
vn 0.5544 0.8137 0.1747
vn 0.7004 0.5563 -0.4471
vn 0.5702 0.8213 0.0185
vn 0.5684 0.8225 0.0184
vn 0.6605 0.5850 -0.4707
vn 0.5484 0.8061 0.2222
vn 0.5688 0.8222 0.0193
vn 0.4844 0.6970 -0.5287
vn 0.5545 0.8023 0.2211
vn 0.5647 0.8252 0.0125
vn 0.2773 0.8292 -0.4853
vn 0.5329 0.8192 0.2121
vn 0.5006 0.8656 -0.0065
vn -0.0341 0.9377 -0.3456
vn 0.2238 0.9414 0.2524
vn 0.0966 0.9953 -0.0009
vn -0.4587 0.8639 -0.2078
vn -0.0973 0.9539 0.2836
vn -0.2364 0.9714 0.0192
vn -0.4823 0.8543 -0.1936
vn 0.0122 0.9615 0.2746
vn -0.0897 0.9959 0.0018
vn -0.3455 0.9097 -0.2301
vn 0.2586 0.9448 0.2011
vn 0.1961 0.9799 -0.0360
vn -0.2453 0.9369 -0.2491
vn 0.4578 0.8840 0.0947
vn 0.4227 0.9040 -0.0645
vn -0.3012 0.9521 -0.0516
vn -0.2306 0.9650 0.1250
vn -0.2498 0.9676 0.0357
vn 0.9791 0.1590 0.1267
vn 0.9319 0.1912 -0.3081
vn 0.9868 0.1584 0.0320
vn -0.2314 -0.8137 0.5332
vn 0.1833 -0.9806 -0.0696
vn 0.6171 -0.7690 0.1663
vn 0.5492 -0.5990 0.5827
vn -0.4198 -0.2546 0.8712
vn -0.0480 -0.8885 0.4563
vn 0.2998 -0.2939 0.9076
vn -0.1421 -0.1291 0.9814
vn 0.1553 -0.9458 0.2851
vn 0.5755 -0.3598 0.7344
vn 0.3433 -0.9378 0.0516
vn 0.7615 -0.3518 0.5443
vn 0.4134 -0.9079 -0.0688
vn 0.8293 -0.2814 0.4827
vn 0.2044 -0.9534 0.2218
vn 0.7768 -0.2087 0.5941
vn -0.0942 -0.8481 0.5213
vn 0.5981 -0.3633 0.7143
vn -0.1693 -0.8126 0.5576
vn 0.5816 -0.4173 0.6982
vn -0.1882 -0.8085 0.5576
vn 0.6101 -0.5090 0.6072
vn -0.2076 -0.8094 0.5492
vn 0.5930 -0.5819 0.5565
vn -0.6668 -0.5821 -0.4653
vn -0.6833 -0.5990 -0.4175
vn -0.4742 -0.8137 0.3363
vn -0.4947 -0.8094 0.3163
vn -0.3584 -0.8224 0.4417
vn -0.3595 -0.8212 0.4430
vn -0.7289 -0.5029 -0.4644
vn -0.5083 -0.8062 0.3027
vn -0.3593 -0.8221 0.4415
vn -0.8648 -0.3561 -0.3540
vn -0.5111 -0.8023 0.3083
vn -0.3515 -0.8251 0.4423
vn -0.9568 -0.2470 -0.1531
vn -0.4905 -0.8190 0.2976
vn -0.2980 -0.8648 0.4041
vn -0.9830 -0.1824 -0.0189
vn -0.3363 -0.9414 0.0251
vn -0.0586 -0.9953 0.0775
vn -0.9096 -0.4108 -0.0622
vn -0.1653 -0.9538 -0.2509
vn 0.1286 -0.9709 -0.2016
vn -0.8863 -0.4602 -0.0512
vn -0.2243 -0.9620 -0.1553
vn 0.0534 -0.9959 -0.0723
vn -0.9125 -0.3946 0.1075
vn -0.3142 -0.9456 0.0841
vn -0.0880 -0.9803 0.1767
vn -0.8966 -0.2980 0.3274
vn -0.3510 -0.8851 0.3056
vn -0.2015 -0.9057 0.3730
vn -0.7350 -0.1333 0.6648
vn -0.5106 -0.2515 0.8221
vn -0.4656 -0.2644 0.8445
vn -0.2898 -0.7691 -0.5696
vn 0.0303 -0.9806 -0.1937
vn 0.1012 -0.9870 -0.1246
vn 0.2706 -0.8137 0.5145
vn 0.0606 -0.9806 -0.1864
vn 0.5163 -0.7691 -0.3767
vn 0.7982 -0.5990 -0.0629
vn 0.4159 -0.2547 0.8730
vn 0.3256 -0.8885 0.3233
vn 0.8951 -0.2939 0.3351
vn 0.6758 -0.1291 0.7257
vn 0.3195 -0.9458 0.0575
vn 0.9329 -0.3599 0.0117
vn 0.2554 -0.9378 -0.2352
vn 0.9014 -0.3519 -0.2524
vn 0.2054 -0.9079 -0.3653
vn 0.8958 -0.2814 -0.3438
vn 0.3009 -0.9534 -0.0203
vn 0.9498 -0.2087 -0.2331
vn 0.3472 -0.8481 0.4001
vn 0.9315 -0.3632 -0.0185
vn 0.3285 -0.8126 0.4813
vn 0.9086 -0.4173 -0.0158
vn 0.3166 -0.8085 0.4961
vn 0.8555 -0.5090 -0.0951
vn 0.2980 -0.8094 0.5060
vn 0.8052 -0.5820 -0.1135
vn -0.7804 -0.5821 0.2281
vn -0.7535 -0.5990 0.2709
vn -0.0351 -0.8137 0.5802
vn -0.0634 -0.8094 0.5838
vn 0.1196 -0.8224 0.5561
vn 0.1200 -0.8212 0.5578
vn -0.8187 -0.5029 0.2771
vn -0.0825 -0.8062 0.5858
vn 0.1189 -0.8221 0.5567
vn -0.8178 -0.3561 0.4521
vn -0.0800 -0.8023 0.5915
vn 0.1245 -0.8251 0.5511
vn -0.7189 -0.2468 0.6498
vn -0.0754 -0.8190 0.5687
vn 0.1281 -0.8648 0.4855
vn -0.6307 -0.1823 0.7543
vn -0.1911 -0.9414 0.2778
vn 0.0236 -0.9953 0.0942
vn -0.6184 -0.4108 0.6699
vn -0.2991 -0.9538 -0.0284
vn -0.0765 -0.9709 -0.2266
vn -0.5952 -0.4602 0.6587
vn -0.2616 -0.9620 0.0775
vn -0.0228 -0.9959 -0.0869
vn -0.4880 -0.3946 0.7785
vn -0.1313 -0.9456 0.2975
vn 0.0826 -0.9803 0.1793
vn -0.3066 -0.2980 0.9040
vn 0.0183 -0.8851 0.4650
vn 0.1644 -0.9057 0.3908
vn 0.0575 -0.1333 0.9894
vn 0.3207 -0.2515 0.9132
vn 0.3663 -0.2644 0.8921
vn -0.6256 -0.7691 -0.1310
vn -0.1319 -0.9806 -0.1450
vn -0.0338 -0.9870 -0.1570
vn 0.5705 -0.8137 0.1115
vn -0.1074 -0.9806 -0.1641
vn 0.0299 -0.7691 -0.6384
vn 0.4511 -0.5990 -0.6615
vn 0.9410 -0.2546 0.2228
vn 0.4560 -0.8885 -0.0511
vn 0.8220 -0.2940 -0.4877
vn 0.9890 -0.1290 -0.0719
vn 0.2451 -0.9458 -0.2130
vn 0.5937 -0.3598 -0.7197
vn -0.0233 -0.9378 -0.3464
vn 0.3681 -0.3518 -0.8606
vn -0.1560 -0.9079 -0.3890
vn 0.2934 -0.2814 -0.9136
vn 0.1727 -0.9534 -0.2472
vn 0.4135 -0.2087 -0.8863
vn 0.5294 -0.8481 -0.0199
vn 0.5692 -0.3632 -0.7375
vn 0.5809 -0.8126 0.0456
vn 0.5570 -0.4173 -0.7180
vn 0.5850 -0.8085 0.0641
vn 0.4620 -0.5090 -0.7263
vn 0.5810 -0.8094 0.0848
vn 0.4161 -0.5819 -0.6987
vn -0.3112 -0.5821 0.7511
vn -0.2610 -0.5990 0.7570
vn 0.4302 -0.8137 0.3909
vn 0.4152 -0.8094 0.4153
vn 0.5083 -0.8225 0.2552
vn 0.5099 -0.8212 0.2560
vn -0.2970 -0.5029 0.8117
vn 0.4048 -0.8062 0.4314
vn 0.5083 -0.8221 0.2561
vn -0.1600 -0.3561 0.9206
vn 0.4108 -0.8023 0.4329
vn 0.5075 -0.8251 0.2483
vn 0.0560 -0.2469 0.9674
vn 0.3960 -0.8190 0.4151
vn 0.4587 -0.8648 0.2043
vn 0.1926 -0.1823 0.9642
vn 0.0967 -0.9414 0.3231
vn 0.0882 -0.9953 0.0406
vn 0.1346 -0.4108 0.9017
vn -0.2095 -0.9538 0.2153
vn -0.2246 -0.9709 -0.0823
vn 0.1403 -0.4603 0.8766
vn -0.1035 -0.9620 0.2524
vn -0.0820 -0.9959 -0.0367
vn 0.3010 -0.3946 0.8681
vn 0.1496 -0.9456 0.2888
vn 0.1914 -0.9803 0.0480
vn 0.5124 -0.2980 0.8054
vn 0.3739 -0.8851 0.2772
vn 0.4075 -0.9057 0.1167
vn 0.8072 -0.1333 0.5750
vn 0.9126 -0.2515 0.3223
vn 0.9248 -0.2644 0.2735
vn -0.4941 -0.7691 0.4054
vn -0.1957 -0.9806 0.0120
vn -0.1435 -0.9870 -0.0721
vn 0.4443 -0.8137 -0.3747
vn -0.1951 -0.9806 -0.0192
vn -0.4787 -0.7691 -0.4234
vn -0.2328 -0.5990 -0.7661
vn 0.7634 -0.2546 -0.5937
vn 0.2459 -0.8885 -0.3875
vn 0.1350 -0.2939 -0.9463
vn 0.5635 -0.1289 -0.8159
vn -0.0124 -0.9458 -0.3244
vn -0.1889 -0.3598 -0.9137
vn -0.2846 -0.9378 -0.1989
vn -0.4401 -0.3518 -0.8261
vn -0.4009 -0.9079 -0.1222
vn -0.5282 -0.2814 -0.8011
vn -0.0844 -0.9534 -0.2895
vn -0.4316 -0.2087 -0.8776
vn 0.3162 -0.8481 -0.4251
vn -0.2181 -0.3632 -0.9058
vn 0.3995 -0.8126 -0.4241
vn -0.2105 -0.4173 -0.8840
vn 0.4165 -0.8085 -0.4157
vn -0.2766 -0.5090 -0.8151
vn 0.4302 -0.8094 -0.3996
vn -0.2837 -0.5819 -0.7621
vn 0.3904 -0.5821 0.7132
vn 0.4264 -0.5990 0.6777
vn 0.5742 -0.8137 -0.0903
vn 0.5838 -0.8094 -0.0634
vn 0.5174 -0.8224 -0.2362
vn 0.5191 -0.8212 -0.2370
vn 0.4464 -0.5030 0.7400
vn 0.5899 -0.8062 -0.0452
vn 0.5182 -0.8221 -0.2356
vn 0.6172 -0.3561 0.7016
vn 0.5948 -0.8023 -0.0489
vn 0.5115 -0.8251 -0.2399
vn 0.7890 -0.2469 0.5626
vn 0.5717 -0.8190 -0.0485
vn 0.4466 -0.8648 -0.2294
vn 0.8721 -0.1824 0.4540
vn 0.3124 -0.9414 0.1270
vn 0.0869 -0.9953 -0.0433
vn 0.7870 -0.4109 0.4601
vn 0.0365 -0.9538 0.2982
vn -0.2049 -0.9709 0.1234
vn 0.7711 -0.4602 0.4400
vn 0.1318 -0.9620 0.2389
vn -0.0800 -0.9959 0.0410
vn 0.8652 -0.3946 0.3094
vn 0.3188 -0.9456 0.0643
vn 0.1574 -0.9803 -0.1191
vn 0.9487 -0.2980 0.1054
vn 0.4502 -0.8851 -0.1177
vn 0.3464 -0.9057 -0.2444
vn 0.9539 -0.1334 -0.2687
vn 0.8230 -0.2516 -0.5093
vn 0.7927 -0.2644 -0.5492
vn 0.0063 -0.7690 0.6391
vn -0.1133 -0.9806 0.1601
vn -0.1460 -0.9870 0.0667
vn -0.0136 -0.8137 -0.5811
vn -0.1372 -0.9806 0.1400
vn -0.6299 -0.7691 0.1079
vn -0.7429 -0.5990 -0.2986
vn 0.0156 -0.2546 -0.9669
vn -0.1478 -0.8885 -0.4344
vn -0.6528 -0.2939 -0.6982
vn -0.2827 -0.1291 -0.9505
vn -0.2606 -0.9458 -0.1936
vn -0.8304 -0.3599 -0.4253
vn -0.3333 -0.9378 0.0971
vn -0.9196 -0.3519 -0.1747
vn -0.3464 -0.9079 0.2359
vn -0.9553 -0.2815 -0.0903
vn -0.2785 -0.9534 -0.1156
vn -0.9543 -0.2087 -0.2135
vn -0.1331 -0.8481 -0.5127
vn -0.8426 -0.3632 -0.3976
vn -0.0802 -0.8126 -0.5772
vn -0.8209 -0.4173 -0.3898
vn -0.0630 -0.8085 -0.5851
vn -0.8085 -0.5090 -0.2952
vn -0.0419 -0.8094 -0.5857
vn -0.7717 -0.5819 -0.2564
vn 0.8005 -0.5821 0.1426
vn 0.7954 -0.5990 0.0924
vn 0.2894 -0.8137 -0.5041
vn 0.3164 -0.8094 -0.4947
vn 0.1401 -0.8224 -0.5513
vn 0.1405 -0.8212 -0.5530
vn 0.8565 -0.5029 0.1158
vn 0.3344 -0.8062 -0.4881
vn 0.1410 -0.8221 -0.5515
vn 0.9335 -0.3560 -0.0414
vn 0.3346 -0.8023 -0.4942
vn 0.1335 -0.8251 -0.5489
vn 0.9328 -0.2469 -0.2624
vn 0.3204 -0.8190 -0.4759
vn 0.1010 -0.8648 -0.4918
vn 0.9003 -0.1823 -0.3952
vn 0.2947 -0.9414 -0.1639
vn 0.0207 -0.9953 -0.0949
vn 0.8518 -0.4108 -0.3250
vn 0.2553 -0.9538 0.1584
vn -0.0322 -0.9709 0.2370
vn 0.8260 -0.4603 -0.3252
vn 0.2688 -0.9620 0.0469
vn -0.0182 -0.9959 0.0880
vn 0.7833 -0.3947 -0.4803
vn 0.2499 -0.9456 -0.2081
vn 0.0058 -0.9803 -0.1973
vn 0.6766 -0.2980 -0.6733
vn 0.1904 -0.8851 -0.4247
vn 0.0265 -0.9057 -0.4231
vn 0.3884 -0.1333 -0.9118
vn 0.1187 -0.2515 -0.9605
vn 0.0685 -0.2644 -0.9620
vn 0.5020 -0.7691 0.3956
vn 0.0537 -0.9806 0.1886
vn -0.0395 -0.9870 0.1556
vn -0.4614 -0.8137 -0.3535
vn 0.0231 -0.9806 0.1947
vn -0.3106 -0.7691 0.5585
vn -0.6982 -0.5990 0.3919
vn -0.7438 -0.2546 -0.6180
vn -0.4312 -0.8885 -0.1570
vn -0.9532 -0.2940 0.0713
vn -0.9179 -0.1290 -0.3753
vn -0.3142 -0.9458 0.0818
vn -0.8518 -0.3598 0.3807
vn -0.1332 -0.9378 0.3207
vn -0.7123 -0.3519 0.6072
vn -0.0332 -0.9079 0.4178
vn -0.6690 -0.2814 0.6879
vn -0.2646 -0.9534 0.1446
vn -0.7644 -0.2087 0.6099
vn -0.4830 -0.8481 -0.2175
vn -0.8378 -0.3633 0.4075
vn -0.5001 -0.8126 -0.2991
vn -0.8182 -0.4174 0.3954
vn -0.4955 -0.8085 -0.3175
vn -0.7367 -0.5090 0.4451
vn -0.4827 -0.8094 -0.3343
vn -0.6834 -0.5819 0.4408
vn 0.6127 -0.5822 -0.5344
vn 0.5703 -0.5990 -0.5620
vn -0.2115 -0.8137 -0.5414
vn -0.1872 -0.8094 -0.5566
vn -0.3418 -0.8224 -0.4546
vn -0.3429 -0.8212 -0.4560
vn 0.6269 -0.5029 -0.5949
vn -0.1708 -0.8062 -0.5664
vn -0.3414 -0.8221 -0.4555
vn 0.5527 -0.3560 -0.7535
vn -0.1755 -0.8023 -0.5705
vn -0.3442 -0.8251 -0.4480
vn 0.3800 -0.2469 -0.8914
vn -0.1701 -0.8190 -0.5479
vn -0.3200 -0.8648 -0.3869
vn 0.2562 -0.1823 -0.9492
vn 0.0570 -0.9414 -0.3324
vn -0.0610 -0.9953 -0.0756
vn 0.2804 -0.4108 -0.8675
vn 0.2834 -0.9538 -0.0997
vn 0.1645 -0.9709 0.1736
vn 0.2641 -0.4602 -0.8476
vn 0.2050 -0.9620 -0.1801
vn 0.0572 -0.9959 0.0693
vn 0.1164 -0.3946 -0.9114
vn -0.0056 -0.9456 -0.3252
vn -0.1501 -0.9803 -0.1281
vn -0.1008 -0.2979 -0.9492
vn -0.2116 -0.8851 -0.4145
vn -0.3132 -0.9057 -0.2857
vn -0.4672 -0.1332 -0.8740
vn -0.6741 -0.2515 -0.6944
vn -0.7067 -0.2644 -0.6562
vn 0.6228 -0.7691 -0.1435
vn 0.1806 -0.9806 0.0762
vn 0.0965 -0.9870 0.1283
vn -0.5647 -0.8137 0.1381
vn 0.1662 -0.9806 0.1039
vn 0.2406 -0.7691 0.5921
vn -0.1321 -0.5990 0.7897
vn -0.9477 -0.2545 0.1923
vn -0.3925 -0.8885 0.2377
vn -0.5416 -0.2939 0.7875
vn -0.8675 -0.1290 0.4803
vn -0.1331 -0.9458 0.2961
vn -0.2370 -0.3598 0.9024
vn 0.1664 -0.9378 0.3047
vn 0.0269 -0.3519 0.9356
vn 0.3048 -0.9079 0.2877
vn 0.1169 -0.2814 0.9524
vn -0.0531 -0.9534 0.2969
vn -0.0036 -0.2087 0.9779
vn -0.4722 -0.8481 0.2402
vn -0.2074 -0.3633 0.9083
vn -0.5465 -0.8126 0.2022
vn -0.2045 -0.4173 0.8854
vn -0.5579 -0.8085 0.1871
vn -0.1147 -0.5090 0.8531
vn -0.5630 -0.8094 0.1667
vn -0.0847 -0.5819 0.8088
vn -0.0325 -0.5822 -0.8124
vn -0.0805 -0.5990 -0.7966
vn -0.5545 -0.8137 -0.1744
vn -0.5511 -0.8094 -0.2028
vn -0.5685 -0.8224 -0.0184
vn -0.5703 -0.8212 -0.0185
vn -0.0708 -0.5030 -0.8614
vn -0.5484 -0.8062 -0.2218
vn -0.5689 -0.8221 -0.0193
vn -0.2409 -0.3560 -0.9029
vn -0.5546 -0.8023 -0.2207
vn -0.5648 -0.8251 -0.0125
vn -0.4566 -0.2469 -0.8547
vn -0.5336 -0.8190 -0.2107
vn -0.5021 -0.8648 0.0069
vn -0.5793 -0.1823 -0.7944
vn -0.2233 -0.9414 -0.2527
vn -0.0971 -0.9953 0.0001
vn -0.5004 -0.4108 -0.7621
vn 0.0999 -0.9538 -0.2834
vn 0.2384 -0.9709 -0.0194
vn -0.4951 -0.4603 -0.7369
vn -0.0119 -0.9620 -0.2726
vn 0.0899 -0.9959 -0.0011
vn -0.6373 -0.3946 -0.6618
vn -0.2569 -0.9456 -0.1993
vn -0.1939 -0.9803 0.0367
vn -0.8029 -0.2980 -0.5163
vn -0.4556 -0.8851 -0.0948
vn -0.4189 -0.9057 0.0649
vn -0.9739 -0.1333 -0.1836
vn -0.9636 -0.2516 0.0903
vn -0.9542 -0.2644 0.1396
vn 0.2785 -0.7691 -0.5752
vn 0.1726 -0.9806 -0.0930
vn 0.1604 -0.9870 0.0052
usemtl material.baked
s 1
f 898/841/841 854/842/842 841/843/843 865/844/844
f 870/845/845 843/846/846 845/847/847 871/848/848
f 871/848/848 845/847/847 846/849/849 874/850/850
f 874/850/850 846/849/849 847/851/851 877/852/852
f 877/852/852 847/851/851 848/853/853 880/854/854
f 880/854/854 848/853/853 849/855/855 883/856/856
f 883/856/856 849/855/855 850/857/857 886/858/858
f 886/858/858 850/857/857 851/859/859 889/860/860
f 889/860/860 851/859/859 852/861/861 892/862/862
f 892/862/862 852/861/861 853/863/863 895/864/864
f 895/864/864 853/863/863 854/842/842 898/841/841
f 856/865/865 897/866/866 900/867/867 855/868/868
f 897/866/866 896/869/869 899/870/870 900/867/867
f 896/869/869 895/864/864 898/841/841 899/870/870
f 857/871/871 894/872/872 897/866/866 856/865/865
f 894/872/872 893/873/873 896/869/869 897/866/866
f 893/873/873 892/862/862 895/864/864 896/869/869
f 858/874/874 891/875/875 894/872/872 857/871/871
f 891/875/875 890/876/876 893/873/873 894/872/872
f 890/876/876 889/860/860 892/862/862 893/873/873
f 859/877/877 888/878/878 891/875/875 858/874/874
f 888/878/878 887/879/879 890/876/876 891/875/875
f 887/879/879 886/858/858 889/860/860 890/876/876
f 860/880/880 885/881/881 888/878/878 859/877/877
f 885/881/881 884/882/882 887/879/879 888/878/878
f 884/882/882 883/856/856 886/858/858 887/879/879
f 861/883/883 882/884/884 885/881/881 860/880/880
f 882/884/884 881/885/885 884/882/882 885/881/881
f 881/885/885 880/854/854 883/856/856 884/882/882
f 862/886/886 879/887/887 882/884/884 861/883/883
f 879/887/887 878/888/888 881/885/885 882/884/884
f 878/888/888 877/852/852 880/854/854 881/885/885
f 863/889/889 876/890/890 879/887/887 862/886/886
f 876/890/890 875/891/891 878/888/888 879/887/887
f 875/891/891 874/850/850 877/852/852 878/888/888
f 864/892/892 873/893/893 876/890/890 863/889/889
f 873/893/893 872/894/894 875/891/891 876/890/890
f 872/894/894 871/848/848 874/850/850 875/891/891
f 844/895/895 868/896/896 873/893/893 864/892/892
f 868/896/896 869/897/897 872/894/894 873/893/893
f 869/897/897 870/845/845 871/848/848 872/894/894
f 855/868/868 900/867/867 867/898/898 842/899/899
f 900/867/867 899/870/870 866/900/900 867/898/898
f 899/870/870 898/841/841 865/844/844 866/900/900
f 958/901/901 914/902/902 901/903/903 925/904/904
f 930/905/905 903/906/906 905/907/907 931/908/908
f 931/908/908 905/907/907 906/909/909 934/910/910
f 934/910/910 906/909/909 907/911/911 937/912/912
f 937/912/912 907/911/911 908/913/913 940/914/914
f 940/914/914 908/913/913 909/915/915 943/916/916
f 943/916/916 909/915/915 910/917/917 946/918/918
f 946/918/918 910/917/917 911/919/919 949/920/920
f 949/920/920 911/919/919 912/921/921 952/922/922
f 952/922/922 912/921/921 913/923/923 955/924/924
f 955/924/924 913/923/923 914/902/902 958/901/901
f 916/925/925 957/926/926 960/927/927 915/928/928
f 957/926/926 956/929/929 959/930/930 960/927/927
f 956/929/929 955/924/924 958/901/901 959/930/930
f 917/931/931 954/932/932 957/926/926 916/925/925
f 954/932/932 953/933/933 956/929/929 957/926/926
f 953/933/933 952/922/922 955/924/924 956/929/929
f 918/934/934 951/935/935 954/932/932 917/931/931
f 951/935/935 950/936/936 953/933/933 954/932/932
f 950/936/936 949/920/920 952/922/922 953/933/933
f 919/937/937 948/938/938 951/935/935 918/934/934
f 948/938/938 947/939/939 950/936/936 951/935/935
f 947/939/939 946/918/918 949/920/920 950/936/936
f 920/940/940 945/941/941 948/938/938 919/937/937
f 945/941/941 944/942/942 947/939/939 948/938/938
f 944/942/942 943/916/916 946/918/918 947/939/939
f 921/943/943 942/944/944 945/941/941 920/940/940
f 942/944/944 941/945/945 944/942/942 945/941/941
f 941/945/945 940/914/914 943/916/916 944/942/942
f 922/946/946 939/947/947 942/944/944 921/943/943
f 939/947/947 938/948/948 941/945/945 942/944/944
f 938/948/948 937/912/912 940/914/914 941/945/945
f 923/949/949 936/950/950 939/947/947 922/946/946
f 936/950/950 935/951/951 938/948/948 939/947/947
f 935/951/951 934/910/910 937/912/912 938/948/948
f 924/952/952 933/953/953 936/950/950 923/949/949
f 933/953/953 932/954/954 935/951/951 936/950/950
f 932/954/954 931/908/908 934/910/910 935/951/951
f 904/955/955 928/956/956 933/953/953 924/952/952
f 928/956/956 929/957/957 932/954/954 933/953/953
f 929/957/957 930/905/905 931/908/908 932/954/954
f 915/928/928 960/927/927 927/958/958 902/959/959
f 960/927/927 959/930/930 926/960/960 927/958/958
f 959/930/930 958/901/901 925/904/904 926/960/960
f 1018/961/961 974/962/962 961/963/963 985/964/964
f 990/965/965 963/966/966 965/967/967 991/968/968
f 991/968/968 965/967/967 966/969/969 994/970/970
f 994/970/970 966/969/969 967/971/971 997/972/972
f 997/972/972 967/971/971 968/973/973 1000/974/974
f 1000/974/974 968/973/973 969/975/975 1003/976/976
f 1003/976/976 969/975/975 970/977/977 1006/978/978
f 1006/978/978 970/977/977 971/979/979 1009/980/980
f 1009/980/980 971/979/979 972/981/981 1012/982/982
f 1012/982/982 972/981/981 973/983/983 1015/984/984
f 1015/984/984 973/983/983 974/962/962 1018/961/961
f 976/985/985 1017/986/986 1020/987/987 975/988/988
f 1017/986/986 1016/989/989 1019/990/990 1020/987/987
f 1016/989/989 1015/984/984 1018/961/961 1019/990/990
f 977/991/991 1014/992/992 1017/986/986 976/985/985
f 1014/992/992 1013/993/993 1016/989/989 1017/986/986
f 1013/993/993 1012/982/982 1015/984/984 1016/989/989
f 978/994/994 1011/995/995 1014/992/992 977/991/991
f 1011/995/995 1010/996/996 1013/993/993 1014/992/992
f 1010/996/996 1009/980/980 1012/982/982 1013/993/993
f 979/997/997 1008/998/998 1011/995/995 978/994/994
f 1008/998/998 1007/999/999 1010/996/996 1011/995/995
f 1007/999/999 1006/978/978 1009/980/980 1010/996/996
f 980/1000/1000 1005/1001/1001 1008/998/998 979/997/997
f 1005/1001/1001 1004/1002/1002 1007/999/999 1008/998/998
f 1004/1002/1002 1003/976/976 1006/978/978 1007/999/999
f 981/1003/1003 1002/1004/1004 1005/1001/1001 980/1000/1000
f 1002/1004/1004 1001/1005/1005 1004/1002/1002 1005/1001/1001
f 1001/1005/1005 1000/974/974 1003/976/976 1004/1002/1002
f 982/1006/1006 999/1007/1007 1002/1004/1004 981/1003/1003
f 999/1007/1007 998/1008/1008 1001/1005/1005 1002/1004/1004
f 998/1008/1008 997/972/972 1000/974/974 1001/1005/1005
f 983/1009/1009 996/1010/1010 999/1007/1007 982/1006/1006
f 996/1010/1010 995/1011/1011 998/1008/1008 999/1007/1007
f 995/1011/1011 994/970/970 997/972/972 998/1008/1008
f 984/1012/1012 993/1013/1013 996/1010/1010 983/1009/1009
f 993/1013/1013 992/1014/1014 995/1011/1011 996/1010/1010
f 992/1014/1014 991/968/968 994/970/970 995/1011/1011
f 964/1015/1015 988/1016/1016 993/1013/1013 984/1012/1012
f 988/1016/1016 989/1017/1017 992/1014/1014 993/1013/1013
f 989/1017/1017 990/965/965 991/968/968 992/1014/1014
f 975/988/988 1020/987/987 987/1018/1018 962/1019/1019
f 1020/987/987 1019/990/990 986/1020/1020 987/1018/1018
f 1019/990/990 1018/961/961 985/964/964 986/1020/1020
f 1078/1021/1021 1034/1022/1022 1021/1023/1023 1045/1024/1024
f 1050/1025/1025 1023/1026/1026 1025/1027/1027 1051/1028/1028
f 1051/1028/1028 1025/1027/1027 1026/1029/1029 1054/1030/1030
f 1054/1030/1030 1026/1029/1029 1027/1031/1031 1057/1032/1032
f 1057/1032/1032 1027/1031/1031 1028/1033/1033 1060/1034/1034
f 1060/1034/1034 1028/1033/1033 1029/1035/1035 1063/1036/1036
f 1063/1036/1036 1029/1035/1035 1030/1037/1037 1066/1038/1038
f 1066/1038/1038 1030/1037/1037 1031/1039/1039 1069/1040/1040
f 1069/1040/1040 1031/1039/1039 1032/1041/1041 1072/1042/1042
f 1072/1042/1042 1032/1041/1041 1033/1043/1043 1075/1044/1044
f 1075/1044/1044 1033/1043/1043 1034/1022/1022 1078/1021/1021
f 1036/1045/1045 1077/1046/1046 1080/1047/1047 1035/1048/1048
f 1077/1046/1046 1076/1049/1049 1079/1050/1050 1080/1047/1047
f 1076/1049/1049 1075/1044/1044 1078/1021/1021 1079/1050/1050
f 1037/1051/1051 1074/1052/1052 1077/1046/1046 1036/1045/1045
f 1074/1052/1052 1073/1053/1053 1076/1049/1049 1077/1046/1046
f 1073/1053/1053 1072/1042/1042 1075/1044/1044 1076/1049/1049
f 1038/1054/1054 1071/1055/1055 1074/1052/1052 1037/1051/1051
f 1071/1055/1055 1070/1056/1056 1073/1053/1053 1074/1052/1052
f 1070/1056/1056 1069/1040/1040 1072/1042/1042 1073/1053/1053
f 1039/1057/1057 1068/1058/1058 1071/1055/1055 1038/1054/1054
f 1068/1058/1058 1067/1059/1059 1070/1056/1056 1071/1055/1055
f 1067/1059/1059 1066/1038/1038 1069/1040/1040 1070/1056/1056
f 1040/1060/1060 1065/1061/1061 1068/1058/1058 1039/1057/1057
f 1065/1061/1061 1064/1062/1062 1067/1059/1059 1068/1058/1058
f 1064/1062/1062 1063/1036/1036 1066/1038/1038 1067/1059/1059
f 1041/1063/1063 1062/1064/1064 1065/1061/1061 1040/1060/1060
f 1062/1064/1064 1061/1065/1065 1064/1062/1062 1065/1061/1061
f 1061/1065/1065 1060/1034/1034 1063/1036/1036 1064/1062/1062
f 1042/1066/1066 1059/1067/1067 1062/1064/1064 1041/1063/1063
f 1059/1067/1067 1058/1068/1068 1061/1065/1065 1062/1064/1064
f 1058/1068/1068 1057/1032/1032 1060/1034/1034 1061/1065/1065
f 1043/1069/1069 1056/1070/1070 1059/1067/1067 1042/1066/1066
f 1056/1070/1070 1055/1071/1071 1058/1068/1068 1059/1067/1067
f 1055/1071/1071 1054/1030/1030 1057/1032/1032 1058/1068/1068
f 1044/1072/1072 1053/1073/1073 1056/1070/1070 1043/1069/1069
f 1053/1073/1073 1052/1074/1074 1055/1071/1071 1056/1070/1070
f 1052/1074/1074 1051/1028/1028 1054/1030/1030 1055/1071/1071
f 1024/1075/1075 1048/1076/1076 1053/1073/1073 1044/1072/1072
f 1048/1076/1076 1049/1077/1077 1052/1074/1074 1053/1073/1073
f 1049/1077/1077 1050/1025/1025 1051/1028/1028 1052/1074/1074
f 1035/1048/1048 1080/1047/1047 1047/1078/1078 1022/1079/1079
f 1080/1047/1047 1079/1050/1050 1046/1080/1080 1047/1078/1078
f 1079/1050/1050 1078/1021/1021 1045/1024/1024 1046/1080/1080
f 1138/1081/1081 1094/1082/1082 1081/1083/1083 1105/1084/1084
f 1110/1085/1085 1083/1086/1086 1085/1087/1087 1111/1088/1088
f 1111/1088/1088 1085/1087/1087 1086/1089/1089 1114/1090/1090
f 1114/1090/1090 1086/1089/1089 1087/1091/1091 1117/1092/1092
f 1117/1092/1092 1087/1091/1091 1088/1093/1093 1120/1094/1094
f 1120/1094/1094 1088/1093/1093 1089/1095/1095 1123/1096/1096
f 1123/1096/1096 1089/1095/1095 1090/1097/1097 1126/1098/1098
f 1126/1098/1098 1090/1097/1097 1091/1099/1099 1129/1100/1100
f 1129/1100/1100 1091/1099/1099 1092/1101/1101 1132/1102/1102
f 1132/1102/1102 1092/1101/1101 1093/1103/1103 1135/1104/1104
f 1135/1104/1104 1093/1103/1103 1094/1082/1082 1138/1081/1081
f 1096/1105/1105 1137/1106/1106 1140/1107/1107 1095/1108/1108
f 1137/1106/1106 1136/1109/1109 1139/1110/1110 1140/1107/1107
f 1136/1109/1109 1135/1104/1104 1138/1081/1081 1139/1110/1110
f 1097/1111/1111 1134/1112/1112 1137/1106/1106 1096/1105/1105
f 1134/1112/1112 1133/1113/1113 1136/1109/1109 1137/1106/1106
f 1133/1113/1113 1132/1102/1102 1135/1104/1104 1136/1109/1109
f 1098/1114/1114 1131/1115/1115 1134/1112/1112 1097/1111/1111
f 1131/1115/1115 1130/1116/1116 1133/1113/1113 1134/1112/1112
f 1130/1116/1116 1129/1100/1100 1132/1102/1102 1133/1113/1113
f 1099/1117/1117 1128/1118/1118 1131/1115/1115 1098/1114/1114
f 1128/1118/1118 1127/1119/1119 1130/1116/1116 1131/1115/1115
f 1127/1119/1119 1126/1098/1098 1129/1100/1100 1130/1116/1116
f 1100/1120/1120 1125/1121/1121 1128/1118/1118 1099/1117/1117
f 1125/1121/1121 1124/1122/1122 1127/1119/1119 1128/1118/1118
f 1124/1122/1122 1123/1096/1096 1126/1098/1098 1127/1119/1119
f 1101/1123/1123 1122/1124/1124 1125/1121/1121 1100/1120/1120
f 1122/1124/1124 1121/1125/1125 1124/1122/1122 1125/1121/1121
f 1121/1125/1125 1120/1094/1094 1123/1096/1096 1124/1122/1122
f 1102/1126/1126 1119/1127/1127 1122/1124/1124 1101/1123/1123
f 1119/1127/1127 1118/1128/1128 1121/1125/1125 1122/1124/1124
f 1118/1128/1128 1117/1092/1092 1120/1094/1094 1121/1125/1125
f 1103/1129/1129 1116/1130/1130 1119/1127/1127 1102/1126/1126
f 1116/1130/1130 1115/1131/1131 1118/1128/1128 1119/1127/1127
f 1115/1131/1131 1114/1090/1090 1117/1092/1092 1118/1128/1128
f 1104/1132/1132 1113/1133/1133 1116/1130/1130 1103/1129/1129
f 1113/1133/1133 1112/1134/1134 1115/1131/1131 1116/1130/1130
f 1112/1134/1134 1111/1088/1088 1114/1090/1090 1115/1131/1131
f 1084/1135/1135 1108/1136/1136 1113/1133/1133 1104/1132/1132
f 1108/1136/1136 1109/1137/1137 1112/1134/1134 1113/1133/1133
f 1109/1137/1137 1110/1085/1085 1111/1088/1088 1112/1134/1134
f 1095/1108/1108 1140/1107/1107 1107/1138/1138 1082/1139/1139
f 1140/1107/1107 1139/1110/1110 1106/1140/1140 1107/1138/1138
f 1139/1110/1110 1138/1081/1081 1105/1084/1084 1106/1140/1140
f 1198/1141/1141 1154/1142/1142 1141/1143/1143 1165/1144/1144
f 1170/1145/1145 1143/1146/1146 1145/1147/1147 1171/1148/1148
f 1171/1148/1148 1145/1147/1147 1146/1149/1149 1174/1150/1150
f 1174/1150/1150 1146/1149/1149 1147/1151/1151 1177/1152/1152
f 1177/1152/1152 1147/1151/1151 1148/1153/1153 1180/1154/1154
f 1180/1154/1154 1148/1153/1153 1149/1155/1155 1183/1156/1156
f 1183/1156/1156 1149/1155/1155 1150/1157/1157 1186/1158/1158
f 1186/1158/1158 1150/1157/1157 1151/1159/1159 1189/1160/1160
f 1189/1160/1160 1151/1159/1159 1152/1161/1161 1192/1162/1162
f 1192/1162/1162 1152/1161/1161 1153/1163/1163 1195/1164/1164
f 1195/1164/1164 1153/1163/1163 1154/1142/1142 1198/1141/1141
f 1156/1165/1165 1197/1166/1166 1200/1167/1167 1155/1168/1168
f 1197/1166/1166 1196/1169/1169 1199/1170/1170 1200/1167/1167
f 1196/1169/1169 1195/1164/1164 1198/1141/1141 1199/1170/1170
f 1157/1171/1171 1194/1172/1172 1197/1166/1166 1156/1165/1165
f 1194/1172/1172 1193/1173/1173 1196/1169/1169 1197/1166/1166
f 1193/1173/1173 1192/1162/1162 1195/1164/1164 1196/1169/1169
f 1158/1174/1174 1191/1175/1175 1194/1172/1172 1157/1171/1171
f 1191/1175/1175 1190/1176/1176 1193/1173/1173 1194/1172/1172
f 1190/1176/1176 1189/1160/1160 1192/1162/1162 1193/1173/1173
f 1159/1177/1177 1188/1178/1178 1191/1175/1175 1158/1174/1174
f 1188/1178/1178 1187/1179/1179 1190/1176/1176 1191/1175/1175
f 1187/1179/1179 1186/1158/1158 1189/1160/1160 1190/1176/1176
f 1160/1180/1180 1185/1181/1181 1188/1178/1178 1159/1177/1177
f 1185/1181/1181 1184/1182/1182 1187/1179/1179 1188/1178/1178
f 1184/1182/1182 1183/1156/1156 1186/1158/1158 1187/1179/1179
f 1161/1183/1183 1182/1184/1184 1185/1181/1181 1160/1180/1180
f 1182/1184/1184 1181/1185/1185 1184/1182/1182 1185/1181/1181
f 1181/1185/1185 1180/1154/1154 1183/1156/1156 1184/1182/1182
f 1162/1186/1186 1179/1187/1187 1182/1184/1184 1161/1183/1183
f 1179/1187/1187 1178/1188/1188 1181/1185/1185 1182/1184/1184
f 1178/1188/1188 1177/1152/1152 1180/1154/1154 1181/1185/1185
f 1163/1189/1189 1176/1190/1190 1179/1187/1187 1162/1186/1186
f 1176/1190/1190 1175/1191/1191 1178/1188/1188 1179/1187/1187
f 1175/1191/1191 1174/1150/1150 1177/1152/1152 1178/1188/1188
f 1164/1192/1192 1173/1193/1193 1176/1190/1190 1163/1189/1189
f 1173/1193/1193 1172/1194/1194 1175/1191/1191 1176/1190/1190
f 1172/1194/1194 1171/1148/1148 1174/1150/1150 1175/1191/1191
f 1144/1195/1195 1168/1196/1196 1173/1193/1193 1164/1192/1192
f 1168/1196/1196 1169/1197/1197 1172/1194/1194 1173/1193/1193
f 1169/1197/1197 1170/1145/1145 1171/1148/1148 1172/1194/1194
f 1155/1168/1168 1200/1167/1167 1167/1198/1198 1142/1199/1199
f 1200/1167/1167 1199/1170/1170 1166/1200/1200 1167/1198/1198
f 1199/1170/1170 1198/1141/1141 1165/1144/1144 1166/1200/1200
f 1258/1201/1201 1214/1202/1202 1201/1203/1203 1225/1204/1204
f 1230/1205/1205 1203/1206/1206 1205/1207/1207 1231/1208/1208
f 1231/1208/1208 1205/1207/1207 1206/1209/1209 1234/1210/1210
f 1234/1210/1210 1206/1209/1209 1207/1211/1211 1237/1212/1212
f 1237/1212/1212 1207/1211/1211 1208/1213/1213 1240/1214/1214
f 1240/1214/1214 1208/1213/1213 1209/1215/1215 1243/1216/1216
f 1243/1216/1216 1209/1215/1215 1210/1217/1217 1246/1218/1218
f 1246/1218/1218 1210/1217/1217 1211/1219/1219 1249/1220/1220
f 1249/1220/1220 1211/1219/1219 1212/1221/1221 1252/1222/1222
f 1252/1222/1222 1212/1221/1221 1213/1223/1223 1255/1224/1224
f 1255/1224/1224 1213/1223/1223 1214/1202/1202 1258/1201/1201
f 1216/1225/1225 1257/1226/1226 1260/1227/1227 1215/1228/1228
f 1257/1226/1226 1256/1229/1229 1259/1230/1230 1260/1227/1227
f 1256/1229/1229 1255/1224/1224 1258/1201/1201 1259/1230/1230
f 1217/1231/1231 1254/1232/1232 1257/1226/1226 1216/1225/1225
f 1254/1232/1232 1253/1233/1233 1256/1229/1229 1257/1226/1226
f 1253/1233/1233 1252/1222/1222 1255/1224/1224 1256/1229/1229
f 1218/1234/1234 1251/1235/1235 1254/1232/1232 1217/1231/1231
f 1251/1235/1235 1250/1236/1236 1253/1233/1233 1254/1232/1232
f 1250/1236/1236 1249/1220/1220 1252/1222/1222 1253/1233/1233
f 1219/1237/1237 1248/1238/1238 1251/1235/1235 1218/1234/1234
f 1248/1238/1238 1247/1239/1239 1250/1236/1236 1251/1235/1235
f 1247/1239/1239 1246/1218/1218 1249/1220/1220 1250/1236/1236
f 1220/1240/1240 1245/1241/1241 1248/1238/1238 1219/1237/1237
f 1245/1241/1241 1244/1242/1242 1247/1239/1239 1248/1238/1238
f 1244/1242/1242 1243/1216/1216 1246/1218/1218 1247/1239/1239
f 1221/1243/1243 1242/1244/1244 1245/1241/1241 1220/1240/1240
f 1242/1244/1244 1241/1245/1245 1244/1242/1242 1245/1241/1241
f 1241/1245/1245 1240/1214/1214 1243/1216/1216 1244/1242/1242
f 1222/1246/1246 1239/1247/1247 1242/1244/1244 1221/1243/1243
f 1239/1247/1247 1238/1248/1248 1241/1245/1245 1242/1244/1244
f 1238/1248/1248 1237/1212/1212 1240/1214/1214 1241/1245/1245
f 1223/1249/1249 1236/1250/1250 1239/1247/1247 1222/1246/1246
f 1236/1250/1250 1235/1251/1251 1238/1248/1248 1239/1247/1247
f 1235/1251/1251 1234/1210/1210 1237/1212/1212 1238/1248/1248
f 1224/1252/1252 1233/1253/1253 1236/1250/1250 1223/1249/1249
f 1233/1253/1253 1232/1254/1254 1235/1251/1251 1236/1250/1250
f 1232/1254/1254 1231/1208/1208 1234/1210/1210 1235/1251/1251
f 1204/1255/1255 1228/1256/1256 1233/1253/1253 1224/1252/1252
f 1228/1256/1256 1229/1257/1257 1232/1254/1254 1233/1253/1253
f 1229/1257/1257 1230/1205/1205 1231/1208/1208 1232/1254/1254
f 1215/1228/1228 1260/1227/1227 1227/1258/1258 1202/1259/1259
f 1260/1227/1227 1259/1230/1230 1226/1260/1260 1227/1258/1258
f 1259/1230/1230 1258/1201/1201 1225/1204/1204 1226/1260/1260
f 1318/1261/1261 1285/1262/1262 1261/1263/1263 1274/1264/1264
f 1290/1265/1265 1291/1266/1266 1265/1267/1267 1263/1268/1268
f 1291/1266/1266 1294/1269/1269 1266/1270/1270 1265/1267/1267
f 1294/1269/1269 1297/1271/1271 1267/1272/1272 1266/1270/1270
f 1297/1271/1271 1300/1273/1273 1268/1274/1274 1267/1272/1272
f 1300/1273/1273 1303/1275/1275 1269/1276/1276 1268/1274/1274
f 1303/1275/1275 1306/1277/1277 1270/1278/1278 1269/1276/1276
f 1306/1277/1277 1309/1279/1279 1271/1280/1280 1270/1278/1278
f 1309/1279/1279 1312/1281/1281 1272/1282/1282 1271/1280/1280
f 1312/1281/1281 1315/1283/1283 1273/1284/1284 1272/1282/1282
f 1315/1283/1283 1318/1261/1261 1274/1264/1264 1273/1284/1284
f 1276/1285/1285 1275/1286/1286 1320/1287/1287 1317/1288/1288
f 1317/1288/1288 1320/1287/1287 1319/1289/1289 1316/1290/1290
f 1316/1290/1290 1319/1289/1289 1318/1261/1261 1315/1283/1283
f 1277/1291/1291 1276/1285/1285 1317/1288/1288 1314/1292/1292
f 1314/1292/1292 1317/1288/1288 1316/1290/1290 1313/1293/1293
f 1313/1293/1293 1316/1290/1290 1315/1283/1283 1312/1281/1281
f 1278/1294/1294 1277/1291/1291 1314/1292/1292 1311/1295/1295
f 1311/1295/1295 1314/1292/1292 1313/1293/1293 1310/1296/1296
f 1310/1296/1296 1313/1293/1293 1312/1281/1281 1309/1279/1279
f 1279/1297/1297 1278/1294/1294 1311/1295/1295 1308/1298/1298
f 1308/1298/1298 1311/1295/1295 1310/1296/1296 1307/1299/1299
f 1307/1299/1299 1310/1296/1296 1309/1279/1279 1306/1277/1277
f 1280/1300/1300 1279/1297/1297 1308/1298/1298 1305/1301/1301
f 1305/1301/1301 1308/1298/1298 1307/1299/1299 1304/1302/1302
f 1304/1302/1302 1307/1299/1299 1306/1277/1277 1303/1275/1275
f 1281/1303/1303 1280/1300/1300 1305/1301/1301 1302/1304/1304
f 1302/1304/1304 1305/1301/1301 1304/1302/1302 1301/1305/1305
f 1301/1305/1305 1304/1302/1302 1303/1275/1275 1300/1273/1273
f 1282/1306/1306 1281/1303/1303 1302/1304/1304 1299/1307/1307
f 1299/1307/1307 1302/1304/1304 1301/1305/1305 1298/1308/1308
f 1298/1308/1308 1301/1305/1305 1300/1273/1273 1297/1271/1271
f 1283/1309/1309 1282/1306/1306 1299/1307/1307 1296/1310/1310
f 1296/1310/1310 1299/1307/1307 1298/1308/1308 1295/1311/1311
f 1295/1311/1311 1298/1308/1308 1297/1271/1271 1294/1269/1269
f 1284/1312/1312 1283/1309/1309 1296/1310/1310 1293/1313/1313
f 1293/1313/1313 1296/1310/1310 1295/1311/1311 1292/1314/1314
f 1292/1314/1314 1295/1311/1311 1294/1269/1269 1291/1266/1266
f 1264/1315/1315 1284/1312/1312 1293/1313/1313 1288/1316/1316
f 1288/1316/1316 1293/1313/1313 1292/1314/1314 1289/1317/1317
f 1289/1317/1317 1292/1314/1314 1291/1266/1266 1290/1265/1265
f 1275/1286/1286 1262/1318/1318 1287/1319/1319 1320/1287/1287
f 1320/1287/1287 1287/1319/1319 1286/1320/1320 1319/1289/1289
f 1319/1289/1289 1286/1320/1320 1285/1262/1262 1318/1261/1261
f 1378/1321/1321 1345/1322/1322 1321/1323/1323 1334/1324/1324
f 1350/1325/1325 1351/1326/1326 1325/1327/1327 1323/1328/1328
f 1351/1326/1326 1354/1329/1329 1326/1330/1330 1325/1327/1327
f 1354/1329/1329 1357/1331/1331 1327/1332/1332 1326/1330/1330
f 1357/1331/1331 1360/1333/1333 1328/1334/1334 1327/1332/1332
f 1360/1333/1333 1363/1335/1335 1329/1336/1336 1328/1334/1334
f 1363/1335/1335 1366/1337/1337 1330/1338/1338 1329/1336/1336
f 1366/1337/1337 1369/1339/1339 1331/1340/1340 1330/1338/1338
f 1369/1339/1339 1372/1341/1341 1332/1342/1342 1331/1340/1340
f 1372/1341/1341 1375/1343/1343 1333/1344/1344 1332/1342/1342
f 1375/1343/1343 1378/1321/1321 1334/1324/1324 1333/1344/1344
f 1336/1345/1345 1335/1346/1346 1380/1347/1347 1377/1348/1348
f 1377/1348/1348 1380/1347/1347 1379/1349/1349 1376/1350/1350
f 1376/1350/1350 1379/1349/1349 1378/1321/1321 1375/1343/1343
f 1337/1351/1351 1336/1345/1345 1377/1348/1348 1374/1352/1352
f 1374/1352/1352 1377/1348/1348 1376/1350/1350 1373/1353/1353
f 1373/1353/1353 1376/1350/1350 1375/1343/1343 1372/1341/1341
f 1338/1354/1354 1337/1351/1351 1374/1352/1352 1371/1355/1355
f 1371/1355/1355 1374/1352/1352 1373/1353/1353 1370/1356/1356
f 1370/1356/1356 1373/1353/1353 1372/1341/1341 1369/1339/1339
f 1339/1357/1357 1338/1354/1354 1371/1355/1355 1368/1358/1358
f 1368/1358/1358 1371/1355/1355 1370/1356/1356 1367/1359/1359
f 1367/1359/1359 1370/1356/1356 1369/1339/1339 1366/1337/1337
f 1340/1360/1360 1339/1357/1357 1368/1358/1358 1365/1361/1361
f 1365/1361/1361 1368/1358/1358 1367/1359/1359 1364/1362/1362
f 1364/1362/1362 1367/1359/1359 1366/1337/1337 1363/1335/1335
f 1341/1363/1363 1340/1360/1360 1365/1361/1361 1362/1364/1364
f 1362/1364/1364 1365/1361/1361 1364/1362/1362 1361/1365/1365
f 1361/1365/1365 1364/1362/1362 1363/1335/1335 1360/1333/1333
f 1342/1366/1366 1341/1363/1363 1362/1364/1364 1359/1367/1367
f 1359/1367/1367 1362/1364/1364 1361/1365/1365 1358/1368/1368
f 1358/1368/1368 1361/1365/1365 1360/1333/1333 1357/1331/1331
f 1343/1369/1369 1342/1366/1366 1359/1367/1367 1356/1370/1370
f 1356/1370/1370 1359/1367/1367 1358/1368/1368 1355/1371/1371
f 1355/1371/1371 1358/1368/1368 1357/1331/1331 1354/1329/1329
f 1344/1372/1372 1343/1369/1369 1356/1370/1370 1353/1373/1373
f 1353/1373/1373 1356/1370/1370 1355/1371/1371 1352/1374/1374
f 1352/1374/1374 1355/1371/1371 1354/1329/1329 1351/1326/1326
f 1324/1375/1375 1344/1372/1372 1353/1373/1373 1348/1376/1376
f 1348/1376/1376 1353/1373/1373 1352/1374/1374 1349/1377/1377
f 1349/1377/1377 1352/1374/1374 1351/1326/1326 1350/1325/1325
f 1335/1346/1346 1322/1378/1378 1347/1379/1379 1380/1347/1347
f 1380/1347/1347 1347/1379/1379 1346/1380/1380 1379/1349/1349
f 1379/1349/1349 1346/1380/1380 1345/1322/1322 1378/1321/1321
f 1438/1381/1381 1405/1382/1382 1381/1383/1383 1394/1384/1384
f 1410/1385/1385 1411/1386/1386 1385/1387/1387 1383/1388/1388
f 1411/1386/1386 1414/1389/1389 1386/1390/1390 1385/1387/1387
f 1414/1389/1389 1417/1391/1391 1387/1392/1392 1386/1390/1390
f 1417/1391/1391 1420/1393/1393 1388/1394/1394 1387/1392/1392
f 1420/1393/1393 1423/1395/1395 1389/1396/1396 1388/1394/1394
f 1423/1395/1395 1426/1397/1397 1390/1398/1398 1389/1396/1396
f 1426/1397/1397 1429/1399/1399 1391/1400/1400 1390/1398/1398
f 1429/1399/1399 1432/1401/1401 1392/1402/1402 1391/1400/1400
f 1432/1401/1401 1435/1403/1403 1393/1404/1404 1392/1402/1402
f 1435/1403/1403 1438/1381/1381 1394/1384/1384 1393/1404/1404
f 1396/1405/1405 1395/1406/1406 1440/1407/1407 1437/1408/1408
f 1437/1408/1408 1440/1407/1407 1439/1409/1409 1436/1410/1410
f 1436/1410/1410 1439/1409/1409 1438/1381/1381 1435/1403/1403
f 1397/1411/1411 1396/1405/1405 1437/1408/1408 1434/1412/1412
f 1434/1412/1412 1437/1408/1408 1436/1410/1410 1433/1413/1413
f 1433/1413/1413 1436/1410/1410 1435/1403/1403 1432/1401/1401
f 1398/1414/1414 1397/1411/1411 1434/1412/1412 1431/1415/1415
f 1431/1415/1415 1434/1412/1412 1433/1413/1413 1430/1416/1416
f 1430/1416/1416 1433/1413/1413 1432/1401/1401 1429/1399/1399
f 1399/1417/1417 1398/1414/1414 1431/1415/1415 1428/1418/1418
f 1428/1418/1418 1431/1415/1415 1430/1416/1416 1427/1419/1419
f 1427/1419/1419 1430/1416/1416 1429/1399/1399 1426/1397/1397
f 1400/1420/1420 1399/1417/1417 1428/1418/1418 1425/1421/1421
f 1425/1421/1421 1428/1418/1418 1427/1419/1419 1424/1422/1422
f 1424/1422/1422 1427/1419/1419 1426/1397/1397 1423/1395/1395
f 1401/1423/1423 1400/1420/1420 1425/1421/1421 1422/1424/1424
f 1422/1424/1424 1425/1421/1421 1424/1422/1422 1421/1425/1425
f 1421/1425/1425 1424/1422/1422 1423/1395/1395 1420/1393/1393
f 1402/1426/1426 1401/1423/1423 1422/1424/1424 1419/1427/1427
f 1419/1427/1427 1422/1424/1424 1421/1425/1425 1418/1428/1428
f 1418/1428/1428 1421/1425/1425 1420/1393/1393 1417/1391/1391
f 1403/1429/1429 1402/1426/1426 1419/1427/1427 1416/1430/1430
f 1416/1430/1430 1419/1427/1427 1418/1428/1428 1415/1431/1431
f 1415/1431/1431 1418/1428/1428 1417/1391/1391 1414/1389/1389
f 1404/1432/1432 1403/1429/1429 1416/1430/1430 1413/1433/1433
f 1413/1433/1433 1416/1430/1430 1415/1431/1431 1412/1434/1434
f 1412/1434/1434 1415/1431/1431 1414/1389/1389 1411/1386/1386
f 1384/1435/1435 1404/1432/1432 1413/1433/1433 1408/1436/1436
f 1408/1436/1436 1413/1433/1433 1412/1434/1434 1409/1437/1437
f 1409/1437/1437 1412/1434/1434 1411/1386/1386 1410/1385/1385
f 1395/1406/1406 1382/1438/1438 1407/1439/1439 1440/1407/1407
f 1440/1407/1407 1407/1439/1439 1406/1440/1440 1439/1409/1409
f 1439/1409/1409 1406/1440/1440 1405/1382/1382 1438/1381/1381
f 1498/1441/1441 1465/1442/1442 1441/1443/1443 1454/1444/1444
f 1470/1445/1445 1471/1446/1446 1445/1447/1447 1443/1448/1448
f 1471/1446/1446 1474/1449/1449 1446/1450/1450 1445/1447/1447
f 1474/1449/1449 1477/1451/1451 1447/1452/1452 1446/1450/1450
f 1477/1451/1451 1480/1453/1453 1448/1454/1454 1447/1452/1452
f 1480/1453/1453 1483/1455/1455 1449/1456/1456 1448/1454/1454
f 1483/1455/1455 1486/1457/1457 1450/1458/1458 1449/1456/1456
f 1486/1457/1457 1489/1459/1459 1451/1460/1460 1450/1458/1458
f 1489/1459/1459 1492/1461/1461 1452/1462/1462 1451/1460/1460
f 1492/1461/1461 1495/1463/1463 1453/1464/1464 1452/1462/1462
f 1495/1463/1463 1498/1441/1441 1454/1444/1444 1453/1464/1464
f 1456/1465/1465 1455/1466/1466 1500/1467/1467 1497/1468/1468
f 1497/1468/1468 1500/1467/1467 1499/1469/1469 1496/1470/1470
f 1496/1470/1470 1499/1469/1469 1498/1441/1441 1495/1463/1463
f 1457/1471/1471 1456/1465/1465 1497/1468/1468 1494/1472/1472
f 1494/1472/1472 1497/1468/1468 1496/1470/1470 1493/1473/1473
f 1493/1473/1473 1496/1470/1470 1495/1463/1463 1492/1461/1461
f 1458/1474/1474 1457/1471/1471 1494/1472/1472 1491/1475/1475
f 1491/1475/1475 1494/1472/1472 1493/1473/1473 1490/1476/1476
f 1490/1476/1476 1493/1473/1473 1492/1461/1461 1489/1459/1459
f 1459/1477/1477 1458/1474/1474 1491/1475/1475 1488/1478/1478
f 1488/1478/1478 1491/1475/1475 1490/1476/1476 1487/1479/1479
f 1487/1479/1479 1490/1476/1476 1489/1459/1459 1486/1457/1457
f 1460/1480/1480 1459/1477/1477 1488/1478/1478 1485/1481/1481
f 1485/1481/1481 1488/1478/1478 1487/1479/1479 1484/1482/1482
f 1484/1482/1482 1487/1479/1479 1486/1457/1457 1483/1455/1455
f 1461/1483/1483 1460/1480/1480 1485/1481/1481 1482/1484/1484
f 1482/1484/1484 1485/1481/1481 1484/1482/1482 1481/1485/1485
f 1481/1485/1485 1484/1482/1482 1483/1455/1455 1480/1453/1453
f 1462/1486/1486 1461/1483/1483 1482/1484/1484 1479/1487/1487
f 1479/1487/1487 1482/1484/1484 1481/1485/1485 1478/1488/1488
f 1478/1488/1488 1481/1485/1485 1480/1453/1453 1477/1451/1451
f 1463/1489/1489 1462/1486/1486 1479/1487/1487 1476/1490/1490
f 1476/1490/1490 1479/1487/1487 1478/1488/1488 1475/1491/1491
f 1475/1491/1491 1478/1488/1488 1477/1451/1451 1474/1449/1449
f 1464/1492/1492 1463/1489/1489 1476/1490/1490 1473/1493/1493
f 1473/1493/1493 1476/1490/1490 1475/1491/1491 1472/1494/1494
f 1472/1494/1494 1475/1491/1491 1474/1449/1449 1471/1446/1446
f 1444/1495/1495 1464/1492/1492 1473/1493/1493 1468/1496/1496
f 1468/1496/1496 1473/1493/1493 1472/1494/1494 1469/1497/1497
f 1469/1497/1497 1472/1494/1494 1471/1446/1446 1470/1445/1445
f 1455/1466/1466 1442/1498/1498 1467/1499/1499 1500/1467/1467
f 1500/1467/1467 1467/1499/1499 1466/1500/1500 1499/1469/1469
f 1499/1469/1469 1466/1500/1500 1465/1442/1442 1498/1441/1441
f 1558/1501/1501 1525/1502/1502 1501/1503/1503 1514/1504/1504
f 1530/1505/1505 1531/1506/1506 1505/1507/1507 1503/1508/1508
f 1531/1506/1506 1534/1509/1509 1506/1510/1510 1505/1507/1507
f 1534/1509/1509 1537/1511/1511 1507/1512/1512 1506/1510/1510
f 1537/1511/1511 1540/1513/1513 1508/1514/1514 1507/1512/1512
f 1540/1513/1513 1543/1515/1515 1509/1516/1516 1508/1514/1514
f 1543/1515/1515 1546/1517/1517 1510/1518/1518 1509/1516/1516
f 1546/1517/1517 1549/1519/1519 1511/1520/1520 1510/1518/1518
f 1549/1519/1519 1552/1521/1521 1512/1522/1522 1511/1520/1520
f 1552/1521/1521 1555/1523/1523 1513/1524/1524 1512/1522/1522
f 1555/1523/1523 1558/1501/1501 1514/1504/1504 1513/1524/1524
f 1516/1525/1525 1515/1526/1526 1560/1527/1527 1557/1528/1528
f 1557/1528/1528 1560/1527/1527 1559/1529/1529 1556/1530/1530
f 1556/1530/1530 1559/1529/1529 1558/1501/1501 1555/1523/1523
f 1517/1531/1531 1516/1525/1525 1557/1528/1528 1554/1532/1532
f 1554/1532/1532 1557/1528/1528 1556/1530/1530 1553/1533/1533
f 1553/1533/1533 1556/1530/1530 1555/1523/1523 1552/1521/1521
f 1518/1534/1534 1517/1531/1531 1554/1532/1532 1551/1535/1535
f 1551/1535/1535 1554/1532/1532 1553/1533/1533 1550/1536/1536
f 1550/1536/1536 1553/1533/1533 1552/1521/1521 1549/1519/1519
f 1519/1537/1537 1518/1534/1534 1551/1535/1535 1548/1538/1538
f 1548/1538/1538 1551/1535/1535 1550/1536/1536 1547/1539/1539
f 1547/1539/1539 1550/1536/1536 1549/1519/1519 1546/1517/1517
f 1520/1540/1540 1519/1537/1537 1548/1538/1538 1545/1541/1541
f 1545/1541/1541 1548/1538/1538 1547/1539/1539 1544/1542/1542
f 1544/1542/1542 1547/1539/1539 1546/1517/1517 1543/1515/1515
f 1521/1543/1543 1520/1540/1540 1545/1541/1541 1542/1544/1544
f 1542/1544/1544 1545/1541/1541 1544/1542/1542 1541/1545/1545
f 1541/1545/1545 1544/1542/1542 1543/1515/1515 1540/1513/1513
f 1522/1546/1546 1521/1543/1543 1542/1544/1544 1539/1547/1547
f 1539/1547/1547 1542/1544/1544 1541/1545/1545 1538/1548/1548
f 1538/1548/1548 1541/1545/1545 1540/1513/1513 1537/1511/1511
f 1523/1549/1549 1522/1546/1546 1539/1547/1547 1536/1550/1550
f 1536/1550/1550 1539/1547/1547 1538/1548/1548 1535/1551/1551
f 1535/1551/1551 1538/1548/1548 1537/1511/1511 1534/1509/1509
f 1524/1552/1552 1523/1549/1549 1536/1550/1550 1533/1553/1553
f 1533/1553/1553 1536/1550/1550 1535/1551/1551 1532/1554/1554
f 1532/1554/1554 1535/1551/1551 1534/1509/1509 1531/1506/1506
f 1504/1555/1555 1524/1552/1552 1533/1553/1553 1528/1556/1556
f 1528/1556/1556 1533/1553/1553 1532/1554/1554 1529/1557/1557
f 1529/1557/1557 1532/1554/1554 1531/1506/1506 1530/1505/1505
f 1515/1526/1526 1502/1558/1558 1527/1559/1559 1560/1527/1527
f 1560/1527/1527 1527/1559/1559 1526/1560/1560 1559/1529/1529
f 1559/1529/1529 1526/1560/1560 1525/1502/1502 1558/1501/1501
f 1618/1561/1561 1585/1562/1562 1561/1563/1563 1574/1564/1564
f 1590/1565/1565 1591/1566/1566 1565/1567/1567 1563/1568/1568
f 1591/1566/1566 1594/1569/1569 1566/1570/1570 1565/1567/1567
f 1594/1569/1569 1597/1571/1571 1567/1572/1572 1566/1570/1570
f 1597/1571/1571 1600/1573/1573 1568/1574/1574 1567/1572/1572
f 1600/1573/1573 1603/1575/1575 1569/1576/1576 1568/1574/1574
f 1603/1575/1575 1606/1577/1577 1570/1578/1578 1569/1576/1576
f 1606/1577/1577 1609/1579/1579 1571/1580/1580 1570/1578/1578
f 1609/1579/1579 1612/1581/1581 1572/1582/1582 1571/1580/1580
f 1612/1581/1581 1615/1583/1583 1573/1584/1584 1572/1582/1582
f 1615/1583/1583 1618/1561/1561 1574/1564/1564 1573/1584/1584
f 1576/1585/1585 1575/1586/1586 1620/1587/1587 1617/1588/1588
f 1617/1588/1588 1620/1587/1587 1619/1589/1589 1616/1590/1590
f 1616/1590/1590 1619/1589/1589 1618/1561/1561 1615/1583/1583
f 1577/1591/1591 1576/1585/1585 1617/1588/1588 1614/1592/1592
f 1614/1592/1592 1617/1588/1588 1616/1590/1590 1613/1593/1593
f 1613/1593/1593 1616/1590/1590 1615/1583/1583 1612/1581/1581
f 1578/1594/1594 1577/1591/1591 1614/1592/1592 1611/1595/1595
f 1611/1595/1595 1614/1592/1592 1613/1593/1593 1610/1596/1596
f 1610/1596/1596 1613/1593/1593 1612/1581/1581 1609/1579/1579
f 1579/1597/1597 1578/1594/1594 1611/1595/1595 1608/1598/1598
f 1608/1598/1598 1611/1595/1595 1610/1596/1596 1607/1599/1599
f 1607/1599/1599 1610/1596/1596 1609/1579/1579 1606/1577/1577
f 1580/1600/1600 1579/1597/1597 1608/1598/1598 1605/1601/1601
f 1605/1601/1601 1608/1598/1598 1607/1599/1599 1604/1602/1602
f 1604/1602/1602 1607/1599/1599 1606/1577/1577 1603/1575/1575
f 1581/1603/1603 1580/1600/1600 1605/1601/1601 1602/1604/1604
f 1602/1604/1604 1605/1601/1601 1604/1602/1602 1601/1605/1605
f 1601/1605/1605 1604/1602/1602 1603/1575/1575 1600/1573/1573
f 1582/1606/1606 1581/1603/1603 1602/1604/1604 1599/1607/1607
f 1599/1607/1607 1602/1604/1604 1601/1605/1605 1598/1608/1608
f 1598/1608/1608 1601/1605/1605 1600/1573/1573 1597/1571/1571
f 1583/1609/1609 1582/1606/1606 1599/1607/1607 1596/1610/1610
f 1596/1610/1610 1599/1607/1607 1598/1608/1608 1595/1611/1611
f 1595/1611/1611 1598/1608/1608 1597/1571/1571 1594/1569/1569
f 1584/1612/1612 1583/1609/1609 1596/1610/1610 1593/1613/1613
f 1593/1613/1613 1596/1610/1610 1595/1611/1611 1592/1614/1614
f 1592/1614/1614 1595/1611/1611 1594/1569/1569 1591/1566/1566
f 1564/1615/1615 1584/1612/1612 1593/1613/1613 1588/1616/1616
f 1588/1616/1616 1593/1613/1613 1592/1614/1614 1589/1617/1617
f 1589/1617/1617 1592/1614/1614 1591/1566/1566 1590/1565/1565
f 1575/1586/1586 1562/1618/1618 1587/1619/1619 1620/1587/1587
f 1620/1587/1587 1587/1619/1619 1586/1620/1620 1619/1589/1589
f 1619/1589/1589 1586/1620/1620 1585/1562/1562 1618/1561/1561
f 1678/1621/1621 1645/1622/1622 1621/1623/1623 1634/1624/1624
f 1650/1625/1625 1651/1626/1626 1625/1627/1627 1623/1628/1628
f 1651/1626/1626 1654/1629/1629 1626/1630/1630 1625/1627/1627
f 1654/1629/1629 1657/1631/1631 1627/1632/1632 1626/1630/1630
f 1657/1631/1631 1660/1633/1633 1628/1634/1634 1627/1632/1632
f 1660/1633/1633 1663/1635/1635 1629/1636/1636 1628/1634/1634
f 1663/1635/1635 1666/1637/1637 1630/1638/1638 1629/1636/1636
f 1666/1637/1637 1669/1639/1639 1631/1640/1640 1630/1638/1638
f 1669/1639/1639 1672/1641/1641 1632/1642/1642 1631/1640/1640
f 1672/1641/1641 1675/1643/1643 1633/1644/1644 1632/1642/1642
f 1675/1643/1643 1678/1621/1621 1634/1624/1624 1633/1644/1644
f 1636/1645/1645 1635/1646/1646 1680/1647/1647 1677/1648/1648
f 1677/1648/1648 1680/1647/1647 1679/1649/1649 1676/1650/1650
f 1676/1650/1650 1679/1649/1649 1678/1621/1621 1675/1643/1643
f 1637/1651/1651 1636/1645/1645 1677/1648/1648 1674/1652/1652
f 1674/1652/1652 1677/1648/1648 1676/1650/1650 1673/1653/1653
f 1673/1653/1653 1676/1650/1650 1675/1643/1643 1672/1641/1641
f 1638/1654/1654 1637/1651/1651 1674/1652/1652 1671/1655/1655
f 1671/1655/1655 1674/1652/1652 1673/1653/1653 1670/1656/1656
f 1670/1656/1656 1673/1653/1653 1672/1641/1641 1669/1639/1639
f 1639/1657/1657 1638/1654/1654 1671/1655/1655 1668/1658/1658
f 1668/1658/1658 1671/1655/1655 1670/1656/1656 1667/1659/1659
f 1667/1659/1659 1670/1656/1656 1669/1639/1639 1666/1637/1637
f 1640/1660/1660 1639/1657/1657 1668/1658/1658 1665/1661/1661
f 1665/1661/1661 1668/1658/1658 1667/1659/1659 1664/1662/1662
f 1664/1662/1662 1667/1659/1659 1666/1637/1637 1663/1635/1635
f 1641/1663/1663 1640/1660/1660 1665/1661/1661 1662/1664/1664
f 1662/1664/1664 1665/1661/1661 1664/1662/1662 1661/1665/1665
f 1661/1665/1665 1664/1662/1662 1663/1635/1635 1660/1633/1633
f 1642/1666/1666 1641/1663/1663 1662/1664/1664 1659/1667/1667
f 1659/1667/1667 1662/1664/1664 1661/1665/1665 1658/1668/1668
f 1658/1668/1668 1661/1665/1665 1660/1633/1633 1657/1631/1631
f 1643/1669/1669 1642/1666/1666 1659/1667/1667 1656/1670/1670
f 1656/1670/1670 1659/1667/1667 1658/1668/1668 1655/1671/1671
f 1655/1671/1671 1658/1668/1668 1657/1631/1631 1654/1629/1629
f 1644/1672/1672 1643/1669/1669 1656/1670/1670 1653/1673/1673
f 1653/1673/1673 1656/1670/1670 1655/1671/1671 1652/1674/1674
f 1652/1674/1674 1655/1671/1671 1654/1629/1629 1651/1626/1626
f 1624/1675/1675 1644/1672/1672 1653/1673/1673 1648/1676/1676
f 1648/1676/1676 1653/1673/1673 1652/1674/1674 1649/1677/1677
f 1649/1677/1677 1652/1674/1674 1651/1626/1626 1650/1625/1625
f 1635/1646/1646 1622/1678/1678 1647/1679/1679 1680/1647/1647
f 1680/1647/1647 1647/1679/1679 1646/1680/1680 1679/1649/1649
f 1679/1649/1649 1646/1680/1680 1645/1622/1622 1678/1621/1621
f 842/899/899 867/898/898 1287/1319/1319 1262/1318/1318
f 843/846/846 870/845/845 1290/1265/1265 1263/1268/1268
f 841/843/843 854/842/842 1274/1264/1264 1261/1263/1263
f 844/895/895 864/892/892 1284/1312/1312 1264/1315/1315
f 845/847/847 843/846/846 1263/1268/1268 1265/1267/1267
f 846/849/849 845/847/847 1265/1267/1267 1266/1270/1270
f 847/851/851 846/849/849 1266/1270/1270 1267/1272/1272
f 848/853/853 847/851/851 1267/1272/1272 1268/1274/1274
f 849/855/855 848/853/853 1268/1274/1274 1269/1276/1276
f 850/857/857 849/855/855 1269/1276/1276 1270/1278/1278
f 851/859/859 850/857/857 1270/1278/1278 1271/1280/1280
f 852/861/861 851/859/859 1271/1280/1280 1272/1282/1282
f 853/863/863 852/861/861 1272/1282/1282 1273/1284/1284
f 854/842/842 853/863/863 1273/1284/1284 1274/1264/1264
f 855/868/868 842/899/899 1262/1318/1318 1275/1286/1286
f 856/865/865 855/868/868 1275/1286/1286 1276/1285/1285
f 857/871/871 856/865/865 1276/1285/1285 1277/1291/1291
f 858/874/874 857/871/871 1277/1291/1291 1278/1294/1294
f 859/877/877 858/874/874 1278/1294/1294 1279/1297/1297
f 860/880/880 859/877/877 1279/1297/1297 1280/1300/1300
f 861/883/883 860/880/880 1280/1300/1300 1281/1303/1303
f 862/886/886 861/883/883 1281/1303/1303 1282/1306/1306
f 863/889/889 862/886/886 1282/1306/1306 1283/1309/1309
f 864/892/892 863/889/889 1283/1309/1309 1284/1312/1312
f 865/844/844 841/843/843 1261/1263/1263 1285/1262/1262
f 866/900/900 865/844/844 1285/1262/1262 1286/1320/1320
f 867/898/898 866/900/900 1286/1320/1320 1287/1319/1319
f 868/896/896 844/895/895 1264/1315/1315 1288/1316/1316
f 869/897/897 868/896/896 1288/1316/1316 1289/1317/1317
f 870/845/845 869/897/897 1289/1317/1317 1290/1265/1265
f 902/959/959 927/958/958 1347/1379/1379 1322/1378/1378
f 903/906/906 930/905/905 1350/1325/1325 1323/1328/1328
f 901/903/903 914/902/902 1334/1324/1324 1321/1323/1323
f 904/955/955 924/952/952 1344/1372/1372 1324/1375/1375
f 905/907/907 903/906/906 1323/1328/1328 1325/1327/1327
f 906/909/909 905/907/907 1325/1327/1327 1326/1330/1330
f 907/911/911 906/909/909 1326/1330/1330 1327/1332/1332
f 908/913/913 907/911/911 1327/1332/1332 1328/1334/1334
f 909/915/915 908/913/913 1328/1334/1334 1329/1336/1336
f 910/917/917 909/915/915 1329/1336/1336 1330/1338/1338
f 911/919/919 910/917/917 1330/1338/1338 1331/1340/1340
f 912/921/921 911/919/919 1331/1340/1340 1332/1342/1342
f 913/923/923 912/921/921 1332/1342/1342 1333/1344/1344
f 914/902/902 913/923/923 1333/1344/1344 1334/1324/1324
f 915/928/928 902/959/959 1322/1378/1378 1335/1346/1346
f 916/925/925 915/928/928 1335/1346/1346 1336/1345/1345
f 917/931/931 916/925/925 1336/1345/1345 1337/1351/1351
f 918/934/934 917/931/931 1337/1351/1351 1338/1354/1354
f 919/937/937 918/934/934 1338/1354/1354 1339/1357/1357
f 920/940/940 919/937/937 1339/1357/1357 1340/1360/1360
f 921/943/943 920/940/940 1340/1360/1360 1341/1363/1363
f 922/946/946 921/943/943 1341/1363/1363 1342/1366/1366
f 923/949/949 922/946/946 1342/1366/1366 1343/1369/1369
f 924/952/952 923/949/949 1343/1369/1369 1344/1372/1372
f 925/904/904 901/903/903 1321/1323/1323 1345/1322/1322
f 926/960/960 925/904/904 1345/1322/1322 1346/1380/1380
f 927/958/958 926/960/960 1346/1380/1380 1347/1379/1379
f 928/956/956 904/955/955 1324/1375/1375 1348/1376/1376
f 929/957/957 928/956/956 1348/1376/1376 1349/1377/1377
f 930/905/905 929/957/957 1349/1377/1377 1350/1325/1325
f 962/1019/1019 987/1018/1018 1407/1439/1439 1382/1438/1438
f 963/966/966 990/965/965 1410/1385/1385 1383/1388/1388
f 961/963/963 974/962/962 1394/1384/1384 1381/1383/1383
f 964/1015/1015 984/1012/1012 1404/1432/1432 1384/1435/1435
f 965/967/967 963/966/966 1383/1388/1388 1385/1387/1387
f 966/969/969 965/967/967 1385/1387/1387 1386/1390/1390
f 967/971/971 966/969/969 1386/1390/1390 1387/1392/1392
f 968/973/973 967/971/971 1387/1392/1392 1388/1394/1394
f 969/975/975 968/973/973 1388/1394/1394 1389/1396/1396
f 970/977/977 969/975/975 1389/1396/1396 1390/1398/1398
f 971/979/979 970/977/977 1390/1398/1398 1391/1400/1400
f 972/981/981 971/979/979 1391/1400/1400 1392/1402/1402
f 973/983/983 972/981/981 1392/1402/1402 1393/1404/1404
f 974/962/962 973/983/983 1393/1404/1404 1394/1384/1384
f 975/988/988 962/1019/1019 1382/1438/1438 1395/1406/1406
f 976/985/985 975/988/988 1395/1406/1406 1396/1405/1405
f 977/991/991 976/985/985 1396/1405/1405 1397/1411/1411
f 978/994/994 977/991/991 1397/1411/1411 1398/1414/1414
f 979/997/997 978/994/994 1398/1414/1414 1399/1417/1417
f 980/1000/1000 979/997/997 1399/1417/1417 1400/1420/1420
f 981/1003/1003 980/1000/1000 1400/1420/1420 1401/1423/1423
f 982/1006/1006 981/1003/1003 1401/1423/1423 1402/1426/1426
f 983/1009/1009 982/1006/1006 1402/1426/1426 1403/1429/1429
f 984/1012/1012 983/1009/1009 1403/1429/1429 1404/1432/1432
f 985/964/964 961/963/963 1381/1383/1383 1405/1382/1382
f 986/1020/1020 985/964/964 1405/1382/1382 1406/1440/1440
f 987/1018/1018 986/1020/1020 1406/1440/1440 1407/1439/1439
f 988/1016/1016 964/1015/1015 1384/1435/1435 1408/1436/1436
f 989/1017/1017 988/1016/1016 1408/1436/1436 1409/1437/1437
f 990/965/965 989/1017/1017 1409/1437/1437 1410/1385/1385
f 1022/1079/1079 1047/1078/1078 1467/1499/1499 1442/1498/1498
f 1023/1026/1026 1050/1025/1025 1470/1445/1445 1443/1448/1448
f 1021/1023/1023 1034/1022/1022 1454/1444/1444 1441/1443/1443
f 1024/1075/1075 1044/1072/1072 1464/1492/1492 1444/1495/1495
f 1025/1027/1027 1023/1026/1026 1443/1448/1448 1445/1447/1447
f 1026/1029/1029 1025/1027/1027 1445/1447/1447 1446/1450/1450
f 1027/1031/1031 1026/1029/1029 1446/1450/1450 1447/1452/1452
f 1028/1033/1033 1027/1031/1031 1447/1452/1452 1448/1454/1454
f 1029/1035/1035 1028/1033/1033 1448/1454/1454 1449/1456/1456
f 1030/1037/1037 1029/1035/1035 1449/1456/1456 1450/1458/1458
f 1031/1039/1039 1030/1037/1037 1450/1458/1458 1451/1460/1460
f 1032/1041/1041 1031/1039/1039 1451/1460/1460 1452/1462/1462
f 1033/1043/1043 1032/1041/1041 1452/1462/1462 1453/1464/1464
f 1034/1022/1022 1033/1043/1043 1453/1464/1464 1454/1444/1444
f 1035/1048/1048 1022/1079/1079 1442/1498/1498 1455/1466/1466
f 1036/1045/1045 1035/1048/1048 1455/1466/1466 1456/1465/1465
f 1037/1051/1051 1036/1045/1045 1456/1465/1465 1457/1471/1471
f 1038/1054/1054 1037/1051/1051 1457/1471/1471 1458/1474/1474
f 1039/1057/1057 1038/1054/1054 1458/1474/1474 1459/1477/1477
f 1040/1060/1060 1039/1057/1057 1459/1477/1477 1460/1480/1480
f 1041/1063/1063 1040/1060/1060 1460/1480/1480 1461/1483/1483
f 1042/1066/1066 1041/1063/1063 1461/1483/1483 1462/1486/1486
f 1043/1069/1069 1042/1066/1066 1462/1486/1486 1463/1489/1489
f 1044/1072/1072 1043/1069/1069 1463/1489/1489 1464/1492/1492
f 1045/1024/1024 1021/1023/1023 1441/1443/1443 1465/1442/1442
f 1046/1080/1080 1045/1024/1024 1465/1442/1442 1466/1500/1500
f 1047/1078/1078 1046/1080/1080 1466/1500/1500 1467/1499/1499
f 1048/1076/1076 1024/1075/1075 1444/1495/1495 1468/1496/1496
f 1049/1077/1077 1048/1076/1076 1468/1496/1496 1469/1497/1497
f 1050/1025/1025 1049/1077/1077 1469/1497/1497 1470/1445/1445
f 1082/1139/1139 1107/1138/1138 1527/1559/1559 1502/1558/1558
f 1083/1086/1086 1110/1085/1085 1530/1505/1505 1503/1508/1508
f 1081/1083/1083 1094/1082/1082 1514/1504/1504 1501/1503/1503
f 1084/1135/1135 1104/1132/1132 1524/1552/1552 1504/1555/1555
f 1085/1087/1087 1083/1086/1086 1503/1508/1508 1505/1507/1507
f 1086/1089/1089 1085/1087/1087 1505/1507/1507 1506/1510/1510
f 1087/1091/1091 1086/1089/1089 1506/1510/1510 1507/1512/1512
f 1088/1093/1093 1087/1091/1091 1507/1512/1512 1508/1514/1514
f 1089/1095/1095 1088/1093/1093 1508/1514/1514 1509/1516/1516
f 1090/1097/1097 1089/1095/1095 1509/1516/1516 1510/1518/1518
f 1091/1099/1099 1090/1097/1097 1510/1518/1518 1511/1520/1520
f 1092/1101/1101 1091/1099/1099 1511/1520/1520 1512/1522/1522
f 1093/1103/1103 1092/1101/1101 1512/1522/1522 1513/1524/1524
f 1094/1082/1082 1093/1103/1103 1513/1524/1524 1514/1504/1504
f 1095/1108/1108 1082/1139/1139 1502/1558/1558 1515/1526/1526
f 1096/1105/1105 1095/1108/1108 1515/1526/1526 1516/1525/1525
f 1097/1111/1111 1096/1105/1105 1516/1525/1525 1517/1531/1531
f 1098/1114/1114 1097/1111/1111 1517/1531/1531 1518/1534/1534
f 1099/1117/1117 1098/1114/1114 1518/1534/1534 1519/1537/1537
f 1100/1120/1120 1099/1117/1117 1519/1537/1537 1520/1540/1540
f 1101/1123/1123 1100/1120/1120 1520/1540/1540 1521/1543/1543
f 1102/1126/1126 1101/1123/1123 1521/1543/1543 1522/1546/1546
f 1103/1129/1129 1102/1126/1126 1522/1546/1546 1523/1549/1549
f 1104/1132/1132 1103/1129/1129 1523/1549/1549 1524/1552/1552
f 1105/1084/1084 1081/1083/1083 1501/1503/1503 1525/1502/1502
f 1106/1140/1140 1105/1084/1084 1525/1502/1502 1526/1560/1560
f 1107/1138/1138 1106/1140/1140 1526/1560/1560 1527/1559/1559
f 1108/1136/1136 1084/1135/1135 1504/1555/1555 1528/1556/1556
f 1109/1137/1137 1108/1136/1136 1528/1556/1556 1529/1557/1557
f 1110/1085/1085 1109/1137/1137 1529/1557/1557 1530/1505/1505
f 1142/1199/1199 1167/1198/1198 1587/1619/1619 1562/1618/1618
f 1143/1146/1146 1170/1145/1145 1590/1565/1565 1563/1568/1568
f 1141/1143/1143 1154/1142/1142 1574/1564/1564 1561/1563/1563
f 1144/1195/1195 1164/1192/1192 1584/1612/1612 1564/1615/1615
f 1145/1147/1147 1143/1146/1146 1563/1568/1568 1565/1567/1567
f 1146/1149/1149 1145/1147/1147 1565/1567/1567 1566/1570/1570
f 1147/1151/1151 1146/1149/1149 1566/1570/1570 1567/1572/1572
f 1148/1153/1153 1147/1151/1151 1567/1572/1572 1568/1574/1574
f 1149/1155/1155 1148/1153/1153 1568/1574/1574 1569/1576/1576
f 1150/1157/1157 1149/1155/1155 1569/1576/1576 1570/1578/1578
f 1151/1159/1159 1150/1157/1157 1570/1578/1578 1571/1580/1580
f 1152/1161/1161 1151/1159/1159 1571/1580/1580 1572/1582/1582
f 1153/1163/1163 1152/1161/1161 1572/1582/1582 1573/1584/1584
f 1154/1142/1142 1153/1163/1163 1573/1584/1584 1574/1564/1564
f 1155/1168/1168 1142/1199/1199 1562/1618/1618 1575/1586/1586
f 1156/1165/1165 1155/1168/1168 1575/1586/1586 1576/1585/1585
f 1157/1171/1171 1156/1165/1165 1576/1585/1585 1577/1591/1591
f 1158/1174/1174 1157/1171/1171 1577/1591/1591 1578/1594/1594
f 1159/1177/1177 1158/1174/1174 1578/1594/1594 1579/1597/1597
f 1160/1180/1180 1159/1177/1177 1579/1597/1597 1580/1600/1600
f 1161/1183/1183 1160/1180/1180 1580/1600/1600 1581/1603/1603
f 1162/1186/1186 1161/1183/1183 1581/1603/1603 1582/1606/1606
f 1163/1189/1189 1162/1186/1186 1582/1606/1606 1583/1609/1609
f 1164/1192/1192 1163/1189/1189 1583/1609/1609 1584/1612/1612
f 1165/1144/1144 1141/1143/1143 1561/1563/1563 1585/1562/1562
f 1166/1200/1200 1165/1144/1144 1585/1562/1562 1586/1620/1620
f 1167/1198/1198 1166/1200/1200 1586/1620/1620 1587/1619/1619
f 1168/1196/1196 1144/1195/1195 1564/1615/1615 1588/1616/1616
f 1169/1197/1197 1168/1196/1196 1588/1616/1616 1589/1617/1617
f 1170/1145/1145 1169/1197/1197 1589/1617/1617 1590/1565/1565
f 1202/1259/1259 1227/1258/1258 1647/1679/1679 1622/1678/1678
f 1203/1206/1206 1230/1205/1205 1650/1625/1625 1623/1628/1628
f 1201/1203/1203 1214/1202/1202 1634/1624/1624 1621/1623/1623
f 1204/1255/1255 1224/1252/1252 1644/1672/1672 1624/1675/1675
f 1205/1207/1207 1203/1206/1206 1623/1628/1628 1625/1627/1627
f 1206/1209/1209 1205/1207/1207 1625/1627/1627 1626/1630/1630
f 1207/1211/1211 1206/1209/1209 1626/1630/1630 1627/1632/1632
f 1208/1213/1213 1207/1211/1211 1627/1632/1632 1628/1634/1634
f 1209/1215/1215 1208/1213/1213 1628/1634/1634 1629/1636/1636
f 1210/1217/1217 1209/1215/1215 1629/1636/1636 1630/1638/1638
f 1211/1219/1219 1210/1217/1217 1630/1638/1638 1631/1640/1640
f 1212/1221/1221 1211/1219/1219 1631/1640/1640 1632/1642/1642
f 1213/1223/1223 1212/1221/1221 1632/1642/1642 1633/1644/1644
f 1214/1202/1202 1213/1223/1223 1633/1644/1644 1634/1624/1624
f 1215/1228/1228 1202/1259/1259 1622/1678/1678 1635/1646/1646
f 1216/1225/1225 1215/1228/1228 1635/1646/1646 1636/1645/1645
f 1217/1231/1231 1216/1225/1225 1636/1645/1645 1637/1651/1651
f 1218/1234/1234 1217/1231/1231 1637/1651/1651 1638/1654/1654
f 1219/1237/1237 1218/1234/1234 1638/1654/1654 1639/1657/1657
f 1220/1240/1240 1219/1237/1237 1639/1657/1657 1640/1660/1660
f 1221/1243/1243 1220/1240/1240 1640/1660/1660 1641/1663/1663
f 1222/1246/1246 1221/1243/1243 1641/1663/1663 1642/1666/1666
f 1223/1249/1249 1222/1246/1246 1642/1666/1666 1643/1669/1669
f 1224/1252/1252 1223/1249/1249 1643/1669/1669 1644/1672/1672
f 1225/1204/1204 1201/1203/1203 1621/1623/1623 1645/1622/1622
f 1226/1260/1260 1225/1204/1204 1645/1622/1622 1646/1680/1680
f 1227/1258/1258 1226/1260/1260 1646/1680/1680 1647/1679/1679
f 1228/1256/1256 1204/1255/1255 1624/1675/1675 1648/1676/1676
f 1229/1257/1257 1228/1256/1256 1648/1676/1676 1649/1677/1677
f 1230/1205/1205 1229/1257/1257 1649/1677/1677 1650/1625/1625
o Foglia.000_Cylinder.012
v 0.016776 0.110954 0.039058
v 0.036863 0.108522 0.037818
v 0.016776 0.120080 0.021163
v 0.036863 0.119302 0.020767
v 0.016776 0.118084 0.023904
v 0.016776 0.116385 0.026795
v 0.016776 0.115042 0.029868
v 0.016776 0.113996 0.033093
v 0.016776 0.112475 0.036075
v 0.020124 0.110954 0.039058
v 0.023471 0.110954 0.039058
v 0.026819 0.109998 0.038570
v 0.030167 0.108522 0.037818
v 0.033515 0.108201 0.037654
v 0.036863 0.110414 0.035024
v 0.036863 0.113891 0.033039
v 0.036863 0.114894 0.029793
v 0.036863 0.116190 0.026696
v 0.036863 0.117678 0.023697
v 0.033515 0.118801 0.020511
v 0.030167 0.119209 0.020719
v 0.026819 0.119510 0.020872
v 0.023471 0.119572 0.020904
v 0.020124 0.119711 0.020975
v 0.020124 0.112475 0.036075
v 0.023471 0.112475 0.036075
v 0.026819 0.112475 0.036075
v 0.030167 0.110414 0.035024
v 0.033515 0.110043 0.034835
v 0.020124 0.113996 0.033093
v 0.023471 0.113996 0.033093
v 0.026819 0.114422 0.033310
v 0.030167 0.113891 0.033039
v 0.033515 0.112736 0.032451
v 0.020124 0.115361 0.030031
v 0.023471 0.116434 0.030578
v 0.026819 0.116600 0.030663
v 0.030167 0.116130 0.030423
v 0.033515 0.115079 0.029887
v 0.020124 0.116993 0.027105
v 0.023471 0.118121 0.027680
v 0.026819 0.118264 0.027753
v 0.030167 0.118121 0.027680
v 0.033515 0.116489 0.026848
v 0.020124 0.118282 0.024005
v 0.023471 0.119123 0.024433
v 0.026819 0.119642 0.024698
v 0.030167 0.118578 0.024155
v 0.033515 0.117642 0.023678
vt 0.637429 0.744871
vt 0.637429 0.734313
vt 0.647987 0.734313
vt 0.647987 0.744871
vt 0.584640 0.744871
vt 0.584640 0.734313
vt 0.595198 0.734313
vt 0.595198 0.744871
vt 0.605756 0.734313
vt 0.605756 0.744871
vt 0.616314 0.734313
vt 0.616314 0.744871
vt 0.626872 0.734313
vt 0.626872 0.744871
vt 0.584640 0.797660
vt 0.584640 0.787102
vt 0.595198 0.787102
vt 0.595198 0.797660
vt 0.584640 0.776544
vt 0.595198 0.776544
vt 0.584640 0.765986
vt 0.595198 0.765986
vt 0.584640 0.755428
vt 0.595198 0.755428
vt 0.605756 0.787102
vt 0.605756 0.797660
vt 0.605756 0.776544
vt 0.605756 0.765986
vt 0.605756 0.755428
vt 0.616314 0.787102
vt 0.616314 0.797660
vt 0.616314 0.776544
vt 0.616314 0.765986
vt 0.616314 0.755428
vt 0.626872 0.787102
vt 0.626872 0.797660
vt 0.626872 0.776544
vt 0.626872 0.765986
vt 0.626872 0.755428
vt 0.637429 0.787102
vt 0.637429 0.797660
vt 0.637429 0.776544
vt 0.637429 0.765986
vt 0.637429 0.755428
vt 0.647987 0.787102
vt 0.647987 0.797660
vt 0.647987 0.776544
vt 0.647987 0.765986
vt 0.647987 0.755428
vn 0.1407 0.9348 0.3262
vn -0.0228 0.9143 0.4043
vn -0.0894 0.9061 0.4135
vn 0.0640 0.9384 0.3395
vn 0.0000 0.8325 0.5540
vn -0.1145 0.8270 0.5503
vn -0.1722 0.7045 0.6885
vn 0.0000 0.7209 0.6930
vn -0.1935 0.7332 0.6518
vn 0.0429 0.6952 0.7175
vn -0.0396 0.8916 0.4511
vn 0.1761 0.8398 0.5134
vn 0.0623 0.9153 0.3978
vn 0.2360 0.8968 0.3742
vn 0.0000 0.8908 0.4543
vn 0.0786 0.8496 0.5215
vn 0.0214 0.8632 0.5043
vn 0.3469 0.7405 0.5755
vn 0.2420 0.7562 0.6079
vn 0.3103 0.7658 0.5632
vn 0.3076 0.6838 0.6616
vn -0.0575 0.8871 0.4579
vn -0.0265 0.9132 0.4066
vn -0.0860 0.8309 0.5497
vn 0.0935 0.7595 0.6437
vn 0.2806 0.6671 0.6901
vn -0.1833 0.8699 0.4578
vn -0.1038 0.9108 0.3996
vn -0.1691 0.8171 0.5511
vn 0.0289 0.8075 0.5892
vn 0.2556 0.7803 0.5707
vn -0.2385 0.8759 0.4194
vn -0.1437 0.8861 0.4407
vn -0.2052 0.8864 0.4148
vn 0.0342 0.9070 0.4196
vn 0.2731 0.8834 0.3808
vn -0.1339 0.9102 0.3920
vn -0.0532 0.8768 0.4779
vn -0.1544 0.9562 0.2485
vn 0.0542 0.9802 0.1903
vn 0.2551 0.9464 0.1981
vn -0.0436 0.9173 0.3958
vn 0.0286 0.8596 0.5101
vn -0.0926 0.9830 0.1584
vn 0.0714 0.9959 0.0558
vn 0.2116 0.9635 0.1640
usemtl material.baked
s 1
f 1729/1681/1681 1699/1682/1682 1684/1683/1683 1700/1684/1684
f 1694/1685/1685 1682/1686/1686 1695/1687/1687 1709/1688/1688
f 1709/1688/1688 1695/1687/1687 1696/1689/1689 1714/1690/1690
f 1714/1690/1690 1696/1689/1689 1697/1691/1691 1719/1692/1692
f 1719/1692/1692 1697/1691/1691 1698/1693/1693 1724/1694/1694
f 1724/1694/1694 1698/1693/1693 1699/1682/1682 1729/1681/1681
f 1681/1695/1695 1690/1696/1695 1705/1697/1695 1689/1698/1695
f 1690/1696/1695 1691/1699/1696 1706/1700/1697 1705/1697/1695
f 1691/1699/1696 1692/1701/1698 1707/1702/1699 1706/1700/1697
f 1692/1701/1698 1693/1703/1700 1708/1704/1701 1707/1702/1699
f 1693/1703/1700 1694/1685/1685 1709/1688/1688 1708/1704/1701
f 1689/1698/1695 1705/1697/1695 1710/1705/1702 1688/1706/1703
f 1705/1697/1695 1706/1700/1697 1711/1707/1704 1710/1705/1702
f 1706/1700/1697 1707/1702/1699 1712/1708/1705 1711/1707/1704
f 1707/1702/1699 1708/1704/1701 1713/1709/1706 1712/1708/1705
f 1708/1704/1701 1709/1688/1688 1714/1690/1690 1713/1709/1706
f 1688/1706/1703 1710/1705/1702 1715/1710/1707 1687/1711/1708
f 1710/1705/1702 1711/1707/1704 1716/1712/1709 1715/1710/1707
f 1711/1707/1704 1712/1708/1705 1717/1713/1710 1716/1712/1709
f 1712/1708/1705 1713/1709/1706 1718/1714/1711 1717/1713/1710
f 1713/1709/1706 1714/1690/1690 1719/1692/1692 1718/1714/1711
f 1687/1711/1708 1715/1710/1707 1720/1715/1712 1686/1716/1713
f 1715/1710/1707 1716/1712/1709 1721/1717/1714 1720/1715/1712
f 1716/1712/1709 1717/1713/1710 1722/1718/1715 1721/1717/1714
f 1717/1713/1710 1718/1714/1711 1723/1719/1716 1722/1718/1715
f 1718/1714/1711 1719/1692/1692 1724/1694/1694 1723/1719/1716
f 1686/1716/1713 1720/1715/1712 1725/1720/1717 1685/1721/1718
f 1720/1715/1712 1721/1717/1714 1726/1722/1719 1725/1720/1717
f 1721/1717/1714 1722/1718/1715 1727/1723/1720 1726/1722/1719
f 1722/1718/1715 1723/1719/1716 1728/1724/1721 1727/1723/1720
f 1723/1719/1716 1724/1694/1694 1729/1681/1681 1728/1724/1721
f 1685/1721/1718 1725/1720/1717 1704/1725/1722 1683/1726/1723
f 1725/1720/1717 1726/1722/1719 1703/1727/1724 1704/1725/1722
f 1726/1722/1719 1727/1723/1720 1702/1728/1725 1703/1727/1724
f 1727/1723/1720 1728/1724/1721 1701/1729/1726 1702/1728/1725
f 1728/1724/1721 1729/1681/1681 1700/1684/1684 1701/1729/1726
o Foglia.001_Cylinder.012
v 0.055015 0.142684 0.012315
v 0.067790 0.133954 -0.013875
v 0.030252 0.151209 -0.002606
v 0.043933 0.145113 -0.028796
v 0.034119 0.149032 -0.000119
v 0.038148 0.147328 0.002368
v 0.042373 0.146190 0.004854
v 0.046761 0.145525 0.007341
v 0.050888 0.144105 0.009828
v 0.057366 0.141874 0.007950
v 0.059718 0.141065 0.003585
v 0.061545 0.138733 -0.000780
v 0.063087 0.135573 -0.005145
v 0.065262 0.134251 -0.009510
v 0.063866 0.135966 -0.016362
v 0.060811 0.140501 -0.018849
v 0.056400 0.141097 -0.021336
v 0.052150 0.142160 -0.023822
v 0.048004 0.143528 -0.026309
v 0.041308 0.145125 -0.024431
v 0.039180 0.146584 -0.020066
v 0.036993 0.147872 -0.015701
v 0.034676 0.148781 -0.011336
v 0.032400 0.149811 -0.006971
v 0.053239 0.143295 0.005463
v 0.055591 0.142486 0.001098
v 0.057942 0.141676 -0.003267
v 0.059163 0.137585 -0.007632
v 0.061311 0.136184 -0.011997
v 0.049112 0.144716 0.002976
v 0.051463 0.143906 -0.001389
v 0.054048 0.143775 -0.005754
v 0.056109 0.142120 -0.010119
v 0.057827 0.139472 -0.014484
v 0.044899 0.145888 0.000489
v 0.047839 0.146789 -0.003876
v 0.050281 0.146242 -0.008241
v 0.052375 0.144684 -0.012606
v 0.054150 0.142201 -0.016971
v 0.040833 0.147487 -0.001997
v 0.043802 0.148473 -0.006362
v 0.046232 0.147891 -0.010727
v 0.048505 0.146854 -0.015092
v 0.049962 0.143446 -0.019457
v 0.036578 0.148538 -0.004484
v 0.039391 0.149068 -0.008849
v 0.042027 0.149084 -0.013214
v 0.043795 0.146581 -0.017579
v 0.045633 0.144281 -0.021944
vt 0.637429 0.744871
vt 0.637429 0.734313
vt 0.647987 0.734313
vt 0.647987 0.744871
vt 0.584640 0.744871
vt 0.584640 0.734313
vt 0.595198 0.734313
vt 0.595198 0.744871
vt 0.605756 0.734313
vt 0.605756 0.744871
vt 0.616314 0.734313
vt 0.616314 0.744871
vt 0.626872 0.734313
vt 0.626872 0.744871
vt 0.584640 0.797660
vt 0.584640 0.787102
vt 0.595198 0.787102
vt 0.595198 0.797660
vt 0.584640 0.776544
vt 0.595198 0.776544
vt 0.584640 0.765986
vt 0.595198 0.765986
vt 0.584640 0.755428
vt 0.595198 0.755428
vt 0.605756 0.787102
vt 0.605756 0.797660
vt 0.605756 0.776544
vt 0.605756 0.765986
vt 0.605756 0.755428
vt 0.616314 0.787102
vt 0.616314 0.797660
vt 0.616314 0.776544
vt 0.616314 0.765986
vt 0.616314 0.755428
vt 0.626872 0.787102
vt 0.626872 0.797660
vt 0.626872 0.776544
vt 0.626872 0.765986
vt 0.626872 0.755428
vt 0.637429 0.787102
vt 0.637429 0.797660
vt 0.637429 0.776544
vt 0.637429 0.765986
vt 0.637429 0.755428
vt 0.647987 0.787102
vt 0.647987 0.797660
vt 0.647987 0.776544
vt 0.647987 0.765986
vt 0.647987 0.755428
vn 0.2750 0.9427 -0.1886
vn 0.2689 0.9631 -0.0075
vn 0.2465 0.9675 0.0563
vn 0.2505 0.9610 -0.1169
vn 0.4180 0.9066 0.0571
vn 0.3617 0.9191 0.1562
vn 0.4665 0.8339 0.2948
vn 0.5496 0.8230 0.1435
vn 0.4218 0.8588 0.2907
vn 0.5935 0.7954 0.1227
vn 0.3041 0.9521 0.0328
vn 0.4642 0.8782 -0.1154
vn 0.3029 0.9492 -0.0845
vn 0.3651 0.8990 -0.2417
vn 0.3255 0.9455 0.0000
vn 0.4249 0.9048 -0.0294
vn 0.3819 0.9241 0.0096
vn 0.6070 0.7652 -0.2142
vn 0.5851 0.8032 -0.1122
vn 0.5770 0.7935 -0.1935
vn 0.6691 0.7318 -0.1292
vn 0.3021 0.9518 0.0524
vn 0.2693 0.9630 -0.0030
vn 0.3741 0.9181 0.1303
vn 0.5468 0.8366 0.0318
vn 0.6829 0.7250 -0.0895
vn 0.2445 0.9554 0.1655
vn 0.2271 0.9719 0.0616
vn 0.3376 0.9184 0.2062
vn 0.4646 0.8839 0.0531
vn 0.5567 0.8177 -0.1459
vn 0.1844 0.9632 0.1952
vn 0.2467 0.9616 0.1199
vn 0.1951 0.9673 0.1619
vn 0.3097 0.9496 -0.0487
vn 0.3894 0.8812 -0.2680
vn 0.2064 0.9748 0.0845
vn 0.3225 0.9446 0.0598
vn 0.0668 0.9973 0.0287
vn 0.1112 0.9767 -0.1836
vn 0.2149 0.9128 -0.3471
vn 0.2514 0.9679 0.0062
vn 0.3906 0.9205 0.0067
vn 0.0142 0.9974 -0.0707
vn -0.0004 0.9652 -0.2615
vn 0.1631 0.9304 -0.3282
usemtl material.baked
s 1
f 1778/1730/1727 1748/1731/1728 1733/1732/1729 1749/1733/1730
f 1743/1734/1731 1731/1735/1732 1744/1736/1733 1758/1737/1734
f 1758/1737/1734 1744/1736/1733 1745/1738/1735 1763/1739/1736
f 1763/1739/1736 1745/1738/1735 1746/1740/1737 1768/1741/1738
f 1768/1741/1738 1746/1740/1737 1747/1742/1739 1773/1743/1740
f 1773/1743/1740 1747/1742/1739 1748/1731/1728 1778/1730/1727
f 1730/1744/1741 1739/1745/1741 1754/1746/1741 1738/1747/1741
f 1739/1745/1741 1740/1748/1742 1755/1749/1743 1754/1746/1741
f 1740/1748/1742 1741/1750/1744 1756/1751/1745 1755/1749/1743
f 1741/1750/1744 1742/1752/1746 1757/1753/1747 1756/1751/1745
f 1742/1752/1746 1743/1734/1731 1758/1737/1734 1757/1753/1747
f 1738/1747/1741 1754/1746/1741 1759/1754/1748 1737/1755/1749
f 1754/1746/1741 1755/1749/1743 1760/1756/1750 1759/1754/1748
f 1755/1749/1743 1756/1751/1745 1761/1757/1751 1760/1756/1750
f 1756/1751/1745 1757/1753/1747 1762/1758/1752 1761/1757/1751
f 1757/1753/1747 1758/1737/1734 1763/1739/1736 1762/1758/1752
f 1737/1755/1749 1759/1754/1748 1764/1759/1753 1736/1760/1754
f 1759/1754/1748 1760/1756/1750 1765/1761/1755 1764/1759/1753
f 1760/1756/1750 1761/1757/1751 1766/1762/1756 1765/1761/1755
f 1761/1757/1751 1762/1758/1752 1767/1763/1757 1766/1762/1756
f 1762/1758/1752 1763/1739/1736 1768/1741/1738 1767/1763/1757
f 1736/1760/1754 1764/1759/1753 1769/1764/1758 1735/1765/1759
f 1764/1759/1753 1765/1761/1755 1770/1766/1760 1769/1764/1758
f 1765/1761/1755 1766/1762/1756 1771/1767/1761 1770/1766/1760
f 1766/1762/1756 1767/1763/1757 1772/1768/1762 1771/1767/1761
f 1767/1763/1757 1768/1741/1738 1773/1743/1740 1772/1768/1762
f 1735/1765/1759 1769/1764/1758 1774/1769/1763 1734/1770/1764
f 1769/1764/1758 1770/1766/1760 1775/1771/1765 1774/1769/1763
f 1770/1766/1760 1771/1767/1761 1776/1772/1766 1775/1771/1765
f 1771/1767/1761 1772/1768/1762 1777/1773/1767 1776/1772/1766
f 1772/1768/1762 1773/1743/1740 1778/1730/1727 1777/1773/1767
f 1734/1770/1764 1774/1769/1763 1753/1774/1768 1732/1775/1769
f 1774/1769/1763 1775/1771/1765 1752/1776/1770 1753/1774/1768
f 1775/1771/1765 1776/1772/1766 1751/1777/1771 1752/1776/1770
f 1776/1772/1766 1777/1773/1767 1750/1778/1772 1751/1777/1771
f 1777/1773/1767 1778/1730/1727 1749/1733/1730 1750/1778/1772
o Foglia.002_Cylinder.012
v 0.045779 0.132906 -0.012261
v 0.031514 0.123859 -0.023468
v 0.032023 0.137300 0.001701
v 0.017586 0.129961 -0.010213
v 0.034365 0.136078 -0.000423
v 0.036676 0.135162 -0.002674
v 0.038951 0.134613 -0.005077
v 0.041194 0.134371 -0.007607
v 0.043487 0.133638 -0.009934
v 0.043360 0.131816 -0.014302
v 0.040940 0.130727 -0.016343
v 0.038620 0.128651 -0.017975
v 0.036354 0.126037 -0.019386
v 0.033968 0.124616 -0.021289
v 0.029183 0.124974 -0.021300
v 0.026687 0.127726 -0.019809
v 0.024448 0.127924 -0.017261
v 0.022178 0.128424 -0.014837
v 0.019889 0.129123 -0.012496
v 0.020057 0.130534 -0.007958
v 0.022435 0.132044 -0.006091
v 0.024823 0.133444 -0.004178
v 0.027236 0.134598 -0.002164
v 0.029642 0.135830 -0.000182
v 0.041067 0.132549 -0.011975
v 0.038647 0.131459 -0.014016
v 0.036228 0.130370 -0.016057
v 0.034022 0.127153 -0.017217
v 0.031641 0.125681 -0.019100
v 0.038774 0.133281 -0.009648
v 0.036355 0.132192 -0.011689
v 0.033891 0.131542 -0.013912
v 0.031526 0.129905 -0.015727
v 0.029227 0.127623 -0.017274
v 0.036498 0.133852 -0.007254
v 0.033966 0.133872 -0.009754
v 0.031529 0.132953 -0.011866
v 0.029159 0.131378 -0.013706
v 0.026848 0.129204 -0.015298
v 0.034193 0.134700 -0.004975
v 0.031656 0.134775 -0.007498
v 0.029222 0.133833 -0.009600
v 0.026817 0.132596 -0.011580
v 0.024567 0.129822 -0.012924
v 0.031925 0.135193 -0.002549
v 0.029418 0.134972 -0.004949
v 0.026944 0.134418 -0.007212
v 0.024635 0.132231 -0.008799
v 0.022313 0.130175 -0.010440
vt 0.637429 0.744871
vt 0.637429 0.734313
vt 0.647987 0.734313
vt 0.647987 0.744871
vt 0.584640 0.744871
vt 0.584640 0.734313
vt 0.595198 0.734313
vt 0.595198 0.744871
vt 0.605756 0.734313
vt 0.605756 0.744871
vt 0.616314 0.734313
vt 0.616314 0.744871
vt 0.626872 0.734313
vt 0.626872 0.744871
vt 0.584640 0.797660
vt 0.584640 0.787102
vt 0.595198 0.787102
vt 0.595198 0.797660
vt 0.584640 0.776544
vt 0.595198 0.776544
vt 0.584640 0.765986
vt 0.595198 0.765986
vt 0.584640 0.755428
vt 0.595198 0.755428
vt 0.605756 0.787102
vt 0.605756 0.797660
vt 0.605756 0.776544
vt 0.605756 0.765986
vt 0.605756 0.755428
vt 0.616314 0.787102
vt 0.616314 0.797660
vt 0.616314 0.776544
vt 0.616314 0.765986
vt 0.616314 0.755428
vt 0.626872 0.787102
vt 0.626872 0.797660
vt 0.626872 0.776544
vt 0.626872 0.765986
vt 0.626872 0.755428
vt 0.637429 0.787102
vt 0.637429 0.797660
vt 0.637429 0.776544
vt 0.637429 0.765986
vt 0.637429 0.755428
vt 0.647987 0.787102
vt 0.647987 0.797660
vt 0.647987 0.776544
vt 0.647987 0.765986
vt 0.647987 0.755428
vn -0.2845 0.8859 -0.3663
vn -0.1139 0.9378 -0.3280
vn -0.0572 0.9539 -0.2945
vn -0.2229 0.9172 -0.3301
vn -0.0132 0.8885 -0.4585
vn 0.0697 0.9200 -0.3857
vn 0.2381 0.8569 -0.4572
vn 0.1097 0.8170 -0.5661
vn 0.2214 0.8821 -0.4157
vn 0.1027 0.7849 -0.6110
vn -0.0663 0.9328 -0.3543
vn -0.1663 0.8290 -0.5340
vn -0.1795 0.9096 -0.3747
vn -0.3111 0.8307 -0.4616
vn -0.0927 0.9199 -0.3810
vn -0.0927 0.9199 -0.3809
vn -0.0952 0.8714 -0.4812
vn -0.0689 0.8987 -0.4330
vn -0.2155 0.6959 -0.6850
vn -0.1274 0.7518 -0.6470
vn -0.2060 0.7283 -0.6535
vn -0.1158 0.6758 -0.7279
vn -0.0476 0.9360 -0.3486
vn -0.1094 0.9384 -0.3275
vn 0.0472 0.9141 -0.4027
vn -0.0011 0.8111 -0.5849
vn -0.0736 0.6756 -0.7336
vn 0.0499 0.9611 -0.2715
vn -0.0566 0.9598 -0.2748
vn 0.1135 0.9288 -0.3528
vn -0.0042 0.8640 -0.5035
vn -0.1679 0.7612 -0.6264
vn 0.0657 0.9760 -0.2076
vn 0.0052 0.9593 -0.2824
vn 0.0349 0.9738 -0.2244
vn -0.1436 0.9159 -0.3747
vn -0.3289 0.8078 -0.4891
vn -0.0390 0.9673 -0.2504
vn -0.0353 0.9296 -0.3669
vn -0.1238 0.9843 -0.1254
vn -0.3170 0.9255 -0.2070
vn -0.4445 0.8308 -0.3349
vn -0.1048 0.9454 -0.3086
vn -0.0695 0.8943 -0.4419
vn -0.2301 0.9687 -0.0923
vn -0.4121 0.9043 -0.1112
vn -0.4392 0.8531 -0.2817
usemtl material.baked
s 1
f 1827/1779/1773 1797/1780/1774 1782/1781/1775 1798/1782/1776
f 1792/1783/1777 1780/1784/1778 1793/1785/1779 1807/1786/1780
f 1807/1786/1780 1793/1785/1779 1794/1787/1781 1812/1788/1782
f 1812/1788/1782 1794/1787/1781 1795/1789/1783 1817/1790/1784
f 1817/1790/1784 1795/1789/1783 1796/1791/1785 1822/1792/1786
f 1822/1792/1786 1796/1791/1785 1797/1780/1774 1827/1779/1773
f 1779/1793/1787 1788/1794/1787 1803/1795/1788 1787/1796/1787
f 1788/1794/1787 1789/1797/1789 1804/1798/1790 1803/1795/1788
f 1789/1797/1789 1790/1799/1791 1805/1800/1792 1804/1798/1790
f 1790/1799/1791 1791/1801/1793 1806/1802/1794 1805/1800/1792
f 1791/1801/1793 1792/1783/1777 1807/1786/1780 1806/1802/1794
f 1787/1796/1787 1803/1795/1788 1808/1803/1795 1786/1804/1796
f 1803/1795/1788 1804/1798/1790 1809/1805/1797 1808/1803/1795
f 1804/1798/1790 1805/1800/1792 1810/1806/1798 1809/1805/1797
f 1805/1800/1792 1806/1802/1794 1811/1807/1799 1810/1806/1798
f 1806/1802/1794 1807/1786/1780 1812/1788/1782 1811/1807/1799
f 1786/1804/1796 1808/1803/1795 1813/1808/1800 1785/1809/1801
f 1808/1803/1795 1809/1805/1797 1814/1810/1802 1813/1808/1800
f 1809/1805/1797 1810/1806/1798 1815/1811/1803 1814/1810/1802
f 1810/1806/1798 1811/1807/1799 1816/1812/1804 1815/1811/1803
f 1811/1807/1799 1812/1788/1782 1817/1790/1784 1816/1812/1804
f 1785/1809/1801 1813/1808/1800 1818/1813/1805 1784/1814/1806
f 1813/1808/1800 1814/1810/1802 1819/1815/1807 1818/1813/1805
f 1814/1810/1802 1815/1811/1803 1820/1816/1808 1819/1815/1807
f 1815/1811/1803 1816/1812/1804 1821/1817/1809 1820/1816/1808
f 1816/1812/1804 1817/1790/1784 1822/1792/1786 1821/1817/1809
f 1784/1814/1806 1818/1813/1805 1823/1818/1810 1783/1819/1811
f 1818/1813/1805 1819/1815/1807 1824/1820/1812 1823/1818/1810
f 1819/1815/1807 1820/1816/1808 1825/1821/1813 1824/1820/1812
f 1820/1816/1808 1821/1817/1809 1826/1822/1814 1825/1821/1813
f 1821/1817/1809 1822/1792/1786 1827/1779/1773 1826/1822/1814
f 1783/1819/1811 1823/1818/1810 1802/1823/1815 1781/1824/1816
f 1823/1818/1810 1824/1820/1812 1801/1825/1817 1802/1823/1815
f 1824/1820/1812 1825/1821/1813 1800/1826/1818 1801/1825/1817
f 1825/1821/1813 1826/1822/1814 1799/1827/1819 1800/1826/1818
f 1826/1822/1814 1827/1779/1773 1798/1782/1776 1799/1827/1819
o Foglia.003_Cylinder.012
v 0.037951 0.138046 0.038888
v 0.050879 0.135309 0.023515
v 0.024880 0.125567 0.030117
v 0.036890 0.124284 0.014044
v 0.027322 0.127230 0.031780
v 0.029599 0.129153 0.033318
v 0.031679 0.131390 0.034704
v 0.033594 0.133887 0.035964
v 0.035772 0.135967 0.037426
v 0.039881 0.137946 0.036154
v 0.041810 0.137847 0.033420
v 0.044271 0.136906 0.031091
v 0.047019 0.135509 0.028983
v 0.049127 0.135127 0.026385
v 0.048495 0.133556 0.021896
v 0.045231 0.133195 0.019606
v 0.043340 0.130660 0.018364
v 0.041286 0.128383 0.016997
v 0.039126 0.126274 0.015549
v 0.035238 0.123944 0.016990
v 0.033082 0.124402 0.019551
v 0.030986 0.124766 0.022158
v 0.029021 0.124921 0.024865
v 0.027015 0.125143 0.027540
v 0.037702 0.135867 0.034692
v 0.039632 0.135767 0.031959
v 0.041562 0.135667 0.029225
v 0.044635 0.133756 0.027364
v 0.046771 0.133330 0.024787
v 0.035524 0.133787 0.033231
v 0.037453 0.133687 0.030497
v 0.039147 0.133961 0.027583
v 0.041371 0.133395 0.025074
v 0.043942 0.132280 0.022829
v 0.033432 0.131570 0.031835
v 0.034766 0.132414 0.028646
v 0.036604 0.132459 0.025842
v 0.038795 0.131946 0.023308
v 0.041308 0.130922 0.021019
v 0.031192 0.129588 0.030326
v 0.032496 0.130479 0.027114
v 0.034346 0.130505 0.024320
v 0.036355 0.130279 0.021647
v 0.039190 0.128745 0.019604
v 0.029142 0.127304 0.028963
v 0.030605 0.127943 0.025872
v 0.032247 0.128299 0.022919
v 0.034767 0.127265 0.020636
v 0.037216 0.126342 0.018298
vt 0.637429 0.744871
vt 0.637429 0.734313
vt 0.647987 0.734313
vt 0.647987 0.744871
vt 0.584640 0.744871
vt 0.584640 0.734313
vt 0.595198 0.734313
vt 0.595198 0.744871
vt 0.605756 0.734313
vt 0.605756 0.744871
vt 0.616314 0.734313
vt 0.616314 0.744871
vt 0.626872 0.734313
vt 0.626872 0.744871
vt 0.584640 0.797660
vt 0.584640 0.787102
vt 0.595198 0.787102
vt 0.595198 0.797660
vt 0.584640 0.776544
vt 0.595198 0.776544
vt 0.584640 0.765986
vt 0.595198 0.765986
vt 0.584640 0.755428
vt 0.595198 0.755428
vt 0.605756 0.787102
vt 0.605756 0.797660
vt 0.605756 0.776544
vt 0.605756 0.765986
vt 0.605756 0.755428
vt 0.616314 0.787102
vt 0.616314 0.797660
vt 0.616314 0.776544
vt 0.616314 0.765986
vt 0.616314 0.755428
vt 0.626872 0.787102
vt 0.626872 0.797660
vt 0.626872 0.776544
vt 0.626872 0.765986
vt 0.626872 0.755428
vt 0.637429 0.787102
vt 0.637429 0.797660
vt 0.637429 0.776544
vt 0.637429 0.765986
vt 0.637429 0.755428
vt 0.647987 0.787102
vt 0.647987 0.797660
vt 0.647987 0.776544
vt 0.647987 0.765986
vt 0.647987 0.755428
vn -0.4910 0.6806 -0.5437
vn -0.5425 0.7480 -0.3823
vn -0.5715 0.7550 -0.3215
vn -0.5331 0.6965 -0.4802
vn -0.4159 0.8495 -0.3247
vn -0.4792 0.8473 -0.2290
vn -0.3731 0.9237 -0.0863
vn -0.2844 0.9295 -0.2347
vn -0.4197 0.9030 -0.0922
vn -0.2321 0.9398 -0.2507
vn -0.5188 0.7816 -0.3463
vn -0.3342 0.8104 -0.4812
vn -0.4965 0.7400 -0.4538
vn -0.3910 0.7057 -0.5908
vn -0.4942 0.7830 -0.3775
vn -0.3947 0.8247 -0.4050
vn -0.4438 0.8164 -0.3694
vn -0.1406 0.8205 -0.5541
vn -0.2012 0.8595 -0.4698
vn -0.1847 0.8209 -0.5404
vn -0.0909 0.8764 -0.4729
vn -0.5234 0.7865 -0.3277
vn -0.5429 0.7498 -0.3782
vn -0.4659 0.8474 -0.2545
vn -0.2765 0.8979 -0.3425
vn -0.0841 0.8961 -0.4358
vn -0.5833 0.7830 -0.2159
vn -0.5882 0.7447 -0.3153
vn -0.5031 0.8455 -0.1789
vn -0.3683 0.8702 -0.3272
vn -0.2243 0.8354 -0.5019
vn -0.6331 0.7523 -0.1823
vn -0.5784 0.7730 -0.2606
vn -0.6233 0.7515 -0.2161
vn -0.4987 0.7572 -0.4217
vn -0.3574 0.7050 -0.6125
vn -0.6078 0.7384 -0.2921
vn -0.5062 0.8003 -0.3214
vn -0.7044 0.6277 -0.3312
vn -0.6225 0.5786 -0.5270
vn -0.4790 0.5656 -0.6713
vn -0.5597 0.7421 -0.3687
vn -0.4350 0.8199 -0.3721
vn -0.7205 0.5551 -0.4155
vn -0.6719 0.4622 -0.5787
vn -0.5288 0.5430 -0.6523
usemtl material.baked
s 1
f 1876/1828/1820 1846/1829/1821 1831/1830/1822 1847/1831/1823
f 1841/1832/1824 1829/1833/1825 1842/1834/1826 1856/1835/1827
f 1856/1835/1827 1842/1834/1826 1843/1836/1828 1861/1837/1829
f 1861/1837/1829 1843/1836/1828 1844/1838/1830 1866/1839/1831
f 1866/1839/1831 1844/1838/1830 1845/1840/1832 1871/1841/1833
f 1871/1841/1833 1845/1840/1832 1846/1829/1821 1876/1828/1820
f 1828/1842/1834 1837/1843/1834 1852/1844/1834 1836/1845/1834
f 1837/1843/1834 1838/1846/1835 1853/1847/1836 1852/1844/1834
f 1838/1846/1835 1839/1848/1837 1854/1849/1838 1853/1847/1836
f 1839/1848/1837 1840/1850/1839 1855/1851/1840 1854/1849/1838
f 1840/1850/1839 1841/1832/1824 1856/1835/1827 1855/1851/1840
f 1836/1845/1834 1852/1844/1834 1857/1852/1841 1835/1853/1842
f 1852/1844/1834 1853/1847/1836 1858/1854/1843 1857/1852/1841
f 1853/1847/1836 1854/1849/1838 1859/1855/1844 1858/1854/1843
f 1854/1849/1838 1855/1851/1840 1860/1856/1845 1859/1855/1844
f 1855/1851/1840 1856/1835/1827 1861/1837/1829 1860/1856/1845
f 1835/1853/1842 1857/1852/1841 1862/1857/1846 1834/1858/1847
f 1857/1852/1841 1858/1854/1843 1863/1859/1848 1862/1857/1846
f 1858/1854/1843 1859/1855/1844 1864/1860/1849 1863/1859/1848
f 1859/1855/1844 1860/1856/1845 1865/1861/1850 1864/1860/1849
f 1860/1856/1845 1861/1837/1829 1866/1839/1831 1865/1861/1850
f 1834/1858/1847 1862/1857/1846 1867/1862/1851 1833/1863/1852
f 1862/1857/1846 1863/1859/1848 1868/1864/1853 1867/1862/1851
f 1863/1859/1848 1864/1860/1849 1869/1865/1854 1868/1864/1853
f 1864/1860/1849 1865/1861/1850 1870/1866/1855 1869/1865/1854
f 1865/1861/1850 1866/1839/1831 1871/1841/1833 1870/1866/1855
f 1833/1863/1852 1867/1862/1851 1872/1867/1856 1832/1868/1857
f 1867/1862/1851 1868/1864/1853 1873/1869/1858 1872/1867/1856
f 1868/1864/1853 1869/1865/1854 1874/1870/1859 1873/1869/1858
f 1869/1865/1854 1870/1866/1855 1875/1871/1860 1874/1870/1859
f 1870/1866/1855 1871/1841/1833 1876/1828/1820 1875/1871/1860
f 1832/1868/1857 1872/1867/1856 1851/1872/1861 1830/1873/1862
f 1872/1867/1856 1873/1869/1858 1850/1874/1863 1851/1872/1861
f 1873/1869/1858 1874/1870/1859 1849/1875/1864 1850/1874/1863
f 1874/1870/1859 1875/1871/1860 1848/1876/1865 1849/1875/1864
f 1875/1871/1860 1876/1828/1820 1847/1831/1823 1848/1876/1865
o Foglia.004_Cylinder.012
v -0.017876 0.107547 0.047472
v -0.005160 0.102918 0.058848
v -0.005726 0.113238 0.036208
v 0.006768 0.110123 0.048110
v -0.007687 0.111855 0.037934
v -0.009688 0.110743 0.039755
v -0.011737 0.109958 0.041689
v -0.013826 0.109444 0.043717
v -0.015851 0.108496 0.045595
v -0.015811 0.107147 0.049497
v -0.013746 0.106747 0.051522
v -0.011553 0.105471 0.053243
v -0.009290 0.103718 0.054799
v -0.007181 0.103024 0.056721
v -0.003185 0.104206 0.057089
v -0.001422 0.106946 0.055834
v 0.000672 0.107420 0.053791
v 0.002727 0.108162 0.051843
v 0.004757 0.109081 0.049955
v 0.004770 0.110065 0.045926
v 0.002650 0.110839 0.044031
v 0.000545 0.111514 0.042101
v -0.001528 0.111972 0.040096
v -0.003612 0.112499 0.038115
v -0.013786 0.108095 0.047620
v -0.011721 0.107695 0.049645
v -0.009656 0.107295 0.051670
v -0.007314 0.105007 0.053039
v -0.005200 0.104267 0.054946
v -0.011761 0.109044 0.045742
v -0.009696 0.108644 0.047767
v -0.007688 0.108633 0.049928
v -0.005552 0.107747 0.051784
v -0.003332 0.106289 0.053441
v -0.009715 0.109849 0.043815
v -0.007794 0.110432 0.046182
v -0.005751 0.110183 0.048259
v -0.003623 0.109352 0.050134
v -0.001417 0.107990 0.051825
v -0.007705 0.110900 0.041973
v -0.005791 0.111532 0.044357
v -0.003746 0.111263 0.046427
v -0.001662 0.110731 0.048407
v 0.000622 0.108837 0.049913
v -0.005649 0.111636 0.040022
v -0.003697 0.112006 0.042314
v -0.001702 0.112080 0.044504
v 0.000506 0.110706 0.046191
v 0.002697 0.109448 0.047918
vt 0.637429 0.744871
vt 0.637429 0.734313
vt 0.647987 0.734313
vt 0.647987 0.744871
vt 0.584640 0.744871
vt 0.584640 0.734313
vt 0.595198 0.734313
vt 0.595198 0.744871
vt 0.605756 0.734313
vt 0.605756 0.744871
vt 0.616314 0.734313
vt 0.616314 0.744871
vt 0.626872 0.734313
vt 0.626872 0.744871
vt 0.584640 0.797660
vt 0.584640 0.787102
vt 0.595198 0.787102
vt 0.595198 0.797660
vt 0.584640 0.776544
vt 0.595198 0.776544
vt 0.584640 0.765986
vt 0.595198 0.765986
vt 0.584640 0.755428
vt 0.595198 0.755428
vt 0.605756 0.787102
vt 0.605756 0.797660
vt 0.605756 0.776544
vt 0.605756 0.765986
vt 0.605756 0.755428
vt 0.616314 0.787102
vt 0.616314 0.797660
vt 0.616314 0.776544
vt 0.616314 0.765986
vt 0.616314 0.755428
vt 0.626872 0.787102
vt 0.626872 0.797660
vt 0.626872 0.776544
vt 0.626872 0.765986
vt 0.626872 0.755428
vt 0.637429 0.787102
vt 0.637429 0.797660
vt 0.637429 0.776544
vt 0.637429 0.765986
vt 0.637429 0.755428
vt 0.647987 0.787102
vt 0.647987 0.797660
vt 0.647987 0.776544
vt 0.647987 0.765986
vt 0.647987 0.755428
vn 0.0580 0.9422 0.3300
vn -0.1147 0.9552 0.2729
vn -0.1697 0.9575 0.2333
vn -0.0045 0.9581 0.2864
vn -0.2162 0.8921 0.3968
vn -0.2957 0.9019 0.3147
vn -0.4541 0.8083 0.3747
vn -0.3322 0.8014 0.4972
vn -0.4388 0.8345 0.3333
vn -0.3235 0.7736 0.5448
vn -0.1628 0.9415 0.2951
vn -0.0626 0.8696 0.4897
vn -0.0499 0.9436 0.3272
vn 0.0854 0.8984 0.4308
vn -0.1371 0.9358 0.3248
vn -0.1352 0.8936 0.4279
vn -0.1613 0.9125 0.3758
vn -0.0032 0.7572 0.6532
vn -0.0964 0.7914 0.6037
vn -0.0158 0.7853 0.6189
vn -0.1005 0.7186 0.6881
vn -0.1810 0.9405 0.2875
vn -0.1191 0.9549 0.2720
vn -0.2744 0.9017 0.3340
vn -0.2251 0.8198 0.5264
vn -0.1421 0.7098 0.6899
vn -0.2731 0.9409 0.2003
vn -0.1695 0.9622 0.2133
vn -0.3368 0.8997 0.2774
vn -0.2245 0.8683 0.4423
vn -0.0568 0.8081 0.5863
vn -0.2850 0.9491 0.1343
vn -0.2304 0.9489 0.2154
vn -0.2563 0.9542 0.1541
vn -0.0862 0.9423 0.3236
vn 0.1046 0.8810 0.4613
vn -0.1857 0.9646 0.1870
vn -0.1935 0.9325 0.3049
vn -0.0937 0.9932 0.0694
vn 0.0980 0.9802 0.1720
vn 0.2282 0.9205 0.3171
vn -0.1231 0.9598 0.2523
vn -0.1608 0.9088 0.3850
vn 0.0164 0.9987 0.0472
vn 0.2047 0.9749 0.0870
vn 0.2240 0.9386 0.2623
usemtl material.baked
s 1
f 1925/1877/1866 1895/1878/1867 1880/1879/1868 1896/1880/1869
f 1890/1881/1870 1878/1882/1871 1891/1883/1872 1905/1884/1873
f 1905/1884/1873 1891/1883/1872 1892/1885/1874 1910/1886/1875
f 1910/1886/1875 1892/1885/1874 1893/1887/1876 1915/1888/1877
f 1915/1888/1877 1893/1887/1876 1894/1889/1878 1920/1890/1879
f 1920/1890/1879 1894/1889/1878 1895/1878/1867 1925/1877/1866
f 1877/1891/1880 1886/1892/1880 1901/1893/1880 1885/1894/1880
f 1886/1892/1880 1887/1895/1881 1902/1896/1882 1901/1893/1880
f 1887/1895/1881 1888/1897/1883 1903/1898/1884 1902/1896/1882
f 1888/1897/1883 1889/1899/1885 1904/1900/1886 1903/1898/1884
f 1889/1899/1885 1890/1881/1870 1905/1884/1873 1904/1900/1886
f 1885/1894/1880 1901/1893/1880 1906/1901/1887 1884/1902/1888
f 1901/1893/1880 1902/1896/1882 1907/1903/1889 1906/1901/1887
f 1902/1896/1882 1903/1898/1884 1908/1904/1890 1907/1903/1889
f 1903/1898/1884 1904/1900/1886 1909/1905/1891 1908/1904/1890
f 1904/1900/1886 1905/1884/1873 1910/1886/1875 1909/1905/1891
f 1884/1902/1888 1906/1901/1887 1911/1906/1892 1883/1907/1893
f 1906/1901/1887 1907/1903/1889 1912/1908/1894 1911/1906/1892
f 1907/1903/1889 1908/1904/1890 1913/1909/1895 1912/1908/1894
f 1908/1904/1890 1909/1905/1891 1914/1910/1896 1913/1909/1895
f 1909/1905/1891 1910/1886/1875 1915/1888/1877 1914/1910/1896
f 1883/1907/1893 1911/1906/1892 1916/1911/1897 1882/1912/1898
f 1911/1906/1892 1912/1908/1894 1917/1913/1899 1916/1911/1897
f 1912/1908/1894 1913/1909/1895 1918/1914/1900 1917/1913/1899
f 1913/1909/1895 1914/1910/1896 1919/1915/1901 1918/1914/1900
f 1914/1910/1896 1915/1888/1877 1920/1890/1879 1919/1915/1901
f 1882/1912/1898 1916/1911/1897 1921/1916/1902 1881/1917/1903
f 1916/1911/1897 1917/1913/1899 1922/1918/1904 1921/1916/1902
f 1917/1913/1899 1918/1914/1900 1923/1919/1905 1922/1918/1904
f 1918/1914/1900 1919/1915/1901 1924/1920/1906 1923/1919/1905
f 1919/1915/1901 1920/1890/1879 1925/1877/1866 1924/1920/1906
f 1881/1917/1903 1921/1916/1902 1900/1921/1907 1879/1922/1908
f 1921/1916/1902 1922/1918/1904 1899/1923/1909 1900/1921/1907
f 1922/1918/1904 1923/1919/1905 1898/1924/1910 1899/1923/1909
f 1923/1919/1905 1924/1920/1906 1897/1925/1911 1898/1924/1910
f 1924/1920/1906 1925/1877/1866 1896/1880/1869 1897/1925/1911
o Foglia.005_Cylinder.012
v -0.071511 0.136218 0.033423
v -0.065190 0.131212 0.052022
v -0.052485 0.139364 0.027803
v -0.046379 0.136179 0.046693
v -0.055594 0.138318 0.028656
v -0.058742 0.137597 0.029561
v -0.061936 0.137269 0.030529
v -0.065169 0.137267 0.031549
v -0.068340 0.136743 0.032486
v -0.070511 0.135830 0.036594
v -0.069510 0.135442 0.039765
v -0.068385 0.134002 0.042768
v -0.067192 0.131989 0.045680
v -0.066149 0.131247 0.048794
v -0.062067 0.132145 0.051150
v -0.059151 0.134823 0.050558
v -0.055912 0.134777 0.049530
v -0.052712 0.135054 0.048554
v -0.049536 0.135542 0.047611
v -0.047314 0.136016 0.043434
v -0.048368 0.136853 0.040334
v -0.049408 0.137572 0.037216
v -0.050417 0.138029 0.034056
v -0.051436 0.138570 0.030909
v -0.067339 0.136355 0.035657
v -0.066339 0.135966 0.038828
v -0.065338 0.135578 0.041999
v -0.064069 0.132921 0.044808
v -0.063020 0.132125 0.047914
v -0.064168 0.136879 0.034720
v -0.063167 0.136491 0.037892
v -0.062222 0.136571 0.041138
v -0.061152 0.135599 0.044215
v -0.060001 0.133940 0.047183
v -0.060977 0.137231 0.033756
v -0.060116 0.138025 0.037116
v -0.059136 0.137819 0.040316
v -0.058075 0.136913 0.043405
v -0.056937 0.135368 0.046391
v -0.057820 0.137878 0.032839
v -0.056966 0.138732 0.036209
v -0.055984 0.138501 0.039405
v -0.054965 0.137955 0.042551
v -0.053751 0.135771 0.045435
v -0.054619 0.138147 0.031862
v -0.053728 0.138685 0.035181
v -0.052794 0.138868 0.038443
v -0.051655 0.137309 0.041427
v -0.050533 0.135891 0.044434
vt 0.637429 0.744871
vt 0.637429 0.734313
vt 0.647987 0.734313
vt 0.647987 0.744871
vt 0.584640 0.744871
vt 0.584640 0.734313
vt 0.595198 0.734313
vt 0.595198 0.744871
vt 0.605756 0.734313
vt 0.605756 0.744871
vt 0.616314 0.734313
vt 0.616314 0.744871
vt 0.626872 0.734313
vt 0.626872 0.744871
vt 0.584640 0.797660
vt 0.584640 0.787102
vt 0.595198 0.787102
vt 0.595198 0.797660
vt 0.584640 0.776544
vt 0.595198 0.776544
vt 0.584640 0.765986
vt 0.595198 0.765986
vt 0.584640 0.755428
vt 0.595198 0.755428
vt 0.605756 0.787102
vt 0.605756 0.797660
vt 0.605756 0.776544
vt 0.605756 0.765986
vt 0.605756 0.755428
vt 0.616314 0.787102
vt 0.616314 0.797660
vt 0.616314 0.776544
vt 0.616314 0.765986
vt 0.616314 0.755428
vt 0.626872 0.787102
vt 0.626872 0.797660
vt 0.626872 0.776544
vt 0.626872 0.765986
vt 0.626872 0.755428
vt 0.637429 0.787102
vt 0.637429 0.797660
vt 0.637429 0.776544
vt 0.637429 0.765986
vt 0.637429 0.755428
vt 0.647987 0.787102
vt 0.647987 0.797660
vt 0.647987 0.776544
vt 0.647987 0.765986
vt 0.647987 0.755428
vn 0.0553 0.9668 0.2494
vn -0.0702 0.9904 0.1193
vn -0.1011 0.9931 0.0590
vn 0.0217 0.9832 0.1811
vn -0.2243 0.9562 0.1878
vn -0.2571 0.9632 0.0781
vn -0.4383 0.8964 0.0663
vn -0.3855 0.8933 0.2310
vn -0.4024 0.9148 0.0346
vn -0.4030 0.8715 0.2792
vn -0.1246 0.9851 0.1181
vn -0.1330 0.9303 0.3417
vn -0.0386 0.9795 0.1978
vn 0.0283 0.9346 0.3546
vn -0.1159 0.9808 0.1566
vn -0.1662 0.9533 0.2521
vn -0.1634 0.9676 0.1926
vn -0.1700 0.8357 0.5222
vn -0.2253 0.8726 0.4334
vn -0.1617 0.8600 0.4839
vn -0.2776 0.8130 0.5118
vn -0.1376 0.9851 0.1032
vn -0.0738 0.9904 0.1165
vn -0.2467 0.9634 0.1050
vn -0.3007 0.9039 0.3042
vn -0.3165 0.8090 0.4952
vn -0.1807 0.9834 -0.0161
vn -0.0914 0.9950 0.0410
vn -0.2774 0.9604 0.0265
vn -0.2555 0.9400 0.2262
vn -0.1800 0.8824 0.4347
vn -0.1609 0.9836 -0.0807
vn -0.1482 0.9888 0.0161
vn -0.1433 0.9884 -0.0505
vn -0.0693 0.9815 0.1782
vn 0.0291 0.9196 0.3917
vn -0.0938 0.9955 0.0101
vn -0.1576 0.9809 0.1136
vn 0.0437 0.9975 -0.0547
vn 0.1661 0.9782 0.1245
vn 0.2081 0.9253 0.3169
vn -0.0679 0.9930 0.0968
vn -0.1676 0.9651 0.2012
vn 0.1518 0.9881 -0.0247
vn 0.2971 0.9498 0.0979
vn 0.2313 0.9361 0.2650
usemtl material.baked
s 1
f 1974/1926/1912 1944/1927/1913 1929/1928/1914 1945/1929/1915
f 1939/1930/1916 1927/1931/1917 1940/1932/1918 1954/1933/1919
f 1954/1933/1919 1940/1932/1918 1941/1934/1920 1959/1935/1921
f 1959/1935/1921 1941/1934/1920 1942/1936/1922 1964/1937/1923
f 1964/1937/1923 1942/1936/1922 1943/1938/1924 1969/1939/1925
f 1969/1939/1925 1943/1938/1924 1944/1927/1913 1974/1926/1912
f 1926/1940/1926 1935/1941/1926 1950/1942/1926 1934/1943/1926
f 1935/1941/1926 1936/1944/1927 1951/1945/1928 1950/1942/1926
f 1936/1944/1927 1937/1946/1929 1952/1947/1930 1951/1945/1928
f 1937/1946/1929 1938/1948/1931 1953/1949/1932 1952/1947/1930
f 1938/1948/1931 1939/1930/1916 1954/1933/1919 1953/1949/1932
f 1934/1943/1926 1950/1942/1926 1955/1950/1933 1933/1951/1934
f 1950/1942/1926 1951/1945/1928 1956/1952/1935 1955/1950/1933
f 1951/1945/1928 1952/1947/1930 1957/1953/1936 1956/1952/1935
f 1952/1947/1930 1953/1949/1932 1958/1954/1937 1957/1953/1936
f 1953/1949/1932 1954/1933/1919 1959/1935/1921 1958/1954/1937
f 1933/1951/1934 1955/1950/1933 1960/1955/1938 1932/1956/1939
f 1955/1950/1933 1956/1952/1935 1961/1957/1940 1960/1955/1938
f 1956/1952/1935 1957/1953/1936 1962/1958/1941 1961/1957/1940
f 1957/1953/1936 1958/1954/1937 1963/1959/1942 1962/1958/1941
f 1958/1954/1937 1959/1935/1921 1964/1937/1923 1963/1959/1942
f 1932/1956/1939 1960/1955/1938 1965/1960/1943 1931/1961/1944
f 1960/1955/1938 1961/1957/1940 1966/1962/1945 1965/1960/1943
f 1961/1957/1940 1962/1958/1941 1967/1963/1946 1966/1962/1945
f 1962/1958/1941 1963/1959/1942 1968/1964/1947 1967/1963/1946
f 1963/1959/1942 1964/1937/1923 1969/1939/1925 1968/1964/1947
f 1931/1961/1944 1965/1960/1943 1970/1965/1948 1930/1966/1949
f 1965/1960/1943 1966/1962/1945 1971/1967/1950 1970/1965/1948
f 1966/1962/1945 1967/1963/1946 1972/1968/1951 1971/1967/1950
f 1967/1963/1946 1968/1964/1947 1973/1969/1952 1972/1968/1951
f 1968/1964/1947 1969/1939/1925 1974/1926/1912 1973/1969/1952
f 1930/1966/1949 1970/1965/1948 1949/1970/1953 1928/1971/1954
f 1970/1965/1948 1971/1967/1950 1948/1972/1955 1949/1970/1953
f 1971/1967/1950 1972/1968/1951 1947/1973/1956 1948/1972/1955
f 1972/1968/1951 1973/1969/1952 1946/1974/1957 1947/1973/1956
f 1973/1969/1952 1974/1926/1912 1945/1929/1915 1946/1974/1957
o Foglia.006_Cylinder.021
v 0.021160 0.148845 0.001753
v 0.015426 0.145687 -0.020769
v -0.001362 0.148845 0.007487
v -0.007096 0.147835 -0.015035
v 0.002391 0.148229 0.006531
v 0.006145 0.147998 0.005576
v 0.009899 0.148229 0.004620
v 0.013652 0.148845 0.003665
v 0.017406 0.148845 0.002709
v 0.020204 0.148845 -0.002000
v 0.019248 0.148845 -0.005754
v 0.018293 0.147604 -0.009508
v 0.017337 0.145687 -0.013261
v 0.016382 0.145270 -0.017015
v 0.011672 0.146169 -0.019813
v 0.007919 0.148709 -0.018857
v 0.004165 0.148036 -0.017902
v 0.000411 0.147745 -0.016946
v -0.003342 0.147702 -0.015991
v -0.006140 0.147185 -0.011281
v -0.005185 0.147714 -0.007528
v -0.004229 0.148105 -0.003774
v -0.003274 0.148186 -0.000020
v -0.002318 0.148366 0.003733
v 0.016450 0.148845 -0.001045
v 0.015495 0.148845 -0.004798
v 0.014539 0.148845 -0.008552
v 0.013584 0.146169 -0.012306
v 0.012628 0.145687 -0.016059
v 0.012697 0.148845 -0.000089
v 0.011741 0.148845 -0.003843
v 0.010786 0.149398 -0.007596
v 0.009830 0.148709 -0.011350
v 0.008874 0.147210 -0.015104
v 0.008943 0.148642 0.000867
v 0.007987 0.150037 -0.002887
v 0.007032 0.150251 -0.006641
v 0.006076 0.149641 -0.010395
v 0.005121 0.148276 -0.014148
v 0.005189 0.148787 0.001822
v 0.004234 0.150251 -0.001932
v 0.003278 0.150437 -0.005685
v 0.002323 0.150251 -0.009439
v 0.001367 0.148133 -0.013193
v 0.001436 0.148486 0.002778
v 0.000480 0.149578 -0.000976
v -0.000476 0.150251 -0.004730
v -0.001431 0.148870 -0.008483
v -0.002387 0.147655 -0.012237
vt 0.637429 0.744871
vt 0.637429 0.734313
vt 0.647987 0.734313
vt 0.647987 0.744871
vt 0.584640 0.744871
vt 0.584640 0.734313
vt 0.595198 0.734313
vt 0.595198 0.744871
vt 0.605756 0.734313
vt 0.605756 0.744871
vt 0.616314 0.734313
vt 0.616314 0.744871
vt 0.626872 0.734313
vt 0.626872 0.744871
vt 0.584640 0.797660
vt 0.584640 0.787102
vt 0.595198 0.787102
vt 0.595198 0.797660
vt 0.584640 0.776544
vt 0.595198 0.776544
vt 0.584640 0.765986
vt 0.595198 0.765986
vt 0.584640 0.755428
vt 0.595198 0.755428
vt 0.605756 0.787102
vt 0.605756 0.797660
vt 0.605756 0.776544
vt 0.605756 0.765986
vt 0.605756 0.755428
vt 0.616314 0.787102
vt 0.616314 0.797660
vt 0.616314 0.776544
vt 0.616314 0.765986
vt 0.616314 0.755428
vt 0.626872 0.787102
vt 0.626872 0.797660
vt 0.626872 0.776544
vt 0.626872 0.765986
vt 0.626872 0.755428
vt 0.637429 0.787102
vt 0.637429 0.797660
vt 0.637429 0.776544
vt 0.637429 0.765986
vt 0.637429 0.755428
vt 0.647987 0.787102
vt 0.647987 0.797660
vt 0.647987 0.776544
vt 0.647987 0.765986
vt 0.647987 0.755428
vn -0.1646 0.9809 -0.1033
vn -0.0479 0.9982 0.0357
vn -0.0198 0.9950 0.0974
vn -0.1358 0.9902 -0.0315
vn 0.1117 0.9933 -0.0284
vn 0.1393 0.9868 0.0827
vn 0.3267 0.9404 0.0945
vn 0.2809 0.9571 -0.0715
vn 0.2877 0.9493 0.1265
vn 0.3028 0.9453 -0.1214
vn 0.0067 0.9992 0.0391
vn 0.0301 0.9814 -0.1893
vn -0.0749 0.9962 -0.0452
vn -0.1299 0.9689 -0.2105
vn 0.0000 1.0000 0.0000
vn 0.0568 0.9938 -0.0956
vn 0.0501 0.9981 -0.0349
vn 0.0852 0.9212 -0.3797
vn 0.1321 0.9499 -0.2833
vn 0.0725 0.9381 -0.3387
vn 0.1943 0.9098 -0.3668
vn 0.0190 0.9983 0.0545
vn -0.0444 0.9983 0.0387
vn 0.1299 0.9899 0.0557
vn 0.1982 0.9691 -0.1469
vn 0.2328 0.9078 -0.3489
vn 0.0575 0.9830 0.1745
vn -0.0304 0.9929 0.1148
vn 0.1578 0.9783 0.1344
vn 0.1460 0.9870 -0.0670
vn 0.0861 0.9544 -0.2857
vn 0.0353 0.9708 0.2371
vn 0.0258 0.9896 0.1417
vn 0.0185 0.9781 0.2071
vn -0.0455 0.9987 -0.0237
vn -0.1275 0.9600 -0.2494
vn -0.0293 0.9889 0.1456
vn 0.0397 0.9982 0.0448
vn -0.1683 0.9648 0.2021
vn -0.2806 0.9597 0.0155
vn -0.3085 0.9331 -0.1847
vn -0.0514 0.9970 0.0581
vn 0.0548 0.9975 -0.0435
vn -0.2731 0.9477 0.1650
vn -0.4079 0.9125 0.0301
vn -0.3348 0.9328 -0.1331
usemtl material.baked
s 1
f 2023/1975/1958 1993/1976/1959 1978/1977/1960 1994/1978/1961
f 1988/1979/1962 1976/1980/1963 1989/1981/1964 2003/1982/1965
f 2003/1982/1965 1989/1981/1964 1990/1983/1966 2008/1984/1967
f 2008/1984/1967 1990/1983/1966 1991/1985/1968 2013/1986/1969
f 2013/1986/1969 1991/1985/1968 1992/1987/1970 2018/1988/1971
f 2018/1988/1971 1992/1987/1970 1993/1976/1959 2023/1975/1958
f 1975/1989/1972 1984/1990/1972 1999/1991/1972 1983/1992/1972
f 1984/1990/1972 1985/1993/1973 2000/1994/1974 1999/1991/1972
f 1985/1993/1973 1986/1995/1975 2001/1996/1976 2000/1994/1974
f 1986/1995/1975 1987/1997/1977 2002/1998/1978 2001/1996/1976
f 1987/1997/1977 1988/1979/1962 2003/1982/1965 2002/1998/1978
f 1983/1992/1972 1999/1991/1972 2004/1999/1979 1982/2000/1980
f 1999/1991/1972 2000/1994/1974 2005/2001/1981 2004/1999/1979
f 2000/1994/1974 2001/1996/1976 2006/2002/1982 2005/2001/1981
f 2001/1996/1976 2002/1998/1978 2007/2003/1983 2006/2002/1982
f 2002/1998/1978 2003/1982/1965 2008/1984/1967 2007/2003/1983
f 1982/2000/1980 2004/1999/1979 2009/2004/1984 1981/2005/1985
f 2004/1999/1979 2005/2001/1981 2010/2006/1986 2009/2004/1984
f 2005/2001/1981 2006/2002/1982 2011/2007/1987 2010/2006/1986
f 2006/2002/1982 2007/2003/1983 2012/2008/1988 2011/2007/1987
f 2007/2003/1983 2008/1984/1967 2013/1986/1969 2012/2008/1988
f 1981/2005/1985 2009/2004/1984 2014/2009/1989 1980/2010/1990
f 2009/2004/1984 2010/2006/1986 2015/2011/1991 2014/2009/1989
f 2010/2006/1986 2011/2007/1987 2016/2012/1992 2015/2011/1991
f 2011/2007/1987 2012/2008/1988 2017/2013/1993 2016/2012/1992
f 2012/2008/1988 2013/1986/1969 2018/1988/1971 2017/2013/1993
f 1980/2010/1990 2014/2009/1989 2019/2014/1994 1979/2015/1995
f 2014/2009/1989 2015/2011/1991 2020/2016/1996 2019/2014/1994
f 2015/2011/1991 2016/2012/1992 2021/2017/1997 2020/2016/1996
f 2016/2012/1992 2017/2013/1993 2022/2018/1998 2021/2017/1997
f 2017/2013/1993 2018/1988/1971 2023/1975/1958 2022/2018/1998
f 1979/2015/1995 2019/2014/1994 1998/2019/1999 1977/2020/2000
f 2019/2014/1994 2020/2016/1996 1997/2021/2001 1998/2019/1999
f 2020/2016/1996 2021/2017/1997 1996/2022/2002 1997/2021/2001
f 2021/2017/1997 2022/2018/1998 1995/2023/2003 1996/2022/2002
f 2022/2018/1998 2023/1975/1958 1994/1978/1961 1995/2023/2003
o Foglia.007_Cylinder.012
v 0.007178 0.135715 -0.005016
v -0.000770 0.133132 -0.010419
v 0.001342 0.137451 0.002740
v -0.006606 0.135758 -0.002862
v 0.002314 0.136906 0.001504
v 0.003287 0.136521 0.000233
v 0.004260 0.136328 -0.001081
v 0.005232 0.136293 -0.002431
v 0.006205 0.136004 -0.003723
v 0.005853 0.135502 -0.005965
v 0.004528 0.135290 -0.006914
v 0.003204 0.134563 -0.007749
v 0.001879 0.133557 -0.008520
v 0.000555 0.133172 -0.009431
v -0.001743 0.133621 -0.009171
v -0.002715 0.134962 -0.008113
v -0.003688 0.134973 -0.006758
v -0.004661 0.135141 -0.005439
v -0.005633 0.135413 -0.004142
v -0.005282 0.135701 -0.001852
v -0.003957 0.136133 -0.000952
v -0.002632 0.136507 -0.000039
v -0.001308 0.136753 0.000902
v 0.000017 0.137040 0.001835
v 0.004880 0.135792 -0.004673
v 0.003556 0.135579 -0.005622
v 0.002231 0.135367 -0.006571
v 0.000907 0.134046 -0.007272
v -0.000418 0.133634 -0.008177
v 0.003908 0.136081 -0.003380
v 0.002583 0.135868 -0.004329
v 0.001258 0.135885 -0.005330
v -0.000066 0.135387 -0.006215
v -0.001391 0.134554 -0.007025
v 0.002935 0.136286 -0.002069
v 0.001610 0.136651 -0.003147
v 0.000286 0.136528 -0.004116
v -0.001039 0.136062 -0.005009
v -0.002363 0.135285 -0.005831
v 0.001962 0.136636 -0.000789
v 0.000638 0.137029 -0.001874
v -0.000687 0.136894 -0.002841
v -0.002012 0.136604 -0.003773
v -0.003336 0.135515 -0.004525
v 0.000990 0.136800 0.000531
v -0.000335 0.137040 -0.000519
v -0.001660 0.137106 -0.001531
v -0.002984 0.136322 -0.002352
v -0.004309 0.135606 -0.003189
vt 0.637429 0.744871
vt 0.637429 0.734313
vt 0.647987 0.734313
vt 0.647987 0.744871
vt 0.584640 0.744871
vt 0.584640 0.734313
vt 0.595198 0.734313
vt 0.595198 0.744871
vt 0.605756 0.734313
vt 0.605756 0.744871
vt 0.616314 0.734313
vt 0.616314 0.744871
vt 0.626872 0.734313
vt 0.626872 0.744871
vt 0.584640 0.797660
vt 0.584640 0.787102
vt 0.595198 0.787102
vt 0.595198 0.797660
vt 0.584640 0.776544
vt 0.595198 0.776544
vt 0.584640 0.765986
vt 0.595198 0.765986
vt 0.584640 0.755428
vt 0.595198 0.755428
vt 0.605756 0.787102
vt 0.605756 0.797660
vt 0.605756 0.776544
vt 0.605756 0.765986
vt 0.605756 0.755428
vt 0.616314 0.787102
vt 0.616314 0.797660
vt 0.616314 0.776544
vt 0.616314 0.765986
vt 0.616314 0.755428
vt 0.626872 0.787102
vt 0.626872 0.797660
vt 0.626872 0.776544
vt 0.626872 0.765986
vt 0.626872 0.755428
vt 0.637429 0.787102
vt 0.637429 0.797660
vt 0.637429 0.776544
vt 0.637429 0.765986
vt 0.637429 0.755428
vt 0.647987 0.787102
vt 0.647987 0.797660
vt 0.647987 0.776544
vt 0.647987 0.765986
vt 0.647987 0.755428
vn -0.1928 0.9626 -0.1901
vn -0.0143 0.9868 -0.1614
vn 0.0465 0.9902 -0.1317
vn -0.1249 0.9798 -0.1559
vn 0.0682 0.9490 -0.3077
vn 0.1601 0.9576 -0.2395
vn 0.3124 0.8882 -0.3367
vn 0.1715 0.8829 -0.4371
vn 0.3025 0.9078 -0.2903
vn 0.1568 0.8600 -0.4856
vn 0.0300 0.9807 -0.1929
vn -0.0970 0.9216 -0.3757
vn -0.0866 0.9749 -0.2052
vn -0.2340 0.9280 -0.2898
vn 0.0000 0.9758 -0.2185
vn -0.0168 0.9458 -0.3244
vn 0.0165 0.9612 -0.2754
vn -0.1753 0.8230 -0.5403
vn -0.0779 0.8608 -0.5030
vn -0.1591 0.8482 -0.5052
vn -0.0829 0.7989 -0.5957
vn 0.0493 0.9808 -0.1887
vn -0.0097 0.9868 -0.1614
vn 0.1357 0.9574 -0.2548
vn 0.0598 0.8934 -0.4453
vn -0.0417 0.7947 -0.6055
vn 0.1552 0.9807 -0.1188
vn 0.0494 0.9925 -0.1115
vn 0.2072 0.9554 -0.2102
vn 0.0703 0.9316 -0.3566
vn -0.1150 0.8712 -0.4772
vn 0.1779 0.9825 -0.0552
vn 0.1099 0.9860 -0.1253
vn 0.1458 0.9869 -0.0691
vn -0.0502 0.9768 -0.2079
vn -0.2568 0.9124 -0.3187
vn 0.0698 0.9937 -0.0881
vn 0.0591 0.9761 -0.2089
vn -0.0016 0.9989 0.0459
vn -0.2069 0.9781 -0.0241
vn -0.3556 0.9222 -0.1519
vn -0.0027 0.9898 -0.1421
vn 0.0147 0.9585 -0.2847
vn -0.1061 0.9905 0.0867
vn -0.2960 0.9521 0.0761
vn -0.3432 0.9343 -0.0967
usemtl material.baked
s 1
f 2072/2024/2004 2042/2025/2005 2027/2026/2006 2043/2027/2007
f 2037/2028/2008 2025/2029/2009 2038/2030/2010 2052/2031/2011
f 2052/2031/2011 2038/2030/2010 2039/2032/2012 2057/2033/2013
f 2057/2033/2013 2039/2032/2012 2040/2034/2014 2062/2035/2015
f 2062/2035/2015 2040/2034/2014 2041/2036/2016 2067/2037/2017
f 2067/2037/2017 2041/2036/2016 2042/2025/2005 2072/2024/2004
f 2024/2038/2018 2033/2039/2018 2048/2040/2018 2032/2041/2018
f 2033/2039/2018 2034/2042/2019 2049/2043/2020 2048/2040/2018
f 2034/2042/2019 2035/2044/2021 2050/2045/2022 2049/2043/2020
f 2035/2044/2021 2036/2046/2023 2051/2047/2024 2050/2045/2022
f 2036/2046/2023 2037/2028/2008 2052/2031/2011 2051/2047/2024
f 2032/2041/2018 2048/2040/2018 2053/2048/2025 2031/2049/2026
f 2048/2040/2018 2049/2043/2020 2054/2050/2027 2053/2048/2025
f 2049/2043/2020 2050/2045/2022 2055/2051/2028 2054/2050/2027
f 2050/2045/2022 2051/2047/2024 2056/2052/2029 2055/2051/2028
f 2051/2047/2024 2052/2031/2011 2057/2033/2013 2056/2052/2029
f 2031/2049/2026 2053/2048/2025 2058/2053/2030 2030/2054/2031
f 2053/2048/2025 2054/2050/2027 2059/2055/2032 2058/2053/2030
f 2054/2050/2027 2055/2051/2028 2060/2056/2033 2059/2055/2032
f 2055/2051/2028 2056/2052/2029 2061/2057/2034 2060/2056/2033
f 2056/2052/2029 2057/2033/2013 2062/2035/2015 2061/2057/2034
f 2030/2054/2031 2058/2053/2030 2063/2058/2035 2029/2059/2036
f 2058/2053/2030 2059/2055/2032 2064/2060/2037 2063/2058/2035
f 2059/2055/2032 2060/2056/2033 2065/2061/2038 2064/2060/2037
f 2060/2056/2033 2061/2057/2034 2066/2062/2039 2065/2061/2038
f 2061/2057/2034 2062/2035/2015 2067/2037/2017 2066/2062/2039
f 2029/2059/2036 2063/2058/2035 2068/2063/2040 2028/2064/2041
f 2063/2058/2035 2064/2060/2037 2069/2065/2042 2068/2063/2040
f 2064/2060/2037 2065/2061/2038 2070/2066/2043 2069/2065/2042
f 2065/2061/2038 2066/2062/2039 2071/2067/2044 2070/2066/2043
f 2066/2062/2039 2067/2037/2017 2072/2024/2004 2071/2067/2044
f 2028/2064/2041 2068/2063/2040 2047/2068/2045 2026/2069/2046
f 2068/2063/2040 2069/2065/2042 2046/2070/2047 2047/2068/2045
f 2069/2065/2042 2070/2066/2043 2045/2071/2048 2046/2070/2047
f 2070/2066/2043 2071/2067/2044 2044/2072/2049 2045/2071/2048
f 2071/2067/2044 2072/2024/2004 2043/2027/2007 2044/2072/2049
o Foglia.008_Cylinder.022
v -0.014322 0.097560 -0.056748
v -0.042445 0.086954 -0.054359
v -0.015664 0.107461 -0.028592
v -0.044419 0.099382 -0.027121
v -0.015259 0.105086 -0.033021
v -0.014967 0.103164 -0.037615
v -0.014811 0.101786 -0.042407
v -0.014769 0.100860 -0.047363
v -0.014546 0.099210 -0.052056
v -0.019164 0.096411 -0.056575
v -0.024006 0.095263 -0.056402
v -0.028483 0.092654 -0.055698
v -0.032761 0.089251 -0.054705
v -0.037480 0.087612 -0.054354
v -0.042811 0.089171 -0.049872
v -0.043782 0.093809 -0.046266
v -0.043807 0.094668 -0.041285
v -0.043945 0.095975 -0.036468
v -0.044156 0.097574 -0.031757
v -0.039386 0.099766 -0.027016
v -0.034699 0.101537 -0.027416
v -0.029972 0.103144 -0.027756
v -0.025154 0.104388 -0.027964
v -0.020365 0.105749 -0.028214
v -0.019388 0.098062 -0.051883
v -0.024230 0.096913 -0.051709
v -0.029072 0.095764 -0.051536
v -0.033126 0.091468 -0.050219
v -0.037827 0.089753 -0.049840
v -0.019611 0.099712 -0.047190
v -0.024453 0.098563 -0.047017
v -0.029458 0.098065 -0.047080
v -0.034098 0.096106 -0.046612
v -0.038498 0.093194 -0.045798
v -0.019775 0.101123 -0.042410
v -0.025028 0.101615 -0.042833
v -0.029933 0.100719 -0.042752
v -0.034595 0.098852 -0.042318
v -0.039036 0.096098 -0.041561
v -0.020041 0.102944 -0.037779
v -0.025314 0.103517 -0.038232
v -0.030211 0.102587 -0.038139
v -0.034999 0.101220 -0.037886
v -0.039217 0.097580 -0.036807
v -0.020176 0.104240 -0.032958
v -0.025340 0.104376 -0.033252
v -0.030380 0.104019 -0.033366
v -0.034816 0.101246 -0.032603
v -0.039300 0.098668 -0.031910
vt 0.637429 0.744871
vt 0.637429 0.734313
vt 0.647987 0.734313
vt 0.647987 0.744871
vt 0.584640 0.744871
vt 0.584640 0.734313
vt 0.595198 0.734313
vt 0.595198 0.744871
vt 0.605756 0.734313
vt 0.605756 0.744871
vt 0.616314 0.734313
vt 0.616314 0.744871
vt 0.626872 0.734313
vt 0.626872 0.744871
vt 0.584640 0.797660
vt 0.584640 0.787102
vt 0.595198 0.787102
vt 0.595198 0.797660
vt 0.584640 0.776544
vt 0.595198 0.776544
vt 0.584640 0.765986
vt 0.595198 0.765986
vt 0.584640 0.755428
vt 0.595198 0.755428
vt 0.605756 0.787102
vt 0.605756 0.797660
vt 0.605756 0.776544
vt 0.605756 0.765986
vt 0.605756 0.755428
vt 0.616314 0.787102
vt 0.616314 0.797660
vt 0.616314 0.776544
vt 0.616314 0.765986
vt 0.616314 0.755428
vt 0.626872 0.787102
vt 0.626872 0.797660
vt 0.626872 0.776544
vt 0.626872 0.765986
vt 0.626872 0.755428
vt 0.637429 0.787102
vt 0.637429 0.797660
vt 0.637429 0.776544
vt 0.637429 0.765986
vt 0.637429 0.755428
vt 0.647987 0.787102
vt 0.647987 0.797660
vt 0.647987 0.776544
vt 0.647987 0.765986
vt 0.647987 0.755428
vn -0.3674 0.9094 -0.1950
vn -0.2088 0.9368 -0.2807
vn -0.1427 0.9453 -0.2933
vn -0.2945 0.9322 -0.2104
vn -0.2222 0.8705 -0.4390
vn -0.1093 0.8912 -0.4401
vn -0.0346 0.8028 -0.5952
vn -0.2060 0.7795 -0.5915
vn -0.0179 0.8311 -0.5558
vn -0.2436 0.7477 -0.6177
vn -0.1904 0.9243 -0.3307
vn -0.3924 0.8321 -0.3918
vn -0.2913 0.9174 -0.2712
vn -0.4546 0.8565 -0.2443
vn -0.2289 0.9149 -0.3326
vn -0.3004 0.8650 -0.4019
vn -0.2467 0.8892 -0.3851
vn -0.5403 0.7043 -0.4604
vn -0.4438 0.7476 -0.4941
vn -0.5096 0.7356 -0.4462
vn -0.4948 0.6690 -0.5546
vn -0.1723 0.9250 -0.3387
vn -0.2051 0.9368 -0.2834
vn -0.1379 0.8883 -0.4380
vn -0.3025 0.7893 -0.5343
vn -0.4667 0.6625 -0.5859
vn -0.0462 0.9373 -0.3452
vn -0.1289 0.9515 -0.2794
vn -0.0540 0.8943 -0.4441
vn -0.2469 0.8439 -0.4762
vn -0.4601 0.7632 -0.4536
vn 0.0086 0.9512 -0.3083
vn -0.0873 0.9417 -0.3247
vn -0.0258 0.9532 -0.3012
vn -0.2636 0.9184 -0.2949
vn -0.4881 0.8358 -0.2514
vn -0.0991 0.9569 -0.2730
vn -0.1755 0.9164 -0.3597
vn -0.0803 0.9888 -0.1255
vn -0.2848 0.9568 -0.0574
vn -0.4731 0.8788 -0.0627
vn -0.1886 0.9434 -0.2727
vn -0.2533 0.8848 -0.3910
vn -0.1406 0.9896 -0.0306
vn -0.2965 0.9518 0.0785
vn -0.4324 0.9012 -0.0281
usemtl material.baked
s 1
f 2121/2073/2050 2091/2074/2051 2076/2075/2052 2092/2076/2053
f 2086/2077/2054 2074/2078/2055 2087/2079/2056 2101/2080/2057
f 2101/2080/2057 2087/2079/2056 2088/2081/2058 2106/2082/2059
f 2106/2082/2059 2088/2081/2058 2089/2083/2060 2111/2084/2061
f 2111/2084/2061 2089/2083/2060 2090/2085/2062 2116/2086/2063
f 2116/2086/2063 2090/2085/2062 2091/2074/2051 2121/2073/2050
f 2073/2087/2064 2082/2088/2064 2097/2089/2064 2081/2090/2064
f 2082/2088/2064 2083/2091/2065 2098/2092/2066 2097/2089/2064
f 2083/2091/2065 2084/2093/2067 2099/2094/2068 2098/2092/2066
f 2084/2093/2067 2085/2095/2069 2100/2096/2070 2099/2094/2068
f 2085/2095/2069 2086/2077/2054 2101/2080/2057 2100/2096/2070
f 2081/2090/2064 2097/2089/2064 2102/2097/2071 2080/2098/2072
f 2097/2089/2064 2098/2092/2066 2103/2099/2073 2102/2097/2071
f 2098/2092/2066 2099/2094/2068 2104/2100/2074 2103/2099/2073
f 2099/2094/2068 2100/2096/2070 2105/2101/2075 2104/2100/2074
f 2100/2096/2070 2101/2080/2057 2106/2082/2059 2105/2101/2075
f 2080/2098/2072 2102/2097/2071 2107/2102/2076 2079/2103/2077
f 2102/2097/2071 2103/2099/2073 2108/2104/2078 2107/2102/2076
f 2103/2099/2073 2104/2100/2074 2109/2105/2079 2108/2104/2078
f 2104/2100/2074 2105/2101/2075 2110/2106/2080 2109/2105/2079
f 2105/2101/2075 2106/2082/2059 2111/2084/2061 2110/2106/2080
f 2079/2103/2077 2107/2102/2076 2112/2107/2081 2078/2108/2082
f 2107/2102/2076 2108/2104/2078 2113/2109/2083 2112/2107/2081
f 2108/2104/2078 2109/2105/2079 2114/2110/2084 2113/2109/2083
f 2109/2105/2079 2110/2106/2080 2115/2111/2085 2114/2110/2084
f 2110/2106/2080 2111/2084/2061 2116/2086/2063 2115/2111/2085
f 2078/2108/2082 2112/2107/2081 2117/2112/2086 2077/2113/2087
f 2112/2107/2081 2113/2109/2083 2118/2114/2088 2117/2112/2086
f 2113/2109/2083 2114/2110/2084 2119/2115/2089 2118/2114/2088
f 2114/2110/2084 2115/2111/2085 2120/2116/2090 2119/2115/2089
f 2115/2111/2085 2116/2086/2063 2121/2073/2050 2120/2116/2090
f 2077/2113/2087 2117/2112/2086 2096/2117/2091 2075/2118/2092
f 2117/2112/2086 2118/2114/2088 2095/2119/2093 2096/2117/2091
f 2118/2114/2088 2119/2115/2089 2094/2120/2094 2095/2119/2093
f 2119/2115/2089 2120/2116/2090 2093/2121/2095 2094/2120/2094
f 2120/2116/2090 2121/2073/2050 2092/2076/2053 2093/2121/2095
o Foglia.009_Cylinder.023
v -0.006003 0.169083 -0.031805
v -0.025528 0.170603 -0.046266
v -0.020169 0.162717 -0.013347
v -0.039694 0.166345 -0.027081
v -0.017808 0.163174 -0.016632
v -0.015447 0.164008 -0.019786
v -0.013086 0.165296 -0.022785
v -0.010725 0.166961 -0.025652
v -0.008364 0.168022 -0.028729
v -0.009257 0.169853 -0.034037
v -0.012511 0.170623 -0.036269
v -0.015765 0.170174 -0.038921
v -0.019020 0.169063 -0.041802
v -0.022274 0.169424 -0.044175
v -0.027889 0.170015 -0.043026
v -0.030250 0.171446 -0.039091
v -0.032611 0.169725 -0.036242
v -0.034972 0.168378 -0.033264
v -0.037333 0.167275 -0.030203
v -0.036440 0.164937 -0.025069
v -0.033186 0.164687 -0.022658
v -0.029932 0.164300 -0.020294
v -0.026678 0.163610 -0.018034
v -0.023423 0.163017 -0.015741
v -0.011618 0.168792 -0.030961
v -0.014872 0.169562 -0.033193
v -0.018127 0.170332 -0.035425
v -0.021381 0.168475 -0.038562
v -0.024635 0.168772 -0.040958
v -0.013979 0.167731 -0.027884
v -0.017233 0.168501 -0.030116
v -0.020488 0.169813 -0.032161
v -0.023742 0.169907 -0.034627
v -0.026996 0.169205 -0.037366
v -0.016340 0.166471 -0.024877
v -0.019594 0.168609 -0.026637
v -0.022849 0.169589 -0.028796
v -0.026103 0.169760 -0.031235
v -0.029357 0.169191 -0.033929
v -0.018701 0.165552 -0.021751
v -0.021956 0.167759 -0.023488
v -0.025210 0.168711 -0.025657
v -0.028464 0.169298 -0.027952
v -0.031718 0.167989 -0.030901
v -0.021062 0.164196 -0.018777
v -0.024317 0.166037 -0.020639
v -0.027571 0.167467 -0.022644
v -0.030825 0.166882 -0.025343
v -0.034079 0.166459 -0.027986
vt 0.637429 0.744871
vt 0.637429 0.734313
vt 0.647987 0.734313
vt 0.647987 0.744871
vt 0.584640 0.744871
vt 0.584640 0.734313
vt 0.595198 0.734313
vt 0.595198 0.744871
vt 0.605756 0.734313
vt 0.605756 0.744871
vt 0.616314 0.734313
vt 0.616314 0.744871
vt 0.626872 0.734313
vt 0.626872 0.744871
vt 0.584640 0.797660
vt 0.584640 0.787102
vt 0.595198 0.787102
vt 0.595198 0.797660
vt 0.584640 0.776544
vt 0.595198 0.776544
vt 0.584640 0.765986
vt 0.595198 0.765986
vt 0.584640 0.755428
vt 0.595198 0.755428
vt 0.605756 0.787102
vt 0.605756 0.797660
vt 0.605756 0.776544
vt 0.605756 0.765986
vt 0.605756 0.755428
vt 0.616314 0.787102
vt 0.616314 0.797660
vt 0.616314 0.776544
vt 0.616314 0.765986
vt 0.616314 0.755428
vt 0.626872 0.787102
vt 0.626872 0.797660
vt 0.626872 0.776544
vt 0.626872 0.765986
vt 0.626872 0.755428
vt 0.637429 0.787102
vt 0.637429 0.797660
vt 0.637429 0.776544
vt 0.637429 0.765986
vt 0.637429 0.755428
vt 0.647987 0.787102
vt 0.647987 0.797660
vt 0.647987 0.776544
vt 0.647987 0.765986
vt 0.647987 0.755428
vn -0.1926 0.9189 0.3443
vn -0.0139 0.9247 0.3804
vn 0.0470 0.9121 0.4072
vn -0.1245 0.9157 0.3821
vn 0.0677 0.9695 0.2356
vn 0.1599 0.9412 0.2976
vn 0.3116 0.9334 0.1777
vn 0.1702 0.9813 0.0902
vn 0.3020 0.9257 0.2275
vn 0.1552 0.9872 0.0369
vn 0.0302 0.9362 0.3502
vn -0.0980 0.9815 0.1642
vn -0.0865 0.9374 0.3372
vn -0.2345 0.9416 0.2415
vn 0.0000 0.9453 0.3260
vn -0.0175 0.9753 0.2202
vn 0.0162 0.9628 0.2698
vn -0.1773 0.9838 -0.0271
vn -0.0796 0.9965 0.0239
vn -0.1608 0.9868 0.0158
vn -0.0852 0.9925 -0.0874
vn 0.0494 0.9340 0.3536
vn -0.0094 0.9247 0.3804
vn 0.1355 0.9490 0.2846
vn 0.0584 0.9943 0.0893
vn -0.0441 0.9942 -0.0983
vn 0.1558 0.8975 0.4125
vn 0.0501 0.9035 0.4256
vn 0.2072 0.9240 0.3212
vn 0.0694 0.9803 0.1848
vn -0.1165 0.9918 0.0515
vn 0.1788 0.8657 0.4675
vn 0.1104 0.9054 0.4100
vn 0.1466 0.8766 0.4582
vn -0.0502 0.9405 0.3358
vn -0.2575 0.9434 0.2088
vn 0.0706 0.8923 0.4459
vn 0.0591 0.9407 0.3340
vn -0.0001 0.8263 0.5632
vn -0.2058 0.8449 0.4938
vn -0.3553 0.8641 0.3565
vn -0.0023 0.9172 0.3984
vn 0.0143 0.9654 0.2604
vn -0.1044 0.7976 0.5941
vn -0.2944 0.7700 0.5660
vn -0.3425 0.8454 0.4098
usemtl material.baked
s 1
f 2170/2122/2096 2140/2123/2097 2125/2124/2098 2141/2125/2099
f 2135/2126/2100 2123/2127/2101 2136/2128/2102 2150/2129/2103
f 2150/2129/2103 2136/2128/2102 2137/2130/2104 2155/2131/2105
f 2155/2131/2105 2137/2130/2104 2138/2132/2106 2160/2133/2107
f 2160/2133/2107 2138/2132/2106 2139/2134/2108 2165/2135/2109
f 2165/2135/2109 2139/2134/2108 2140/2123/2097 2170/2122/2096
f 2122/2136/2110 2131/2137/2110 2146/2138/2110 2130/2139/2110
f 2131/2137/2110 2132/2140/2111 2147/2141/2112 2146/2138/2110
f 2132/2140/2111 2133/2142/2113 2148/2143/2114 2147/2141/2112
f 2133/2142/2113 2134/2144/2115 2149/2145/2116 2148/2143/2114
f 2134/2144/2115 2135/2126/2100 2150/2129/2103 2149/2145/2116
f 2130/2139/2110 2146/2138/2110 2151/2146/2117 2129/2147/2118
f 2146/2138/2110 2147/2141/2112 2152/2148/2119 2151/2146/2117
f 2147/2141/2112 2148/2143/2114 2153/2149/2120 2152/2148/2119
f 2148/2143/2114 2149/2145/2116 2154/2150/2121 2153/2149/2120
f 2149/2145/2116 2150/2129/2103 2155/2131/2105 2154/2150/2121
f 2129/2147/2118 2151/2146/2117 2156/2151/2122 2128/2152/2123
f 2151/2146/2117 2152/2148/2119 2157/2153/2124 2156/2151/2122
f 2152/2148/2119 2153/2149/2120 2158/2154/2125 2157/2153/2124
f 2153/2149/2120 2154/2150/2121 2159/2155/2126 2158/2154/2125
f 2154/2150/2121 2155/2131/2105 2160/2133/2107 2159/2155/2126
f 2128/2152/2123 2156/2151/2122 2161/2156/2127 2127/2157/2128
f 2156/2151/2122 2157/2153/2124 2162/2158/2129 2161/2156/2127
f 2157/2153/2124 2158/2154/2125 2163/2159/2130 2162/2158/2129
f 2158/2154/2125 2159/2155/2126 2164/2160/2131 2163/2159/2130
f 2159/2155/2126 2160/2133/2107 2165/2135/2109 2164/2160/2131
f 2127/2157/2128 2161/2156/2127 2166/2161/2132 2126/2162/2133
f 2161/2156/2127 2162/2158/2129 2167/2163/2134 2166/2161/2132
f 2162/2158/2129 2163/2159/2130 2168/2164/2135 2167/2163/2134
f 2163/2159/2130 2164/2160/2131 2169/2165/2136 2168/2164/2135
f 2164/2160/2131 2165/2135/2109 2170/2122/2096 2169/2165/2136
f 2126/2162/2133 2166/2161/2132 2145/2166/2137 2124/2167/2138
f 2166/2161/2132 2167/2163/2134 2144/2168/2139 2145/2166/2137
f 2167/2163/2134 2168/2164/2135 2143/2169/2140 2144/2168/2139
f 2168/2164/2135 2169/2165/2136 2142/2170/2141 2143/2169/2140
f 2169/2165/2136 2170/2122/2096 2141/2125/2099 2142/2170/2141
o Foglia.010_Cylinder.012
v -0.075690 0.173131 0.014167
v -0.067769 0.183177 0.038499
v -0.049627 0.169109 0.007343
v -0.041706 0.181324 0.030397
v -0.053971 0.169157 0.008847
v -0.058315 0.169594 0.010122
v -0.062659 0.170498 0.011122
v -0.067003 0.171790 0.011892
v -0.071346 0.172461 0.013030
v -0.074370 0.175337 0.017909
v -0.073050 0.177543 0.021651
v -0.071730 0.178495 0.026132
v -0.070409 0.178766 0.031015
v -0.069089 0.180550 0.035005
v -0.063425 0.182993 0.037075
v -0.059081 0.184888 0.034426
v -0.054738 0.183538 0.033689
v -0.050394 0.182573 0.032725
v -0.046050 0.181859 0.031613
v -0.043026 0.178461 0.027042
v -0.044347 0.176790 0.022984
v -0.045667 0.174978 0.019010
v -0.046987 0.172854 0.015220
v -0.048307 0.170830 0.011370
v -0.070026 0.174667 0.016772
v -0.068706 0.176872 0.020514
v -0.067386 0.179078 0.024256
v -0.066066 0.178582 0.029591
v -0.064745 0.180301 0.033620
v -0.065682 0.173996 0.015634
v -0.064362 0.176202 0.019376
v -0.063042 0.178966 0.022789
v -0.061722 0.180476 0.026942
v -0.060402 0.181168 0.031576
v -0.061339 0.173121 0.014618
v -0.060018 0.176735 0.017530
v -0.058698 0.179157 0.021144
v -0.057378 0.180747 0.025250
v -0.056058 0.181575 0.029804
v -0.056995 0.172597 0.013394
v -0.055675 0.176281 0.016265
v -0.054354 0.178674 0.019896
v -0.053034 0.180693 0.023749
v -0.051714 0.180759 0.028752
v -0.052651 0.171622 0.012436
v -0.051331 0.174931 0.015528
v -0.050011 0.177816 0.018870
v -0.048690 0.178628 0.023434
v -0.047370 0.179606 0.027899
vt 0.637429 0.744871
vt 0.637429 0.734313
vt 0.647987 0.734313
vt 0.647987 0.744871
vt 0.584640 0.744871
vt 0.584640 0.734313
vt 0.595198 0.734313
vt 0.595198 0.744871
vt 0.605756 0.734313
vt 0.605756 0.744871
vt 0.616314 0.734313
vt 0.616314 0.744871
vt 0.626872 0.734313
vt 0.626872 0.744871
vt 0.584640 0.797660
vt 0.584640 0.787102
vt 0.595198 0.787102
vt 0.595198 0.797660
vt 0.584640 0.776544
vt 0.595198 0.776544
vt 0.584640 0.765986
vt 0.595198 0.765986
vt 0.584640 0.755428
vt 0.595198 0.755428
vt 0.605756 0.787102
vt 0.605756 0.797660
vt 0.605756 0.776544
vt 0.605756 0.765986
vt 0.605756 0.755428
vt 0.616314 0.787102
vt 0.616314 0.797660
vt 0.616314 0.776544
vt 0.616314 0.765986
vt 0.616314 0.755428
vt 0.626872 0.787102
vt 0.626872 0.797660
vt 0.626872 0.776544
vt 0.626872 0.765986
vt 0.626872 0.755428
vt 0.637429 0.787102
vt 0.637429 0.797660
vt 0.637429 0.776544
vt 0.637429 0.765986
vt 0.637429 0.755428
vt 0.647987 0.787102
vt 0.647987 0.797660
vt 0.647987 0.776544
vt 0.647987 0.765986
vt 0.647987 0.755428
vn 0.1692 0.8936 -0.4157
vn 0.0462 0.8407 -0.5395
vn 0.0153 0.8073 -0.5899
vn 0.1371 0.8658 -0.4811
vn -0.1103 0.8727 -0.4755
vn -0.1429 0.8113 -0.5668
vn -0.3307 0.7698 -0.5459
vn -0.2773 0.8673 -0.4134
vn -0.2932 0.7603 -0.5796
vn -0.2969 0.8829 -0.3636
vn -0.0085 0.8411 -0.5408
vn -0.0214 0.9422 -0.3343
vn 0.0769 0.8793 -0.4699
vn 0.1394 0.9384 -0.3160
vn 0.0000 0.8614 -0.5078
vn -0.0523 0.9059 -0.4201
vn -0.0484 0.8787 -0.4749
vn -0.0678 0.9882 -0.1376
vn -0.1190 0.9651 -0.2333
vn -0.0569 0.9816 -0.1820
vn -0.1773 0.9743 -0.1386
vn -0.0214 0.8328 -0.5531
vn 0.0426 0.8393 -0.5420
vn -0.1323 0.8276 -0.5455
vn -0.1913 0.9140 -0.3578
vn -0.2166 0.9644 -0.1516
vn -0.0654 0.7596 -0.6471
vn 0.0251 0.7964 -0.6042
vn -0.1637 0.7783 -0.6062
vn -0.1428 0.8876 -0.4378
vn -0.0729 0.9691 -0.2354
vn -0.0461 0.7168 -0.6957
vn -0.0322 0.7812 -0.6234
vn -0.0280 0.7380 -0.6742
vn 0.0465 0.8713 -0.4884
vn 0.1388 0.9505 -0.2779
vn 0.0226 0.7774 -0.6286
vn -0.0417 0.8381 -0.5439
vn 0.1589 0.7247 -0.6705
vn 0.2796 0.8123 -0.5117
vn 0.3167 0.8904 -0.3270
vn 0.0486 0.8282 -0.5583
vn -0.0528 0.8827 -0.4669
vn 0.2653 0.7263 -0.6341
vn 0.4061 0.7613 -0.5054
vn 0.3405 0.8634 -0.3723
usemtl material.baked
s 1
f 2219/2171/2142 2189/2172/2143 2174/2173/2144 2190/2174/2145
f 2184/2175/2146 2172/2176/2147 2185/2177/2148 2199/2178/2149
f 2199/2178/2149 2185/2177/2148 2186/2179/2150 2204/2180/2151
f 2204/2180/2151 2186/2179/2150 2187/2181/2152 2209/2182/2153
f 2209/2182/2153 2187/2181/2152 2188/2183/2154 2214/2184/2155
f 2214/2184/2155 2188/2183/2154 2189/2172/2143 2219/2171/2142
f 2171/2185/2156 2180/2186/2156 2195/2187/2156 2179/2188/2156
f 2180/2186/2156 2181/2189/2157 2196/2190/2158 2195/2187/2156
f 2181/2189/2157 2182/2191/2159 2197/2192/2160 2196/2190/2158
f 2182/2191/2159 2183/2193/2161 2198/2194/2162 2197/2192/2160
f 2183/2193/2161 2184/2175/2146 2199/2178/2149 2198/2194/2162
f 2179/2188/2156 2195/2187/2156 2200/2195/2163 2178/2196/2164
f 2195/2187/2156 2196/2190/2158 2201/2197/2165 2200/2195/2163
f 2196/2190/2158 2197/2192/2160 2202/2198/2166 2201/2197/2165
f 2197/2192/2160 2198/2194/2162 2203/2199/2167 2202/2198/2166
f 2198/2194/2162 2199/2178/2149 2204/2180/2151 2203/2199/2167
f 2178/2196/2164 2200/2195/2163 2205/2200/2168 2177/2201/2169
f 2200/2195/2163 2201/2197/2165 2206/2202/2170 2205/2200/2168
f 2201/2197/2165 2202/2198/2166 2207/2203/2171 2206/2202/2170
f 2202/2198/2166 2203/2199/2167 2208/2204/2172 2207/2203/2171
f 2203/2199/2167 2204/2180/2151 2209/2182/2153 2208/2204/2172
f 2177/2201/2169 2205/2200/2168 2210/2205/2173 2176/2206/2174
f 2205/2200/2168 2206/2202/2170 2211/2207/2175 2210/2205/2173
f 2206/2202/2170 2207/2203/2171 2212/2208/2176 2211/2207/2175
f 2207/2203/2171 2208/2204/2172 2213/2209/2177 2212/2208/2176
f 2208/2204/2172 2209/2182/2153 2214/2184/2155 2213/2209/2177
f 2176/2206/2174 2210/2205/2173 2215/2210/2178 2175/2211/2179
f 2210/2205/2173 2211/2207/2175 2216/2212/2180 2215/2210/2178
f 2211/2207/2175 2212/2208/2176 2217/2213/2181 2216/2212/2180
f 2212/2208/2176 2213/2209/2177 2218/2214/2182 2217/2213/2181
f 2213/2209/2177 2214/2184/2155 2219/2171/2142 2218/2214/2182
f 2175/2211/2179 2215/2210/2178 2194/2215/2183 2173/2216/2184
f 2215/2210/2178 2216/2212/2180 2193/2217/2185 2194/2215/2183
f 2216/2212/2180 2217/2213/2181 2192/2218/2186 2193/2217/2185
f 2217/2213/2181 2218/2214/2182 2191/2219/2187 2192/2218/2186
f 2218/2214/2182 2219/2171/2142 2190/2174/2145 2191/2219/2187
o Foglia.011_Cylinder.012
v -0.032896 0.156564 0.000233
v -0.012809 0.154952 0.002436
v -0.032896 0.140349 -0.011624
v -0.012809 0.139834 -0.010919
v -0.032896 0.142737 -0.009218
v -0.032896 0.145322 -0.007080
v -0.032896 0.148142 -0.005266
v -0.032896 0.151159 -0.003719
v -0.032896 0.153861 -0.001743
v -0.029548 0.156564 0.000233
v -0.026200 0.156564 0.000233
v -0.022852 0.155930 0.001099
v -0.019504 0.154952 0.002436
v -0.016156 0.154739 0.002728
v -0.012809 0.152496 0.000124
v -0.012809 0.151089 -0.003624
v -0.012809 0.148044 -0.005131
v -0.012809 0.145193 -0.006904
v -0.012809 0.142468 -0.008850
v -0.016156 0.139502 -0.010466
v -0.019504 0.139772 -0.010835
v -0.022852 0.139972 -0.011107
v -0.026200 0.140013 -0.011164
v -0.029548 0.140105 -0.011290
v -0.029548 0.153861 -0.001743
v -0.026200 0.153861 -0.001743
v -0.022852 0.153861 -0.001743
v -0.019504 0.152496 0.000124
v -0.016156 0.152250 0.000460
v -0.029548 0.151159 -0.003719
v -0.026200 0.151159 -0.003719
v -0.022852 0.151441 -0.004105
v -0.019504 0.151089 -0.003624
v -0.016156 0.150324 -0.002578
v -0.029548 0.148353 -0.005554
v -0.026200 0.149064 -0.006527
v -0.022852 0.149174 -0.006677
v -0.019504 0.148862 -0.006251
v -0.016156 0.148166 -0.005299
v -0.029548 0.145725 -0.007631
v -0.026200 0.146472 -0.008653
v -0.022852 0.146566 -0.008782
v -0.019504 0.146472 -0.008653
v -0.016156 0.145391 -0.007175
v -0.029548 0.142869 -0.009397
v -0.026200 0.143426 -0.010159
v -0.022852 0.143769 -0.010629
v -0.019504 0.143065 -0.009665
v -0.016156 0.142445 -0.008818
vt 0.637429 0.744871
vt 0.637429 0.734313
vt 0.647987 0.734313
vt 0.647987 0.744871
vt 0.584640 0.744871
vt 0.584640 0.734313
vt 0.595198 0.734313
vt 0.595198 0.744871
vt 0.605756 0.734313
vt 0.605756 0.744871
vt 0.616314 0.734313
vt 0.616314 0.744871
vt 0.626872 0.734313
vt 0.626872 0.744871
vt 0.584640 0.797660
vt 0.584640 0.787102
vt 0.595198 0.787102
vt 0.595198 0.797660
vt 0.584640 0.776544
vt 0.595198 0.776544
vt 0.584640 0.765986
vt 0.595198 0.765986
vt 0.584640 0.755428
vt 0.595198 0.755428
vt 0.605756 0.787102
vt 0.605756 0.797660
vt 0.605756 0.776544
vt 0.605756 0.765986
vt 0.605756 0.755428
vt 0.616314 0.787102
vt 0.616314 0.797660
vt 0.616314 0.776544
vt 0.616314 0.765986
vt 0.616314 0.755428
vt 0.626872 0.787102
vt 0.626872 0.797660
vt 0.626872 0.776544
vt 0.626872 0.765986
vt 0.626872 0.755428
vt 0.637429 0.787102
vt 0.637429 0.797660
vt 0.637429 0.776544
vt 0.637429 0.765986
vt 0.637429 0.755428
vt 0.647987 0.787102
vt 0.647987 0.797660
vt 0.647987 0.776544
vt 0.647987 0.765986
vt 0.647987 0.755428
vn 0.1407 0.4708 -0.8709
vn -0.0228 0.5446 -0.8383
vn -0.0894 0.5524 -0.8287
vn 0.0640 0.4845 -0.8724
vn 0.0000 0.6794 -0.7337
vn -0.1145 0.6749 -0.7289
vn -0.1722 0.7919 -0.5859
vn 0.0000 0.7989 -0.6014
vn -0.1935 0.7602 -0.6201
vn 0.0429 0.8190 -0.5721
vn -0.0396 0.5872 -0.8084
vn 0.1761 0.6406 -0.7474
vn 0.0623 0.5384 -0.8404
vn 0.2360 0.5122 -0.8258
vn 0.0000 0.5903 -0.8072
vn 0.0786 0.6501 -0.7558
vn 0.0214 0.6353 -0.7719
vn 0.3469 0.6860 -0.6395
vn 0.2420 0.7205 -0.6499
vn 0.3103 0.6779 -0.6664
vn 0.3076 0.7620 -0.5698
vn -0.0575 0.5932 -0.8029
vn -0.0265 0.5468 -0.8368
vn -0.0860 0.6749 -0.7328
vn 0.0935 0.7563 -0.6474
vn 0.2806 0.7874 -0.5488
vn -0.1833 0.5904 -0.7860
vn -0.1038 0.5394 -0.8356
vn -0.1691 0.6741 -0.7190
vn 0.0289 0.7102 -0.7034
vn 0.2556 0.6876 -0.6796
vn -0.2385 0.5535 -0.7979
vn -0.1437 0.5761 -0.8047
vn -0.2052 0.5506 -0.8091
vn 0.0342 0.5586 -0.8287
vn 0.2731 0.5166 -0.8115
vn -0.1339 0.5318 -0.8362
vn -0.0532 0.6113 -0.7895
vn -0.1544 0.3976 -0.9045
vn 0.0542 0.3439 -0.9374
vn 0.2551 0.3462 -0.9028
vn -0.0436 0.5367 -0.8426
vn 0.0286 0.6404 -0.7675
vn -0.0926 0.3128 -0.9452
vn 0.0714 0.2135 -0.9743
vn 0.2116 0.3153 -0.9251
usemtl material.baked
s 1
f 2268/2220/2188 2238/2221/2189 2223/2222/2190 2239/2223/2191
f 2233/2224/2192 2221/2225/2193 2234/2226/2194 2248/2227/2195
f 2248/2227/2195 2234/2226/2194 2235/2228/2196 2253/2229/2197
f 2253/2229/2197 2235/2228/2196 2236/2230/2198 2258/2231/2199
f 2258/2231/2199 2236/2230/2198 2237/2232/2200 2263/2233/2201
f 2263/2233/2201 2237/2232/2200 2238/2221/2189 2268/2220/2188
f 2220/2234/2202 2229/2235/2202 2244/2236/2202 2228/2237/2202
f 2229/2235/2202 2230/2238/2203 2245/2239/2204 2244/2236/2202
f 2230/2238/2203 2231/2240/2205 2246/2241/2206 2245/2239/2204
f 2231/2240/2205 2232/2242/2207 2247/2243/2208 2246/2241/2206
f 2232/2242/2207 2233/2224/2192 2248/2227/2195 2247/2243/2208
f 2228/2237/2202 2244/2236/2202 2249/2244/2209 2227/2245/2210
f 2244/2236/2202 2245/2239/2204 2250/2246/2211 2249/2244/2209
f 2245/2239/2204 2246/2241/2206 2251/2247/2212 2250/2246/2211
f 2246/2241/2206 2247/2243/2208 2252/2248/2213 2251/2247/2212
f 2247/2243/2208 2248/2227/2195 2253/2229/2197 2252/2248/2213
f 2227/2245/2210 2249/2244/2209 2254/2249/2214 2226/2250/2215
f 2249/2244/2209 2250/2246/2211 2255/2251/2216 2254/2249/2214
f 2250/2246/2211 2251/2247/2212 2256/2252/2217 2255/2251/2216
f 2251/2247/2212 2252/2248/2213 2257/2253/2218 2256/2252/2217
f 2252/2248/2213 2253/2229/2197 2258/2231/2199 2257/2253/2218
f 2226/2250/2215 2254/2249/2214 2259/2254/2219 2225/2255/2220
f 2254/2249/2214 2255/2251/2216 2260/2256/2221 2259/2254/2219
f 2255/2251/2216 2256/2252/2217 2261/2257/2222 2260/2256/2221
f 2256/2252/2217 2257/2253/2218 2262/2258/2223 2261/2257/2222
f 2257/2253/2218 2258/2231/2199 2263/2233/2201 2262/2258/2223
f 2225/2255/2220 2259/2254/2219 2264/2259/2224 2224/2260/2225
f 2259/2254/2219 2260/2256/2221 2265/2261/2226 2264/2259/2224
f 2260/2256/2221 2261/2257/2222 2266/2262/2227 2265/2261/2226
f 2261/2257/2222 2262/2258/2223 2267/2263/2228 2266/2262/2227
f 2262/2258/2223 2263/2233/2201 2268/2220/2188 2267/2263/2228
f 2224/2260/2225 2264/2259/2224 2243/2264/2229 2222/2265/2230
f 2264/2259/2224 2265/2261/2226 2242/2266/2231 2243/2264/2229
f 2265/2261/2226 2266/2262/2227 2241/2267/2232 2242/2266/2231
f 2266/2262/2227 2267/2263/2228 2240/2268/2233 2241/2267/2232
f 2267/2263/2228 2268/2220/2188 2239/2223/2191 2240/2268/2233
o Foglia.012_Cylinder.012
v -0.060813 0.119919 0.020877
v -0.050838 0.116336 0.045282
v -0.036407 0.119919 0.010902
v -0.026432 0.118773 0.035308
v -0.040475 0.119219 0.012564
v -0.044542 0.118957 0.014227
v -0.048610 0.119219 0.015889
v -0.052678 0.119919 0.017552
v -0.056745 0.119919 0.019214
v -0.059150 0.119919 0.024944
v -0.057488 0.119919 0.029012
v -0.055825 0.118510 0.033080
v -0.054163 0.116336 0.037147
v -0.052500 0.115862 0.041215
v -0.046770 0.116882 0.043620
v -0.042703 0.119764 0.041957
v -0.038635 0.119001 0.040295
v -0.034567 0.118670 0.038633
v -0.030500 0.118621 0.036970
v -0.028095 0.118035 0.031240
v -0.029757 0.118636 0.027172
v -0.031420 0.119078 0.023105
v -0.033082 0.119171 0.019037
v -0.034745 0.119375 0.014969
v -0.055083 0.119919 0.023282
v -0.053420 0.119919 0.027349
v -0.051758 0.119919 0.031417
v -0.050095 0.116882 0.035485
v -0.048433 0.116336 0.039552
v -0.051015 0.119919 0.021619
v -0.049353 0.119919 0.025687
v -0.047690 0.120546 0.029755
v -0.046028 0.119764 0.033822
v -0.044365 0.118063 0.037890
v -0.046947 0.119688 0.019957
v -0.045285 0.121271 0.024024
v -0.043622 0.121514 0.028092
v -0.041960 0.120821 0.032160
v -0.040298 0.119273 0.036227
v -0.042880 0.119853 0.018294
v -0.041217 0.121514 0.022362
v -0.039555 0.121725 0.026430
v -0.037892 0.121514 0.030497
v -0.036230 0.119110 0.034565
v -0.038812 0.119511 0.016632
v -0.037150 0.120750 0.020699
v -0.035487 0.121514 0.024767
v -0.033825 0.119947 0.028835
v -0.032162 0.118568 0.032902
vt 0.637429 0.744871
vt 0.637429 0.734313
vt 0.647987 0.734313
vt 0.647987 0.744871
vt 0.584640 0.744871
vt 0.584640 0.734313
vt 0.595198 0.734313
vt 0.595198 0.744871
vt 0.605756 0.734313
vt 0.605756 0.744871
vt 0.616314 0.734313
vt 0.616314 0.744871
vt 0.626872 0.734313
vt 0.626872 0.744871
vt 0.584640 0.797660
vt 0.584640 0.787102
vt 0.595198 0.787102
vt 0.595198 0.797660
vt 0.584640 0.776544
vt 0.595198 0.776544
vt 0.584640 0.765986
vt 0.595198 0.765986
vt 0.584640 0.755428
vt 0.595198 0.755428
vt 0.605756 0.787102
vt 0.605756 0.797660
vt 0.605756 0.776544
vt 0.605756 0.765986
vt 0.605756 0.755428
vt 0.616314 0.787102
vt 0.616314 0.797660
vt 0.616314 0.776544
vt 0.616314 0.765986
vt 0.616314 0.755428
vt 0.626872 0.787102
vt 0.626872 0.797660
vt 0.626872 0.776544
vt 0.626872 0.765986
vt 0.626872 0.755428
vt 0.637429 0.787102
vt 0.637429 0.797660
vt 0.637429 0.776544
vt 0.637429 0.765986
vt 0.637429 0.755428
vt 0.647987 0.787102
vt 0.647987 0.797660
vt 0.647987 0.776544
vt 0.647987 0.765986
vt 0.647987 0.755428
vn 0.1773 0.9809 0.0795
vn 0.0425 0.9982 -0.0420
vn 0.0061 0.9950 -0.0992
vn 0.1389 0.9902 0.0124
vn -0.1067 0.9933 0.0436
vn -0.1494 0.9868 -0.0627
vn -0.3366 0.9404 -0.0484
vn -0.2683 0.9571 0.1097
vn -0.3024 0.9493 -0.0855
vn -0.2831 0.9453 0.1621
vn -0.0120 0.9992 -0.0378
vn -0.0036 0.9814 0.1917
vn 0.0805 0.9962 0.0344
vn 0.1578 0.9689 0.1905
vn 0.0000 1.0000 0.0000
vn -0.0430 0.9938 0.1025
vn -0.0448 0.9981 0.0414
vn -0.0319 0.9211 0.3878
vn -0.0917 0.9499 0.2989
vn -0.0250 0.9381 0.3455
vn -0.1417 0.9098 0.3902
vn -0.0263 0.9983 -0.0514
vn 0.0386 0.9983 -0.0444
vn -0.1364 0.9899 -0.0372
vn -0.1760 0.9691 0.1729
vn -0.1823 0.9078 0.3777
vn -0.0810 0.9830 -0.1649
vn 0.0142 0.9929 -0.1180
vn -0.1748 0.9783 -0.1113
vn -0.1354 0.9870 0.0865
vn -0.0457 0.9544 0.2949
vn -0.0678 0.9708 -0.2300
vn -0.0451 0.9896 -0.1368
vn -0.0470 0.9781 -0.2025
vn 0.0484 0.9987 0.0172
vn 0.1607 0.9600 0.2293
vn 0.0089 0.9889 -0.1482
vn -0.0455 0.9982 -0.0389
vn 0.1387 0.9648 -0.2235
vn 0.2757 0.9597 -0.0541
vn 0.3311 0.9331 0.1403
vn 0.0428 0.9970 -0.0647
vn -0.0483 0.9975 0.0507
vn 0.2477 0.9477 -0.2012
vn 0.3999 0.9125 -0.0862
vn 0.3500 0.9328 0.0855
usemtl material.baked
s 1
f 2317/2269/2234 2287/2270/2235 2272/2271/2236 2288/2272/2237
f 2282/2273/2238 2270/2274/2239 2283/2275/2240 2297/2276/2241
f 2297/2276/2241 2283/2275/2240 2284/2277/2242 2302/2278/2243
f 2302/2278/2243 2284/2277/2242 2285/2279/2244 2307/2280/2245
f 2307/2280/2245 2285/2279/2244 2286/2281/2246 2312/2282/2247
f 2312/2282/2247 2286/2281/2246 2287/2270/2235 2317/2269/2234
f 2269/2283/2248 2278/2284/2248 2293/2285/2248 2277/2286/2248
f 2278/2284/2248 2279/2287/2249 2294/2288/2250 2293/2285/2248
f 2279/2287/2249 2280/2289/2251 2295/2290/2252 2294/2288/2250
f 2280/2289/2251 2281/2291/2253 2296/2292/2254 2295/2290/2252
f 2281/2291/2253 2282/2273/2238 2297/2276/2241 2296/2292/2254
f 2277/2286/2248 2293/2285/2248 2298/2293/2255 2276/2294/2256
f 2293/2285/2248 2294/2288/2250 2299/2295/2257 2298/2293/2255
f 2294/2288/2250 2295/2290/2252 2300/2296/2258 2299/2295/2257
f 2295/2290/2252 2296/2292/2254 2301/2297/2259 2300/2296/2258
f 2296/2292/2254 2297/2276/2241 2302/2278/2243 2301/2297/2259
f 2276/2294/2256 2298/2293/2255 2303/2298/2260 2275/2299/2261
f 2298/2293/2255 2299/2295/2257 2304/2300/2262 2303/2298/2260
f 2299/2295/2257 2300/2296/2258 2305/2301/2263 2304/2300/2262
f 2300/2296/2258 2301/2297/2259 2306/2302/2264 2305/2301/2263
f 2301/2297/2259 2302/2278/2243 2307/2280/2245 2306/2302/2264
f 2275/2299/2261 2303/2298/2260 2308/2303/2265 2274/2304/2266
f 2303/2298/2260 2304/2300/2262 2309/2305/2267 2308/2303/2265
f 2304/2300/2262 2305/2301/2263 2310/2306/2268 2309/2305/2267
f 2305/2301/2263 2306/2302/2264 2311/2307/2269 2310/2306/2268
f 2306/2302/2264 2307/2280/2245 2312/2282/2247 2311/2307/2269
f 2274/2304/2266 2308/2303/2265 2313/2308/2270 2273/2309/2271
f 2308/2303/2265 2309/2305/2267 2314/2310/2272 2313/2308/2270
f 2309/2305/2267 2310/2306/2268 2315/2311/2273 2314/2310/2272
f 2310/2306/2268 2311/2307/2269 2316/2312/2274 2315/2311/2273
f 2311/2307/2269 2312/2282/2247 2317/2269/2234 2316/2312/2274
f 2273/2309/2271 2313/2308/2270 2292/2313/2275 2271/2314/2276
f 2313/2308/2270 2314/2310/2272 2291/2315/2277 2292/2313/2275
f 2314/2310/2272 2315/2311/2273 2290/2316/2278 2291/2315/2277
f 2315/2311/2273 2316/2312/2274 2289/2317/2279 2290/2316/2278
f 2316/2312/2274 2317/2269/2234 2288/2272/2237 2289/2317/2279
o Foglia.013_Cylinder.012
v 0.015918 0.097978 0.027040
v 0.026315 0.103431 0.018920
v 0.006760 0.107250 0.021539
v 0.017320 0.113479 0.014458
v 0.008240 0.105482 0.022158
v 0.009748 0.103853 0.022963
v 0.011292 0.102391 0.023991
v 0.012865 0.101069 0.025206
v 0.014391 0.099524 0.026123
v 0.017690 0.099077 0.025941
v 0.019463 0.100177 0.024842
v 0.021142 0.100827 0.023143
v 0.022770 0.101233 0.021117
v 0.024511 0.102181 0.019817
v 0.024826 0.105150 0.018236
v 0.023491 0.107614 0.018548
v 0.021914 0.108916 0.017306
v 0.020366 0.110356 0.016248
v 0.018836 0.111886 0.015310
v 0.015498 0.112145 0.015242
v 0.013766 0.111238 0.016597
v 0.012022 0.110280 0.017885
v 0.010256 0.109210 0.019023
v 0.008497 0.108176 0.020208
v 0.016164 0.100623 0.025024
v 0.017937 0.101722 0.023926
v 0.019710 0.102821 0.022827
v 0.021280 0.102952 0.020434
v 0.023016 0.103877 0.019102
v 0.014638 0.102168 0.024108
v 0.016411 0.103267 0.023009
v 0.018225 0.104566 0.022177
v 0.019946 0.105416 0.020745
v 0.021605 0.105973 0.018921
v 0.013096 0.103640 0.023093
v 0.014974 0.105243 0.022668
v 0.016763 0.106420 0.021673
v 0.018490 0.107298 0.020279
v 0.020160 0.107904 0.018521
v 0.011581 0.105238 0.022246
v 0.013464 0.106866 0.021855
v 0.015251 0.108033 0.020847
v 0.017010 0.109064 0.019658
v 0.018623 0.109397 0.017534
v 0.010032 0.106674 0.021183
v 0.011887 0.108168 0.020613
v 0.013711 0.109511 0.019840
v 0.015379 0.110110 0.018073
v 0.017060 0.110770 0.016387
vt 0.637429 0.744871
vt 0.637429 0.734313
vt 0.647987 0.734313
vt 0.647987 0.744871
vt 0.584640 0.744871
vt 0.584640 0.734313
vt 0.595198 0.734313
vt 0.595198 0.744871
vt 0.605756 0.734313
vt 0.605756 0.744871
vt 0.616314 0.734313
vt 0.616314 0.744871
vt 0.626872 0.734313
vt 0.626872 0.744871
vt 0.584640 0.797660
vt 0.584640 0.787102
vt 0.595198 0.787102
vt 0.595198 0.797660
vt 0.584640 0.776544
vt 0.595198 0.776544
vt 0.584640 0.765986
vt 0.595198 0.765986
vt 0.584640 0.755428
vt 0.595198 0.755428
vt 0.605756 0.787102
vt 0.605756 0.797660
vt 0.605756 0.776544
vt 0.605756 0.765986
vt 0.605756 0.755428
vt 0.616314 0.787102
vt 0.616314 0.797660
vt 0.616314 0.776544
vt 0.616314 0.765986
vt 0.616314 0.755428
vt 0.626872 0.787102
vt 0.626872 0.797660
vt 0.626872 0.776544
vt 0.626872 0.765986
vt 0.626872 0.755428
vt 0.637429 0.787102
vt 0.637429 0.797660
vt 0.637429 0.776544
vt 0.637429 0.765986
vt 0.637429 0.755428
vt 0.647987 0.787102
vt 0.647987 0.797660
vt 0.647987 0.776544
vt 0.647987 0.765986
vt 0.647987 0.755428
vn 0.1408 0.7363 0.6618
vn 0.0710 0.6186 0.7824
vn 0.0283 0.5778 0.8157
vn 0.0909 0.6994 0.7089
vn 0.1980 0.5146 0.8343
vn 0.1105 0.4578 0.8821
vn 0.1772 0.2861 0.9416
vn 0.3065 0.3786 0.8733
vn 0.1326 0.3115 0.9409
vn 0.3590 0.3697 0.8570
vn 0.0923 0.5773 0.8113
vn 0.3034 0.6155 0.7274
vn 0.1307 0.6612 0.7387
vn 0.2499 0.7342 0.6312
vn 0.1242 0.5941 0.7947
vn 0.2334 0.5755 0.7837
vn 0.1771 0.5656 0.8054
vn 0.4894 0.5935 0.6389
vn 0.4281 0.5474 0.7191
vn 0.4494 0.6012 0.6607
vn 0.5247 0.5012 0.6881
vn 0.0839 0.5631 0.8221
vn 0.0699 0.6152 0.7852
vn 0.1309 0.4745 0.8704
vn 0.3385 0.4696 0.8154
vn 0.5255 0.4659 0.7118
vn -0.0075 0.4903 0.8715
vn 0.0078 0.5794 0.8150
vn 0.0718 0.4239 0.9029
vn 0.2466 0.4963 0.8324
vn 0.4104 0.5853 0.6992
vn -0.0745 0.4815 0.8733
vn 0.0084 0.5275 0.8495
vn -0.0543 0.5072 0.8601
vn 0.1250 0.6344 0.7628
vn 0.2844 0.7383 0.6115
vn -0.0195 0.5672 0.8233
vn 0.1017 0.5503 0.8287
vn -0.1341 0.6408 0.7558
vn -0.0186 0.7762 0.6302
vn 0.1437 0.8394 0.5241
vn 0.0494 0.6140 0.7877
vn 0.1868 0.5641 0.8043
vn -0.1496 0.7201 0.6775
vn -0.0937 0.8395 0.5353
vn 0.0862 0.8440 0.5293
usemtl material.baked
s 1
f 2366/2318/2280 2336/2319/2281 2321/2320/2282 2337/2321/2283
f 2331/2322/2284 2319/2323/2285 2332/2324/2286 2346/2325/2287
f 2346/2325/2287 2332/2324/2286 2333/2326/2288 2351/2327/2289
f 2351/2327/2289 2333/2326/2288 2334/2328/2290 2356/2329/2291
f 2356/2329/2291 2334/2328/2290 2335/2330/2292 2361/2331/2293
f 2361/2331/2293 2335/2330/2292 2336/2319/2281 2366/2318/2280
f 2318/2332/2294 2327/2333/2294 2342/2334/2294 2326/2335/2294
f 2327/2333/2294 2328/2336/2295 2343/2337/2296 2342/2334/2294
f 2328/2336/2295 2329/2338/2297 2344/2339/2298 2343/2337/2296
f 2329/2338/2297 2330/2340/2299 2345/2341/2300 2344/2339/2298
f 2330/2340/2299 2331/2322/2284 2346/2325/2287 2345/2341/2300
f 2326/2335/2294 2342/2334/2294 2347/2342/2301 2325/2343/2302
f 2342/2334/2294 2343/2337/2296 2348/2344/2303 2347/2342/2301
f 2343/2337/2296 2344/2339/2298 2349/2345/2304 2348/2344/2303
f 2344/2339/2298 2345/2341/2300 2350/2346/2305 2349/2345/2304
f 2345/2341/2300 2346/2325/2287 2351/2327/2289 2350/2346/2305
f 2325/2343/2302 2347/2342/2301 2352/2347/2306 2324/2348/2307
f 2347/2342/2301 2348/2344/2303 2353/2349/2308 2352/2347/2306
f 2348/2344/2303 2349/2345/2304 2354/2350/2309 2353/2349/2308
f 2349/2345/2304 2350/2346/2305 2355/2351/2310 2354/2350/2309
f 2350/2346/2305 2351/2327/2289 2356/2329/2291 2355/2351/2310
f 2324/2348/2307 2352/2347/2306 2357/2352/2311 2323/2353/2312
f 2352/2347/2306 2353/2349/2308 2358/2354/2313 2357/2352/2311
f 2353/2349/2308 2354/2350/2309 2359/2355/2314 2358/2354/2313
f 2354/2350/2309 2355/2351/2310 2360/2356/2315 2359/2355/2314
f 2355/2351/2310 2356/2329/2291 2361/2331/2293 2360/2356/2315
f 2323/2353/2312 2357/2352/2311 2362/2357/2316 2322/2358/2317
f 2357/2352/2311 2358/2354/2313 2363/2359/2318 2362/2357/2316
f 2358/2354/2313 2359/2355/2314 2364/2360/2319 2363/2359/2318
f 2359/2355/2314 2360/2356/2315 2365/2361/2320 2364/2360/2319
f 2360/2356/2315 2361/2331/2293 2366/2318/2280 2365/2361/2320
f 2322/2358/2317 2362/2357/2316 2341/2362/2321 2320/2363/2322
f 2362/2357/2316 2363/2359/2318 2340/2364/2323 2341/2362/2321
f 2363/2359/2318 2364/2360/2319 2339/2365/2324 2340/2364/2323
f 2364/2360/2319 2365/2361/2320 2338/2366/2325 2339/2365/2324
f 2365/2361/2320 2366/2318/2280 2337/2321/2283 2338/2366/2325
o Foglia.014_Cylinder.012
v -0.031864 0.099446 0.024845
v -0.022476 0.101588 0.033528
v -0.023001 0.097132 0.015835
v -0.013724 0.100389 0.024124
v -0.024447 0.097198 0.017450
v -0.025912 0.097464 0.018994
v -0.027401 0.097969 0.020453
v -0.028910 0.098675 0.021841
v -0.030387 0.099060 0.023343
v -0.030326 0.100076 0.026195
v -0.028788 0.100706 0.027546
v -0.027187 0.100692 0.029124
v -0.025551 0.100328 0.030827
v -0.023992 0.100742 0.032254
v -0.021024 0.101453 0.031938
v -0.019677 0.102385 0.029970
v -0.018165 0.101650 0.028592
v -0.016673 0.101113 0.027144
v -0.015194 0.100705 0.025650
v -0.015228 0.099421 0.022893
v -0.016793 0.099066 0.021445
v -0.018351 0.098638 0.020023
v -0.019892 0.098050 0.018657
v -0.021439 0.097513 0.017274
v -0.028849 0.099691 0.024694
v -0.027311 0.100321 0.026044
v -0.025774 0.100951 0.027395
v -0.024099 0.100192 0.029237
v -0.022537 0.100573 0.030676
v -0.027372 0.099305 0.023192
v -0.025834 0.099935 0.024543
v -0.024325 0.100852 0.025792
v -0.022752 0.101125 0.027269
v -0.021138 0.100977 0.028895
v -0.025884 0.098814 0.021728
v -0.024418 0.100168 0.022822
v -0.022892 0.100909 0.024133
v -0.021323 0.101223 0.025596
v -0.019715 0.101145 0.027197
v -0.024415 0.098503 0.020199
v -0.022952 0.099893 0.021281
v -0.021424 0.100620 0.022597
v -0.019877 0.101154 0.023982
v -0.018231 0.100684 0.025722
v -0.022922 0.097961 0.018753
v -0.021441 0.099158 0.019903
v -0.019938 0.100138 0.021130
v -0.018329 0.100051 0.022734
v -0.016729 0.100051 0.024308
vt 0.637429 0.744871
vt 0.637429 0.734313
vt 0.647987 0.734313
vt 0.647987 0.744871
vt 0.584640 0.744871
vt 0.584640 0.734313
vt 0.595198 0.734313
vt 0.595198 0.744871
vt 0.605756 0.734313
vt 0.605756 0.744871
vt 0.616314 0.734313
vt 0.616314 0.744871
vt 0.626872 0.734313
vt 0.626872 0.744871
vt 0.584640 0.797660
vt 0.584640 0.787102
vt 0.595198 0.787102
vt 0.595198 0.797660
vt 0.584640 0.776544
vt 0.595198 0.776544
vt 0.584640 0.765986
vt 0.595198 0.765986
vt 0.584640 0.755428
vt 0.595198 0.755428
vt 0.605756 0.787102
vt 0.605756 0.797660
vt 0.605756 0.776544
vt 0.605756 0.765986
vt 0.605756 0.755428
vt 0.616314 0.787102
vt 0.616314 0.797660
vt 0.616314 0.776544
vt 0.616314 0.765986
vt 0.616314 0.755428
vt 0.626872 0.787102
vt 0.626872 0.797660
vt 0.626872 0.776544
vt 0.626872 0.765986
vt 0.626872 0.755428
vt 0.637429 0.787102
vt 0.637429 0.797660
vt 0.637429 0.776544
vt 0.637429 0.765986
vt 0.637429 0.755428
vt 0.647987 0.787102
vt 0.647987 0.797660
vt 0.647987 0.776544
vt 0.647987 0.765986
vt 0.647987 0.755428
vn 0.1025 0.9379 -0.3312
vn -0.0709 0.9202 -0.3848
vn -0.1267 0.8998 -0.4174
vn 0.0395 0.9259 -0.3756
vn -0.1717 0.9531 -0.2492
vn -0.2528 0.9131 -0.3198
vn -0.4132 0.8848 -0.2154
vn -0.2887 0.9505 -0.1148
vn -0.3978 0.8787 -0.2639
vn -0.2799 0.9581 -0.0603
vn -0.1189 0.9256 -0.3592
vn -0.0169 0.9866 -0.1619
vn -0.0053 0.9422 -0.3349
vn 0.1306 0.9655 -0.2250
vn -0.0928 0.9386 -0.3323
vn -0.0900 0.9701 -0.2255
vn -0.1166 0.9534 -0.2781
vn 0.0421 0.9984 0.0363
vn -0.0509 0.9984 -0.0242
vn 0.0297 0.9995 -0.0081
vn -0.0558 0.9946 0.0871
vn -0.1373 0.9210 -0.3646
vn -0.0754 0.9196 -0.3854
vn -0.2310 0.9240 -0.3045
vn -0.1803 0.9782 -0.1029
vn -0.0977 0.9908 0.0939
vn -0.2315 0.8709 -0.4334
vn -0.1268 0.8910 -0.4360
vn -0.2948 0.8900 -0.3478
vn -0.1798 0.9633 -0.1989
vn -0.0111 0.9988 -0.0480
vn -0.2446 0.8366 -0.4901
vn -0.1881 0.8847 -0.4265
vn -0.2152 0.8517 -0.4777
vn -0.0417 0.9405 -0.3371
vn 0.1498 0.9702 -0.1903
vn -0.1435 0.8772 -0.4581
vn -0.1497 0.9262 -0.3460
vn -0.0534 0.8217 -0.5673
vn 0.1400 0.8670 -0.4781
vn 0.2714 0.9052 -0.3269
vn -0.0796 0.9113 -0.4038
vn -0.1160 0.9562 -0.2686
vn 0.0563 0.8072 -0.5875
vn 0.2445 0.8050 -0.5406
vn 0.2665 0.8853 -0.3810
usemtl material.baked
s 1
f 2415/2367/2326 2385/2368/2327 2370/2369/2328 2386/2370/2329
f 2380/2371/2330 2368/2372/2331 2381/2373/2332 2395/2374/2333
f 2395/2374/2333 2381/2373/2332 2382/2375/2334 2400/2376/2335
f 2400/2376/2335 2382/2375/2334 2383/2377/2336 2405/2378/2337
f 2405/2378/2337 2383/2377/2336 2384/2379/2338 2410/2380/2339
f 2410/2380/2339 2384/2379/2338 2385/2368/2327 2415/2367/2326
f 2367/2381/2340 2376/2382/2340 2391/2383/2340 2375/2384/2340
f 2376/2382/2340 2377/2385/2341 2392/2386/2342 2391/2383/2340
f 2377/2385/2341 2378/2387/2343 2393/2388/2344 2392/2386/2342
f 2378/2387/2343 2379/2389/2345 2394/2390/2346 2393/2388/2344
f 2379/2389/2345 2380/2371/2330 2395/2374/2333 2394/2390/2346
f 2375/2384/2340 2391/2383/2340 2396/2391/2347 2374/2392/2348
f 2391/2383/2340 2392/2386/2342 2397/2393/2349 2396/2391/2347
f 2392/2386/2342 2393/2388/2344 2398/2394/2350 2397/2393/2349
f 2393/2388/2344 2394/2390/2346 2399/2395/2351 2398/2394/2350
f 2394/2390/2346 2395/2374/2333 2400/2376/2335 2399/2395/2351
f 2374/2392/2348 2396/2391/2347 2401/2396/2352 2373/2397/2353
f 2396/2391/2347 2397/2393/2349 2402/2398/2354 2401/2396/2352
f 2397/2393/2349 2398/2394/2350 2403/2399/2355 2402/2398/2354
f 2398/2394/2350 2399/2395/2351 2404/2400/2356 2403/2399/2355
f 2399/2395/2351 2400/2376/2335 2405/2378/2337 2404/2400/2356
f 2373/2397/2353 2401/2396/2352 2406/2401/2357 2372/2402/2358
f 2401/2396/2352 2402/2398/2354 2407/2403/2359 2406/2401/2357
f 2402/2398/2354 2403/2399/2355 2408/2404/2360 2407/2403/2359
f 2403/2399/2355 2404/2400/2356 2409/2405/2361 2408/2404/2360
f 2404/2400/2356 2405/2378/2337 2410/2380/2339 2409/2405/2361
f 2372/2402/2358 2406/2401/2357 2411/2406/2362 2371/2407/2363
f 2406/2401/2357 2407/2403/2359 2412/2408/2364 2411/2406/2362
f 2407/2403/2359 2408/2404/2360 2413/2409/2365 2412/2408/2364
f 2408/2404/2360 2409/2405/2361 2414/2410/2366 2413/2409/2365
f 2409/2405/2361 2410/2380/2339 2415/2367/2326 2414/2410/2366
f 2371/2407/2363 2411/2406/2362 2390/2411/2367 2369/2412/2368
f 2411/2406/2362 2412/2408/2364 2389/2413/2369 2390/2411/2367
f 2412/2408/2364 2413/2409/2365 2388/2414/2370 2389/2413/2369
f 2413/2409/2365 2414/2410/2366 2387/2415/2371 2388/2414/2370
f 2414/2410/2366 2415/2367/2326 2386/2370/2329 2387/2415/2371
o Foglia.015_Cylinder.012
v -0.019021 0.103037 0.025751
v -0.004324 0.102347 0.021234
v -0.023094 0.107648 0.011796
v -0.008397 0.108296 0.007720
v -0.022415 0.106495 0.013995
v -0.021737 0.105583 0.016273
v -0.021058 0.104958 0.018647
v -0.020379 0.104574 0.021099
v -0.019700 0.103805 0.023425
v -0.016572 0.103250 0.025107
v -0.014122 0.103463 0.024462
v -0.011672 0.102902 0.023562
v -0.009223 0.101921 0.022523
v -0.006773 0.101874 0.021792
v -0.005002 0.103415 0.019007
v -0.005681 0.105767 0.017204
v -0.006360 0.106116 0.014740
v -0.007039 0.106703 0.012354
v -0.007718 0.107444 0.010019
v -0.010846 0.107678 0.008231
v -0.013296 0.107795 0.008985
v -0.015745 0.107825 0.009710
v -0.018195 0.107663 0.010371
v -0.020645 0.107562 0.011052
v -0.017250 0.104018 0.022781
v -0.014801 0.104231 0.022136
v -0.012351 0.104444 0.021492
v -0.009902 0.102989 0.020296
v -0.007452 0.102902 0.019552
v -0.017929 0.104787 0.020455
v -0.015480 0.105000 0.019810
v -0.013030 0.105557 0.019280
v -0.010580 0.105341 0.018493
v -0.008131 0.104619 0.017540
v -0.018608 0.105429 0.018087
v -0.016158 0.106511 0.017730
v -0.013709 0.106857 0.017129
v -0.011259 0.106690 0.016359
v -0.008810 0.106052 0.015433
v -0.019287 0.106288 0.015791
v -0.016837 0.107413 0.015448
v -0.014388 0.107742 0.014842
v -0.011938 0.107839 0.014159
v -0.009488 0.106731 0.013078
v -0.019966 0.106868 0.013403
v -0.017516 0.107762 0.012983
v -0.015067 0.108394 0.012477
v -0.012617 0.107747 0.011549
v -0.010167 0.107202 0.010654
vt 0.637429 0.744871
vt 0.637429 0.734313
vt 0.647987 0.734313
vt 0.647987 0.744871
vt 0.584640 0.744871
vt 0.584640 0.734313
vt 0.595198 0.734313
vt 0.595198 0.744871
vt 0.605756 0.734313
vt 0.605756 0.744871
vt 0.616314 0.734313
vt 0.616314 0.744871
vt 0.626872 0.734313
vt 0.626872 0.744871
vt 0.584640 0.797660
vt 0.584640 0.787102
vt 0.595198 0.787102
vt 0.595198 0.797660
vt 0.584640 0.776544
vt 0.595198 0.776544
vt 0.584640 0.765986
vt 0.595198 0.765986
vt 0.584640 0.755428
vt 0.595198 0.755428
vt 0.605756 0.787102
vt 0.605756 0.797660
vt 0.605756 0.776544
vt 0.605756 0.765986
vt 0.605756 0.755428
vt 0.616314 0.787102
vt 0.616314 0.797660
vt 0.616314 0.776544
vt 0.616314 0.765986
vt 0.616314 0.755428
vt 0.626872 0.787102
vt 0.626872 0.797660
vt 0.626872 0.776544
vt 0.626872 0.765986
vt 0.626872 0.755428
vt 0.637429 0.787102
vt 0.637429 0.797660
vt 0.637429 0.776544
vt 0.637429 0.765986
vt 0.637429 0.755428
vt 0.647987 0.787102
vt 0.647987 0.797660
vt 0.647987 0.776544
vt 0.647987 0.765986
vt 0.647987 0.755428
vn 0.0998 0.9837 0.1494
vn -0.0367 0.9626 0.2684
vn -0.0978 0.9504 0.2953
vn 0.0286 0.9830 0.1811
vn 0.0308 0.9083 0.4171
vn -0.0798 0.8927 0.4434
vn -0.0876 0.7898 0.6071
vn 0.0774 0.8211 0.5654
vn -0.1204 0.8103 0.5734
vn 0.1277 0.8034 0.5816
vn -0.0390 0.9464 0.3206
vn 0.1899 0.9237 0.3327
vn 0.0436 0.9697 0.2405
vn 0.2077 0.9621 0.1764
vn 0.0000 0.9495 0.3137
vn 0.0967 0.9264 0.3638
vn 0.0359 0.9322 0.3600
vn 0.3814 0.8504 0.3623
vn 0.2860 0.8623 0.4177
vn 0.3401 0.8702 0.3563
vn 0.3709 0.8053 0.4625
vn -0.0541 0.9416 0.3323
vn -0.0396 0.9615 0.2717
vn -0.0529 0.8988 0.4350
vn 0.1511 0.8589 0.4892
vn 0.3537 0.7913 0.4988
vn -0.1732 0.9142 0.3664
vn -0.1155 0.9515 0.2849
vn -0.1310 0.8785 0.4594
vn 0.0700 0.8918 0.4469
vn 0.2875 0.8811 0.3754
vn -0.2363 0.9091 0.3428
vn -0.1411 0.9306 0.3377
vn -0.2066 0.9216 0.3286
vn 0.0228 0.9627 0.2696
vn 0.2467 0.9531 0.1751
vn -0.1462 0.9472 0.2853
vn -0.0439 0.9351 0.3517
vn -0.2056 0.9675 0.1469
vn -0.0214 0.9991 0.0350
vn 0.1782 0.9840 -0.0038
vn -0.0592 0.9624 0.2651
vn 0.0446 0.9303 0.3641
vn -0.1708 0.9844 0.0413
vn -0.0387 0.9942 -0.1003
vn 0.1260 0.9916 -0.0278
usemtl material.baked
s 1
f 2464/2416/2372 2434/2417/2373 2419/2418/2374 2435/2419/2375
f 2429/2420/2376 2417/2421/2377 2430/2422/2378 2444/2423/2379
f 2444/2423/2379 2430/2422/2378 2431/2424/2380 2449/2425/2381
f 2449/2425/2381 2431/2424/2380 2432/2426/2382 2454/2427/2383
f 2454/2427/2383 2432/2426/2382 2433/2428/2384 2459/2429/2385
f 2459/2429/2385 2433/2428/2384 2434/2417/2373 2464/2416/2372
f 2416/2430/2386 2425/2431/2386 2440/2432/2386 2424/2433/2386
f 2425/2431/2386 2426/2434/2387 2441/2435/2388 2440/2432/2386
f 2426/2434/2387 2427/2436/2389 2442/2437/2390 2441/2435/2388
f 2427/2436/2389 2428/2438/2391 2443/2439/2392 2442/2437/2390
f 2428/2438/2391 2429/2420/2376 2444/2423/2379 2443/2439/2392
f 2424/2433/2386 2440/2432/2386 2445/2440/2393 2423/2441/2394
f 2440/2432/2386 2441/2435/2388 2446/2442/2395 2445/2440/2393
f 2441/2435/2388 2442/2437/2390 2447/2443/2396 2446/2442/2395
f 2442/2437/2390 2443/2439/2392 2448/2444/2397 2447/2443/2396
f 2443/2439/2392 2444/2423/2379 2449/2425/2381 2448/2444/2397
f 2423/2441/2394 2445/2440/2393 2450/2445/2398 2422/2446/2399
f 2445/2440/2393 2446/2442/2395 2451/2447/2400 2450/2445/2398
f 2446/2442/2395 2447/2443/2396 2452/2448/2401 2451/2447/2400
f 2447/2443/2396 2448/2444/2397 2453/2449/2402 2452/2448/2401
f 2448/2444/2397 2449/2425/2381 2454/2427/2383 2453/2449/2402
f 2422/2446/2399 2450/2445/2398 2455/2450/2403 2421/2451/2404
f 2450/2445/2398 2451/2447/2400 2456/2452/2405 2455/2450/2403
f 2451/2447/2400 2452/2448/2401 2457/2453/2406 2456/2452/2405
f 2452/2448/2401 2453/2449/2402 2458/2454/2407 2457/2453/2406
f 2453/2449/2402 2454/2427/2383 2459/2429/2385 2458/2454/2407
f 2421/2451/2404 2455/2450/2403 2460/2455/2408 2420/2456/2409
f 2455/2450/2403 2456/2452/2405 2461/2457/2410 2460/2455/2408
f 2456/2452/2405 2457/2453/2406 2462/2458/2411 2461/2457/2410
f 2457/2453/2406 2458/2454/2407 2463/2459/2412 2462/2458/2411
f 2458/2454/2407 2459/2429/2385 2464/2416/2372 2463/2459/2412
f 2420/2456/2409 2460/2455/2408 2439/2460/2413 2418/2461/2414
f 2460/2455/2408 2461/2457/2410 2438/2462/2415 2439/2460/2413
f 2461/2457/2410 2462/2458/2411 2437/2463/2416 2438/2462/2415
f 2462/2458/2411 2463/2459/2412 2436/2464/2417 2437/2463/2416
f 2463/2459/2412 2464/2416/2372 2435/2419/2375 2436/2464/2417
o Foglia.016_Cylinder.012
v -0.017539 0.114754 0.007011
v -0.003878 0.106736 0.012053
v -0.008335 0.124273 -0.002788
v 0.005325 0.117347 0.003315
v -0.009869 0.122373 -0.001459
v -0.011403 0.120669 0.000060
v -0.012937 0.119200 0.001807
v -0.014471 0.117927 0.003745
v -0.016005 0.116341 0.005378
v -0.015262 0.113686 0.008111
v -0.012985 0.112617 0.009211
v -0.010708 0.110917 0.009698
v -0.008432 0.108874 0.009852
v -0.006155 0.107592 0.010746
v -0.002344 0.108567 0.010657
v -0.000810 0.111445 0.010279
v 0.000724 0.112690 0.008313
v 0.002258 0.114128 0.006536
v 0.003791 0.115692 0.004882
v 0.003049 0.118085 0.001893
v 0.000772 0.119423 0.001055
v -0.001505 0.120690 0.000147
v -0.003782 0.121800 -0.000913
v -0.006059 0.122961 -0.001924
v -0.013728 0.115272 0.006478
v -0.011451 0.114203 0.007578
v -0.009175 0.113134 0.008678
v -0.006898 0.110705 0.008457
v -0.004621 0.109391 0.009319
v -0.012194 0.116858 0.004845
v -0.009917 0.115790 0.005945
v -0.007641 0.115002 0.007318
v -0.005364 0.113583 0.008078
v -0.003087 0.111752 0.008438
v -0.010660 0.118342 0.003111
v -0.008384 0.117982 0.004900
v -0.006107 0.117022 0.006107
v -0.003830 0.115643 0.006905
v -0.001553 0.113880 0.007332
v -0.009126 0.120002 0.001550
v -0.006850 0.119677 0.003373
v -0.004573 0.118703 0.004565
v -0.002296 0.117540 0.005574
v -0.000019 0.115394 0.005628
v -0.007593 0.121435 -0.000232
v -0.005316 0.120922 0.001408
v -0.003039 0.120195 0.002840
v -0.000762 0.118424 0.003259
v 0.001515 0.116737 0.003759
vt 0.637429 0.744871
vt 0.637429 0.734313
vt 0.647987 0.734313
vt 0.647987 0.744871
vt 0.584640 0.744871
vt 0.584640 0.734313
vt 0.595198 0.734313
vt 0.595198 0.744871
vt 0.605756 0.734313
vt 0.605756 0.744871
vt 0.616314 0.734313
vt 0.616314 0.744871
vt 0.626872 0.734313
vt 0.626872 0.744871
vt 0.584640 0.797660
vt 0.584640 0.787102
vt 0.595198 0.787102
vt 0.595198 0.797660
vt 0.584640 0.776544
vt 0.595198 0.776544
vt 0.584640 0.765986
vt 0.595198 0.765986
vt 0.584640 0.755428
vt 0.595198 0.755428
vt 0.605756 0.787102
vt 0.605756 0.797660
vt 0.605756 0.776544
vt 0.605756 0.765986
vt 0.605756 0.755428
vt 0.616314 0.787102
vt 0.616314 0.797660
vt 0.616314 0.776544
vt 0.616314 0.765986
vt 0.616314 0.755428
vt 0.626872 0.787102
vt 0.626872 0.797660
vt 0.626872 0.776544
vt 0.626872 0.765986
vt 0.626872 0.755428
vt 0.637429 0.787102
vt 0.637429 0.797660
vt 0.637429 0.776544
vt 0.637429 0.765986
vt 0.637429 0.755428
vt 0.647987 0.787102
vt 0.647987 0.797660
vt 0.647987 0.776544
vt 0.647987 0.765986
vt 0.647987 0.755428
vn 0.1916 0.7263 0.6601
vn 0.0119 0.7568 0.6535
vn -0.0501 0.7735 0.6318
vn 0.1223 0.7569 0.6419
vn -0.0644 0.6458 0.7607
vn -0.1590 0.6862 0.7098
vn -0.3067 0.5720 0.7607
vn -0.1619 0.5190 0.8393
vn -0.2988 0.6132 0.7312
vn -0.1451 0.4744 0.8682
vn -0.0310 0.7339 0.6785
vn 0.1036 0.5916 0.7995
vn 0.0860 0.7258 0.6825
vn 0.2371 0.6458 0.7257
vn 0.0000 0.7172 0.6968
vn 0.0213 0.6368 0.7707
vn -0.0141 0.6746 0.7381
vn 0.1892 0.4238 0.8857
vn 0.0901 0.4727 0.8766
vn 0.1714 0.4631 0.8695
vn 0.0993 0.3717 0.9230
vn -0.0504 0.7356 0.6755
vn 0.0074 0.7567 0.6536
vn -0.1340 0.6787 0.7220
vn -0.0501 0.5267 0.8485
vn 0.0586 0.3618 0.9304
vn -0.1591 0.7691 0.6190
vn -0.0538 0.7860 0.6158
vn -0.2072 0.6984 0.6851
vn -0.0643 0.6053 0.7933
vn 0.1260 0.4961 0.8590
vn -0.1843 0.8032 0.5664
vn -0.1136 0.7715 0.6260
vn -0.1517 0.8007 0.5796
vn 0.0498 0.7251 0.6868
vn 0.2612 0.6181 0.7414
vn -0.0751 0.7986 0.5972
vn -0.0594 0.7208 0.6905
vn -0.0090 0.8752 0.4837
vn 0.1990 0.8266 0.5264
vn 0.3532 0.7164 0.6017
vn -0.0004 0.7692 0.6390
vn -0.0119 0.6674 0.7446
vn 0.0939 0.8923 0.4415
vn 0.2843 0.8594 0.4249
vn 0.3384 0.7552 0.5613
usemtl material.baked
s 1
f 2513/2465/2418 2483/2466/2419 2468/2467/2420 2484/2468/2421
f 2478/2469/2422 2466/2470/2423 2479/2471/2424 2493/2472/2425
f 2493/2472/2425 2479/2471/2424 2480/2473/2426 2498/2474/2427
f 2498/2474/2427 2480/2473/2426 2481/2475/2428 2503/2476/2429
f 2503/2476/2429 2481/2475/2428 2482/2477/2430 2508/2478/2431
f 2508/2478/2431 2482/2477/2430 2483/2466/2419 2513/2465/2418
f 2465/2479/2432 2474/2480/2432 2489/2481/2432 2473/2482/2432
f 2474/2480/2432 2475/2483/2433 2490/2484/2434 2489/2481/2432
f 2475/2483/2433 2476/2485/2435 2491/2486/2436 2490/2484/2434
f 2476/2485/2435 2477/2487/2437 2492/2488/2438 2491/2486/2436
f 2477/2487/2437 2478/2469/2422 2493/2472/2425 2492/2488/2438
f 2473/2482/2432 2489/2481/2432 2494/2489/2439 2472/2490/2440
f 2489/2481/2432 2490/2484/2434 2495/2491/2441 2494/2489/2439
f 2490/2484/2434 2491/2486/2436 2496/2492/2442 2495/2491/2441
f 2491/2486/2436 2492/2488/2438 2497/2493/2443 2496/2492/2442
f 2492/2488/2438 2493/2472/2425 2498/2474/2427 2497/2493/2443
f 2472/2490/2440 2494/2489/2439 2499/2494/2444 2471/2495/2445
f 2494/2489/2439 2495/2491/2441 2500/2496/2446 2499/2494/2444
f 2495/2491/2441 2496/2492/2442 2501/2497/2447 2500/2496/2446
f 2496/2492/2442 2497/2493/2443 2502/2498/2448 2501/2497/2447
f 2497/2493/2443 2498/2474/2427 2503/2476/2429 2502/2498/2448
f 2471/2495/2445 2499/2494/2444 2504/2499/2449 2470/2500/2450
f 2499/2494/2444 2500/2496/2446 2505/2501/2451 2504/2499/2449
f 2500/2496/2446 2501/2497/2447 2506/2502/2452 2505/2501/2451
f 2501/2497/2447 2502/2498/2448 2507/2503/2453 2506/2502/2452
f 2502/2498/2448 2503/2476/2429 2508/2478/2431 2507/2503/2453
f 2470/2500/2450 2504/2499/2449 2509/2504/2454 2469/2505/2455
f 2504/2499/2449 2505/2501/2451 2510/2506/2456 2509/2504/2454
f 2505/2501/2451 2506/2502/2452 2511/2507/2457 2510/2506/2456
f 2506/2502/2452 2507/2503/2453 2512/2508/2458 2511/2507/2457
f 2507/2503/2453 2508/2478/2431 2513/2465/2418 2512/2508/2458
f 2469/2505/2455 2509/2504/2454 2488/2509/2459 2467/2510/2460
f 2509/2504/2454 2510/2506/2456 2487/2511/2461 2488/2509/2459
f 2510/2506/2456 2511/2507/2457 2486/2512/2462 2487/2511/2461
f 2511/2507/2457 2512/2508/2458 2485/2513/2463 2486/2512/2462
f 2512/2508/2458 2513/2465/2418 2484/2468/2421 2485/2513/2463
o Foglia.017_Cylinder.012
v -0.053533 0.144843 0.011049
v -0.045957 0.143510 0.022195
v -0.042450 0.146877 0.003760
v -0.035056 0.146769 0.014973
v -0.044246 0.146186 0.004956
v -0.046073 0.145715 0.006164
v -0.047940 0.145508 0.007386
v -0.049839 0.145521 0.008620
v -0.051686 0.145182 0.009834
v -0.052315 0.144921 0.012923
v -0.051096 0.144999 0.014797
v -0.049773 0.144369 0.016633
v -0.048394 0.143354 0.018447
v -0.047140 0.143194 0.020308
v -0.044151 0.144124 0.020996
v -0.042518 0.145911 0.019860
v -0.040614 0.145867 0.018624
v -0.038742 0.146039 0.017400
v -0.036892 0.146354 0.016184
v -0.036219 0.146320 0.013079
v -0.037482 0.146544 0.011221
v -0.038733 0.146688 0.009360
v -0.039958 0.146657 0.007488
v -0.041192 0.146681 0.005620
v -0.050467 0.145260 0.011708
v -0.049249 0.145338 0.013582
v -0.048031 0.145416 0.015456
v -0.046587 0.143968 0.017247
v -0.045328 0.143771 0.019107
v -0.048620 0.145599 0.010494
v -0.047402 0.145677 0.012368
v -0.046231 0.146070 0.014259
v -0.044954 0.145755 0.016111
v -0.043610 0.144978 0.017939
v -0.046756 0.145822 0.009272
v -0.045656 0.146696 0.011190
v -0.044455 0.146896 0.013070
v -0.043186 0.146626 0.014926
v -0.041853 0.145925 0.016757
v -0.044921 0.146244 0.008062
v -0.043827 0.147157 0.009982
v -0.042624 0.147341 0.011861
v -0.041390 0.147313 0.013730
v -0.039993 0.146182 0.015538
v -0.043049 0.146411 0.006838
v -0.041923 0.147112 0.008746
v -0.040761 0.147574 0.010641
v -0.039427 0.146864 0.012472
v -0.038106 0.146249 0.014308
vt 0.637429 0.744871
vt 0.637429 0.734313
vt 0.647987 0.734313
vt 0.647987 0.744871
vt 0.584640 0.744871
vt 0.584640 0.734313
vt 0.595198 0.734313
vt 0.595198 0.744871
vt 0.605756 0.734313
vt 0.605756 0.744871
vt 0.616314 0.734313
vt 0.616314 0.744871
vt 0.626872 0.734313
vt 0.626872 0.744871
vt 0.584640 0.797660
vt 0.584640 0.787102
vt 0.595198 0.787102
vt 0.595198 0.797660
vt 0.584640 0.776544
vt 0.595198 0.776544
vt 0.584640 0.765986
vt 0.595198 0.765986
vt 0.584640 0.755428
vt 0.595198 0.755428
vt 0.605756 0.787102
vt 0.605756 0.797660
vt 0.605756 0.776544
vt 0.605756 0.765986
vt 0.605756 0.755428
vt 0.616314 0.787102
vt 0.616314 0.797660
vt 0.616314 0.776544
vt 0.616314 0.765986
vt 0.616314 0.755428
vt 0.626872 0.787102
vt 0.626872 0.797660
vt 0.626872 0.776544
vt 0.626872 0.765986
vt 0.626872 0.755428
vt 0.637429 0.787102
vt 0.637429 0.797660
vt 0.637429 0.776544
vt 0.637429 0.765986
vt 0.637429 0.755428
vt 0.647987 0.787102
vt 0.647987 0.797660
vt 0.647987 0.776544
vt 0.647987 0.765986
vt 0.647987 0.755428
vn 0.0442 0.9942 0.0978
vn -0.1125 0.9936 0.0045
vn -0.1582 0.9864 -0.0450
vn -0.0073 0.9992 0.0396
vn -0.2402 0.9637 0.1160
vn -0.3010 0.9534 0.0193
vn -0.4733 0.8784 0.0656
vn -0.3790 0.9015 0.2088
vn -0.4484 0.8935 0.0233
vn -0.3816 0.8863 0.2624
vn -0.1647 0.9861 0.0188
vn -0.1099 0.9641 0.2414
vn -0.0606 0.9955 0.0723
vn 0.0482 0.9766 0.2096
vn -0.1459 0.9878 0.0537
vn -0.1671 0.9725 0.1620
vn -0.1812 0.9781 0.1026
vn -0.0910 0.8954 0.4359
vn -0.1703 0.9167 0.3613
vn -0.0949 0.9142 0.3940
vn -0.1954 0.8672 0.4580
vn -0.1811 0.9834 0.0081
vn -0.1167 0.9932 0.0028
vn -0.2839 0.9579 0.0421
vn -0.2791 0.9259 0.2544
vn -0.2370 0.8593 0.4532
vn -0.2537 0.9627 -0.0939
vn -0.1537 0.9860 -0.0650
vn -0.3338 0.9423 -0.0241
vn -0.2588 0.9520 0.1631
vn -0.1271 0.9284 0.3491
vn -0.2516 0.9543 -0.1609
vn -0.2144 0.9740 -0.0726
vn -0.2271 0.9641 -0.1374
vn -0.0955 0.9935 0.0616
vn 0.0599 0.9672 0.2467
vn -0.1641 0.9819 -0.0939
vn -0.1973 0.9800 0.0239
vn -0.0490 0.9799 -0.1932
vn 0.1172 0.9917 -0.0528
vn 0.2121 0.9691 0.1263
vn -0.1163 0.9930 -0.0179
vn -0.1827 0.9767 0.1123
vn 0.0635 0.9792 -0.1925
vn 0.2383 0.9649 -0.1098
vn 0.2199 0.9731 0.0691
usemtl material.baked
s 1
f 2562/2514/2464 2532/2515/2465 2517/2516/2466 2533/2517/2467
f 2527/2518/2468 2515/2519/2469 2528/2520/2470 2542/2521/2471
f 2542/2521/2471 2528/2520/2470 2529/2522/2472 2547/2523/2473
f 2547/2523/2473 2529/2522/2472 2530/2524/2474 2552/2525/2475
f 2552/2525/2475 2530/2524/2474 2531/2526/2476 2557/2527/2477
f 2557/2527/2477 2531/2526/2476 2532/2515/2465 2562/2514/2464
f 2514/2528/2478 2523/2529/2478 2538/2530/2478 2522/2531/2478
f 2523/2529/2478 2524/2532/2479 2539/2533/2480 2538/2530/2478
f 2524/2532/2479 2525/2534/2481 2540/2535/2482 2539/2533/2480
f 2525/2534/2481 2526/2536/2483 2541/2537/2484 2540/2535/2482
f 2526/2536/2483 2527/2518/2468 2542/2521/2471 2541/2537/2484
f 2522/2531/2478 2538/2530/2478 2543/2538/2485 2521/2539/2486
f 2538/2530/2478 2539/2533/2480 2544/2540/2487 2543/2538/2485
f 2539/2533/2480 2540/2535/2482 2545/2541/2488 2544/2540/2487
f 2540/2535/2482 2541/2537/2484 2546/2542/2489 2545/2541/2488
f 2541/2537/2484 2542/2521/2471 2547/2523/2473 2546/2542/2489
f 2521/2539/2486 2543/2538/2485 2548/2543/2490 2520/2544/2491
f 2543/2538/2485 2544/2540/2487 2549/2545/2492 2548/2543/2490
f 2544/2540/2487 2545/2541/2488 2550/2546/2493 2549/2545/2492
f 2545/2541/2488 2546/2542/2489 2551/2547/2494 2550/2546/2493
f 2546/2542/2489 2547/2523/2473 2552/2525/2475 2551/2547/2494
f 2520/2544/2491 2548/2543/2490 2553/2548/2495 2519/2549/2496
f 2548/2543/2490 2549/2545/2492 2554/2550/2497 2553/2548/2495
f 2549/2545/2492 2550/2546/2493 2555/2551/2498 2554/2550/2497
f 2550/2546/2493 2551/2547/2494 2556/2552/2499 2555/2551/2498
f 2551/2547/2494 2552/2525/2475 2557/2527/2477 2556/2552/2499
f 2519/2549/2496 2553/2548/2495 2558/2553/2500 2518/2554/2501
f 2553/2548/2495 2554/2550/2497 2559/2555/2502 2558/2553/2500
f 2554/2550/2497 2555/2551/2498 2560/2556/2503 2559/2555/2502
f 2555/2551/2498 2556/2552/2499 2561/2557/2504 2560/2556/2503
f 2556/2552/2499 2557/2527/2477 2562/2514/2464 2561/2557/2504
f 2518/2554/2501 2558/2553/2500 2537/2558/2505 2516/2559/2506
f 2558/2553/2500 2559/2555/2502 2536/2560/2507 2537/2558/2505
f 2559/2555/2502 2560/2556/2503 2535/2561/2508 2536/2560/2507
f 2560/2556/2503 2561/2557/2504 2534/2562/2509 2535/2561/2508
f 2561/2557/2504 2562/2514/2464 2533/2517/2467 2534/2562/2509
o Foglia.018_Cylinder.012
v -0.031620 0.117899 0.002266
v -0.013744 0.116189 0.000540
v -0.031620 0.130597 -0.010315
v -0.013744 0.130050 -0.010867
v -0.031620 0.128147 -0.008555
v -0.031620 0.125906 -0.006585
v -0.031620 0.123914 -0.004362
v -0.031620 0.122132 -0.001928
v -0.031620 0.120015 0.000169
v -0.028641 0.117899 0.002266
v -0.025661 0.117899 0.002266
v -0.022682 0.117227 0.001587
v -0.019703 0.116189 0.000540
v -0.016724 0.115963 0.000312
v -0.013744 0.118566 -0.001293
v -0.013744 0.122058 -0.002002
v -0.013744 0.123810 -0.004467
v -0.013744 0.125769 -0.006723
v -0.013744 0.127862 -0.008844
v -0.016724 0.129699 -0.011223
v -0.019703 0.129985 -0.010933
v -0.022682 0.130196 -0.010720
v -0.025661 0.130240 -0.010676
v -0.028641 0.130338 -0.010577
v -0.028641 0.120015 0.000169
v -0.025661 0.120015 0.000169
v -0.022682 0.120015 0.000169
v -0.019703 0.118566 -0.001293
v -0.016724 0.118305 -0.001557
v -0.028641 0.122132 -0.001928
v -0.025661 0.122132 -0.001928
v -0.022682 0.122431 -0.001626
v -0.019703 0.122058 -0.002002
v -0.016724 0.121246 -0.002822
v -0.028641 0.124138 -0.004136
v -0.025661 0.124893 -0.003374
v -0.022682 0.125009 -0.003257
v -0.019703 0.124679 -0.003590
v -0.016724 0.123940 -0.004336
v -0.028641 0.126333 -0.006153
v -0.025661 0.127126 -0.005353
v -0.022682 0.127226 -0.005252
v -0.019703 0.127126 -0.005353
v -0.016724 0.125979 -0.006511
v -0.028641 0.128286 -0.008415
v -0.025661 0.128878 -0.007818
v -0.022682 0.129242 -0.007450
v -0.019703 0.128495 -0.008205
v -0.016724 0.127837 -0.008869
vt 0.637429 0.744871
vt 0.637429 0.734313
vt 0.647987 0.734313
vt 0.647987 0.744871
vt 0.584640 0.744871
vt 0.584640 0.734313
vt 0.595198 0.734313
vt 0.595198 0.744871
vt 0.605756 0.734313
vt 0.605756 0.744871
vt 0.616314 0.734313
vt 0.616314 0.744871
vt 0.626872 0.734313
vt 0.626872 0.744871
vt 0.584640 0.797660
vt 0.584640 0.787102
vt 0.595198 0.787102
vt 0.595198 0.797660
vt 0.584640 0.776544
vt 0.595198 0.776544
vt 0.584640 0.765986
vt 0.595198 0.765986
vt 0.584640 0.755428
vt 0.595198 0.755428
vt 0.605756 0.787102
vt 0.605756 0.797660
vt 0.605756 0.776544
vt 0.605756 0.765986
vt 0.605756 0.755428
vt 0.616314 0.787102
vt 0.616314 0.797660
vt 0.616314 0.776544
vt 0.616314 0.765986
vt 0.616314 0.755428
vt 0.626872 0.787102
vt 0.626872 0.797660
vt 0.626872 0.776544
vt 0.626872 0.765986
vt 0.626872 0.755428
vt 0.637429 0.787102
vt 0.637429 0.797660
vt 0.637429 0.776544
vt 0.637429 0.765986
vt 0.637429 0.755428
vt 0.647987 0.787102
vt 0.647987 0.797660
vt 0.647987 0.776544
vt 0.647987 0.765986
vt 0.647987 0.755428
vn 0.1407 0.7856 0.6025
vn -0.0228 0.7418 0.6702
vn -0.0894 0.7310 0.6764
vn 0.0640 0.7849 0.6162
vn 0.0000 0.6172 0.7868
vn -0.1145 0.6131 0.7816
vn -0.1722 0.4534 0.8745
vn 0.0000 0.4677 0.8839
vn -0.1935 0.4923 0.8486
vn 0.0429 0.4356 0.8991
vn -0.0396 0.7055 0.7076
vn 0.1761 0.6369 0.7506
vn 0.0623 0.7448 0.6644
vn 0.2360 0.7345 0.6362
vn 0.0000 0.7038 0.7104
vn 0.0786 0.6436 0.7613
vn 0.0214 0.6619 0.7493
vn 0.3469 0.5231 0.7784
vn 0.2420 0.5279 0.8141
vn 0.3103 0.5510 0.7747
vn 0.3076 0.4422 0.8425
vn -0.0575 0.6991 0.7126
vn -0.0265 0.7400 0.6721
vn -0.0860 0.6170 0.7822
vn 0.0935 0.5198 0.8491
vn 0.2806 0.4175 0.8642
vn -0.1833 0.6829 0.7072
vn -0.1038 0.7399 0.6647
vn -0.1691 0.6035 0.7792
vn 0.0289 0.5824 0.8124
vn 0.2556 0.5624 0.7863
vn -0.2385 0.7005 0.6726
vn -0.1437 0.7035 0.6959
vn -0.2052 0.7120 0.6715
vn 0.0342 0.7300 0.6825
vn 0.2731 0.7197 0.6383
vn -0.1339 0.7417 0.6572
vn -0.0532 0.6831 0.7284
vn -0.1544 0.8303 0.5354
vn 0.0542 0.8713 0.4877
vn 0.2551 0.8368 0.4845
vn -0.0436 0.7472 0.6631
vn 0.0286 0.6567 0.7536
vn -0.0926 0.8840 0.4582
vn 0.0714 0.9283 0.3648
vn 0.2116 0.8637 0.4574
usemtl material.baked
s 1
f 2611/2563/2510 2581/2564/2511 2566/2565/2512 2582/2566/2513
f 2576/2567/2514 2564/2568/2515 2577/2569/2516 2591/2570/2517
f 2591/2570/2517 2577/2569/2516 2578/2571/2518 2596/2572/2519
f 2596/2572/2519 2578/2571/2518 2579/2573/2520 2601/2574/2521
f 2601/2574/2521 2579/2573/2520 2580/2575/2522 2606/2576/2523
f 2606/2576/2523 2580/2575/2522 2581/2564/2511 2611/2563/2510
f 2563/2577/2524 2572/2578/2524 2587/2579/2524 2571/2580/2524
f 2572/2578/2524 2573/2581/2525 2588/2582/2526 2587/2579/2524
f 2573/2581/2525 2574/2583/2527 2589/2584/2528 2588/2582/2526
f 2574/2583/2527 2575/2585/2529 2590/2586/2530 2589/2584/2528
f 2575/2585/2529 2576/2567/2514 2591/2570/2517 2590/2586/2530
f 2571/2580/2524 2587/2579/2524 2592/2587/2531 2570/2588/2532
f 2587/2579/2524 2588/2582/2526 2593/2589/2533 2592/2587/2531
f 2588/2582/2526 2589/2584/2528 2594/2590/2534 2593/2589/2533
f 2589/2584/2528 2590/2586/2530 2595/2591/2535 2594/2590/2534
f 2590/2586/2530 2591/2570/2517 2596/2572/2519 2595/2591/2535
f 2570/2588/2532 2592/2587/2531 2597/2592/2536 2569/2593/2537
f 2592/2587/2531 2593/2589/2533 2598/2594/2538 2597/2592/2536
f 2593/2589/2533 2594/2590/2534 2599/2595/2539 2598/2594/2538
f 2594/2590/2534 2595/2591/2535 2600/2596/2540 2599/2595/2539
f 2595/2591/2535 2596/2572/2519 2601/2574/2521 2600/2596/2540
f 2569/2593/2537 2597/2592/2536 2602/2597/2541 2568/2598/2542
f 2597/2592/2536 2598/2594/2538 2603/2599/2543 2602/2597/2541
f 2598/2594/2538 2599/2595/2539 2604/2600/2544 2603/2599/2543
f 2599/2595/2539 2600/2596/2540 2605/2601/2545 2604/2600/2544
f 2600/2596/2540 2601/2574/2521 2606/2576/2523 2605/2601/2545
f 2568/2598/2542 2602/2597/2541 2607/2602/2546 2567/2603/2547
f 2602/2597/2541 2603/2599/2543 2608/2604/2548 2607/2602/2546
f 2603/2599/2543 2604/2600/2544 2609/2605/2549 2608/2604/2548
f 2604/2600/2544 2605/2601/2545 2610/2606/2550 2609/2605/2549
f 2605/2601/2545 2606/2576/2523 2611/2563/2510 2610/2606/2550
f 2567/2603/2547 2607/2602/2546 2586/2607/2551 2565/2608/2552
f 2607/2602/2546 2608/2604/2548 2585/2609/2553 2586/2607/2551
f 2608/2604/2548 2609/2605/2549 2584/2610/2554 2585/2609/2553
f 2609/2605/2549 2610/2606/2550 2583/2611/2555 2584/2610/2554
f 2610/2606/2550 2611/2563/2510 2582/2566/2513 2583/2611/2555
o Foglia.019_Cylinder.012
v 0.007523 0.116399 0.000717
v 0.019803 0.114987 0.006382
v 0.012671 0.124981 -0.008304
v 0.024558 0.124529 -0.001950
v 0.011926 0.123275 -0.006999
v 0.011110 0.121741 -0.005569
v 0.010210 0.120414 -0.003991
v 0.009239 0.119259 -0.002290
v 0.008381 0.117829 -0.000787
v 0.009473 0.116399 0.001830
v 0.011424 0.116399 0.002943
v 0.013601 0.115844 0.003658
v 0.015902 0.114987 0.004156
v 0.017929 0.114801 0.005135
v 0.020573 0.116633 0.005033
v 0.020966 0.119198 0.004344
v 0.021947 0.120328 0.002625
v 0.022859 0.121628 0.001028
v 0.023725 0.123039 -0.000489
v 0.022727 0.124239 -0.003272
v 0.020680 0.124475 -0.004215
v 0.018658 0.124650 -0.005203
v 0.016693 0.124686 -0.006290
v 0.014710 0.124766 -0.007345
v 0.010331 0.117829 0.000326
v 0.012282 0.117829 0.001439
v 0.014232 0.117829 0.002552
v 0.016672 0.116633 0.002807
v 0.018711 0.116418 0.003766
v 0.011190 0.119259 -0.001177
v 0.013140 0.119259 -0.000064
v 0.014989 0.119506 0.001226
v 0.017065 0.119198 0.002118
v 0.019290 0.118528 0.002750
v 0.012085 0.120599 -0.002746
v 0.013780 0.121222 -0.001186
v 0.015691 0.121318 -0.000004
v 0.017753 0.121045 0.000914
v 0.019953 0.120435 0.001589
v 0.012916 0.122094 -0.004203
v 0.014599 0.122748 -0.002620
v 0.016515 0.122831 -0.001448
v 0.018499 0.122748 -0.000394
v 0.020837 0.121801 0.000039
v 0.013829 0.123390 -0.005803
v 0.015580 0.123878 -0.004340
v 0.017407 0.124179 -0.003011
v 0.019610 0.123562 -0.002341
v 0.021783 0.123018 -0.001617
vt 0.637429 0.744871
vt 0.637429 0.734313
vt 0.647987 0.734313
vt 0.647987 0.744871
vt 0.584640 0.744871
vt 0.584640 0.734313
vt 0.595198 0.734313
vt 0.595198 0.744871
vt 0.605756 0.734313
vt 0.605756 0.744871
vt 0.616314 0.734313
vt 0.616314 0.744871
vt 0.626872 0.734313
vt 0.626872 0.744871
vt 0.584640 0.797660
vt 0.584640 0.787102
vt 0.595198 0.787102
vt 0.595198 0.797660
vt 0.584640 0.776544
vt 0.595198 0.776544
vt 0.584640 0.765986
vt 0.595198 0.765986
vt 0.584640 0.755428
vt 0.595198 0.755428
vt 0.605756 0.787102
vt 0.605756 0.797660
vt 0.605756 0.776544
vt 0.605756 0.765986
vt 0.605756 0.755428
vt 0.616314 0.787102
vt 0.616314 0.797660
vt 0.616314 0.776544
vt 0.616314 0.765986
vt 0.616314 0.755428
vt 0.626872 0.787102
vt 0.626872 0.797660
vt 0.626872 0.776544
vt 0.626872 0.765986
vt 0.626872 0.755428
vt 0.637429 0.787102
vt 0.637429 0.797660
vt 0.637429 0.776544
vt 0.637429 0.765986
vt 0.637429 0.755428
vt 0.647987 0.787102
vt 0.647987 0.797660
vt 0.647987 0.776544
vt 0.647987 0.765986
vt 0.647987 0.755428
vn -0.1362 0.8416 0.5226
vn -0.3139 0.8047 0.5039
vn -0.3753 0.7946 0.4772
vn -0.2097 0.8423 0.4966
vn -0.3576 0.6923 0.6267
vn -0.4548 0.6878 0.5658
vn -0.5585 0.5381 0.6313
vn -0.4129 0.5532 0.7235
vn -0.5624 0.5741 0.5950
vn -0.3847 0.5228 0.7607
vn -0.3486 0.7723 0.5310
vn -0.1859 0.7083 0.6810
vn -0.2369 0.8071 0.5408
vn -0.0726 0.7941 0.6034
vn -0.3157 0.7709 0.5532
vn -0.2755 0.7160 0.6414
vn -0.3183 0.7331 0.6010
vn -0.0568 0.5979 0.7996
vn -0.1653 0.6062 0.7779
vn -0.0854 0.6252 0.7757
vn -0.1266 0.5238 0.8424
vn -0.3670 0.7665 0.5270
vn -0.3181 0.8031 0.5038
vn -0.4301 0.6917 0.5801
vn -0.3120 0.6016 0.7353
vn -0.1619 0.5013 0.8499
vn -0.4743 0.7497 0.4614
vn -0.3815 0.8023 0.4591
vn -0.5015 0.6779 0.5375
vn -0.3469 0.6602 0.6661
vn -0.1381 0.6377 0.7577
vn -0.5044 0.7638 0.4026
vn -0.4334 0.7692 0.4695
vn -0.4744 0.7752 0.4172
vn -0.2709 0.7942 0.5438
vn -0.0421 0.7795 0.6249
vn -0.4039 0.8033 0.4376
vn -0.3718 0.7521 0.5442
vn -0.3572 0.8794 0.3146
vn -0.1505 0.9155 0.3731
vn 0.0238 0.8807 0.4729
vn -0.3282 0.8094 0.4869
vn -0.3145 0.7283 0.6088
vn -0.2629 0.9251 0.2739
vn -0.0721 0.9600 0.2705
vn 0.0007 0.9048 0.4257
usemtl material.baked
s 1
f 2660/2612/2556 2630/2613/2557 2615/2614/2558 2631/2615/2559
f 2625/2616/2560 2613/2617/2561 2626/2618/2562 2640/2619/2563
f 2640/2619/2563 2626/2618/2562 2627/2620/2564 2645/2621/2565
f 2645/2621/2565 2627/2620/2564 2628/2622/2566 2650/2623/2567
f 2650/2623/2567 2628/2622/2566 2629/2624/2568 2655/2625/2569
f 2655/2625/2569 2629/2624/2568 2630/2613/2557 2660/2612/2556
f 2612/2626/2570 2621/2627/2570 2636/2628/2570 2620/2629/2570
f 2621/2627/2570 2622/2630/2571 2637/2631/2572 2636/2628/2570
f 2622/2630/2571 2623/2632/2573 2638/2633/2574 2637/2631/2572
f 2623/2632/2573 2624/2634/2575 2639/2635/2576 2638/2633/2574
f 2624/2634/2575 2625/2616/2560 2640/2619/2563 2639/2635/2576
f 2620/2629/2570 2636/2628/2570 2641/2636/2577 2619/2637/2578
f 2636/2628/2570 2637/2631/2572 2642/2638/2579 2641/2636/2577
f 2637/2631/2572 2638/2633/2574 2643/2639/2580 2642/2638/2579
f 2638/2633/2574 2639/2635/2576 2644/2640/2581 2643/2639/2580
f 2639/2635/2576 2640/2619/2563 2645/2621/2565 2644/2640/2581
f 2619/2637/2578 2641/2636/2577 2646/2641/2582 2618/2642/2583
f 2641/2636/2577 2642/2638/2579 2647/2643/2584 2646/2641/2582
f 2642/2638/2579 2643/2639/2580 2648/2644/2585 2647/2643/2584
f 2643/2639/2580 2644/2640/2581 2649/2645/2586 2648/2644/2585
f 2644/2640/2581 2645/2621/2565 2650/2623/2567 2649/2645/2586
f 2618/2642/2583 2646/2641/2582 2651/2646/2587 2617/2647/2588
f 2646/2641/2582 2647/2643/2584 2652/2648/2589 2651/2646/2587
f 2647/2643/2584 2648/2644/2585 2653/2649/2590 2652/2648/2589
f 2648/2644/2585 2649/2645/2586 2654/2650/2591 2653/2649/2590
f 2649/2645/2586 2650/2623/2567 2655/2625/2569 2654/2650/2591
f 2617/2647/2588 2651/2646/2587 2656/2651/2592 2616/2652/2593
f 2651/2646/2587 2652/2648/2589 2657/2653/2594 2656/2651/2592
f 2652/2648/2589 2653/2649/2590 2658/2654/2595 2657/2653/2594
f 2653/2649/2590 2654/2650/2591 2659/2655/2596 2658/2654/2595
f 2654/2650/2591 2655/2625/2569 2660/2612/2556 2659/2655/2596
f 2616/2652/2593 2656/2651/2592 2635/2656/2597 2614/2657/2598
f 2656/2651/2592 2657/2653/2594 2634/2658/2599 2635/2656/2597
f 2657/2653/2594 2658/2654/2595 2633/2659/2600 2634/2658/2599
f 2658/2654/2595 2659/2655/2596 2632/2660/2601 2633/2659/2600
f 2659/2655/2596 2660/2612/2556 2631/2615/2559 2632/2660/2601
o Fragola.000_Cylinder.026
v -0.061351 0.113303 0.010962
v -0.059593 0.113003 0.011659
v -0.058053 0.111980 0.012271
v -0.056827 0.110204 0.012758
v -0.056085 0.108149 0.013052
v -0.055923 0.105919 0.013117
v -0.056364 0.103599 0.012941
v -0.056891 0.101280 0.012732
v -0.062479 0.093715 0.010514
v -0.061727 0.113303 0.011691
v -0.060139 0.113003 0.012718
v -0.058748 0.111980 0.013618
v -0.057640 0.110204 0.014335
v -0.056970 0.108149 0.014769
v -0.056823 0.105919 0.014863
v -0.057222 0.103599 0.014606
v -0.057698 0.101280 0.014298
v -0.058652 0.099050 0.013681
v -0.059732 0.096995 0.012981
v -0.061239 0.095193 0.012007
v -0.062746 0.093715 0.011032
v -0.063862 0.092616 0.010309
v -0.064613 0.091940 0.009824
v -0.062238 0.113303 0.012333
v -0.060881 0.113003 0.013650
v -0.059692 0.111980 0.014805
v -0.058745 0.110204 0.015723
v -0.058173 0.108149 0.016279
v -0.058048 0.105919 0.016401
v -0.058388 0.103599 0.016070
v -0.058795 0.101280 0.015675
v -0.059610 0.099050 0.014884
v -0.060533 0.096995 0.013988
v -0.061821 0.095193 0.012738
v -0.063109 0.093715 0.011488
v -0.064063 0.092616 0.010561
v -0.064704 0.091940 0.009939
v -0.062864 0.113303 0.012863
v -0.061791 0.113003 0.014419
v -0.060850 0.111980 0.015784
v -0.060100 0.110204 0.016869
v -0.059647 0.108149 0.017527
v -0.059548 0.105919 0.017670
v -0.059818 0.103599 0.017279
v -0.060140 0.101280 0.016813
v -0.060785 0.099050 0.015878
v -0.061515 0.096995 0.014818
v -0.062535 0.095193 0.013341
v -0.063554 0.093715 0.011864
v -0.064309 0.092616 0.010769
v -0.064816 0.091940 0.010034
v -0.063582 0.113303 0.013260
v -0.062833 0.113003 0.014996
v -0.062176 0.111980 0.016518
v -0.061653 0.110204 0.017729
v -0.061337 0.108149 0.018462
v -0.061268 0.105919 0.018622
v -0.061456 0.103599 0.018186
v -0.061680 0.101280 0.017666
v -0.062131 0.099050 0.016623
v -0.062641 0.096995 0.015441
v -0.063352 0.095193 0.013794
v -0.064063 0.093715 0.012146
v -0.064590 0.092616 0.010925
v -0.064944 0.091940 0.010105
v -0.064364 0.113303 0.013510
v -0.063967 0.113003 0.015359
v -0.063620 0.111980 0.016980
v -0.063344 0.110204 0.018269
v -0.063176 0.108149 0.019050
v -0.063140 0.105919 0.019221
v -0.063239 0.103599 0.018756
v -0.063358 0.101280 0.018202
v -0.063596 0.099050 0.017091
v -0.063866 0.096995 0.015833
v -0.064242 0.095193 0.014078
v -0.064618 0.093715 0.012323
v -0.064897 0.092616 0.011023
v -0.065084 0.091940 0.010149
v -0.065179 0.113303 0.013603
v -0.065151 0.113003 0.015493
v -0.065126 0.111980 0.017151
v -0.065107 0.110204 0.018470
v -0.065095 0.108149 0.019268
v -0.065092 0.105919 0.019442
v -0.065100 0.103599 0.018968
v -0.065108 0.101280 0.018401
v -0.065125 0.099050 0.017265
v -0.065144 0.096995 0.015978
v -0.065170 0.095193 0.014183
v -0.065197 0.093715 0.012389
v -0.065217 0.092616 0.011059
v -0.065230 0.091940 0.010166
v -0.065997 0.113303 0.013534
v -0.066338 0.113003 0.015394
v -0.066637 0.111980 0.017024
v -0.066875 0.110204 0.018322
v -0.067020 0.108149 0.019107
v -0.067051 0.105919 0.019279
v -0.066965 0.103599 0.018812
v -0.066863 0.101280 0.018254
v -0.066658 0.099050 0.017137
v -0.066426 0.096995 0.015871
v -0.066102 0.095193 0.014106
v -0.065778 0.093715 0.012340
v -0.065538 0.092616 0.011033
v -0.065376 0.091940 0.010154
v -0.066785 0.113303 0.013308
v -0.067483 0.113003 0.015065
v -0.068094 0.111980 0.016606
v -0.068581 0.110204 0.017832
v -0.068876 0.108149 0.018574
v -0.068940 0.105919 0.018736
v -0.068765 0.103599 0.018295
v -0.068556 0.101280 0.017768
v -0.068137 0.099050 0.016712
v -0.067662 0.096995 0.015516
v -0.067000 0.095193 0.013848
v -0.066338 0.093715 0.012180
v -0.065847 0.092616 0.010944
v -0.065517 0.091940 0.010113
v -0.067515 0.113303 0.012932
v -0.068542 0.113003 0.014519
v -0.069442 0.111980 0.015911
v -0.070159 0.110204 0.017019
v -0.070592 0.108149 0.017689
v -0.070687 0.105919 0.017835
v -0.070429 0.103599 0.017437
v -0.070121 0.101280 0.016961
v -0.069504 0.099050 0.016007
v -0.068805 0.096995 0.014926
v -0.067830 0.095193 0.013419
v -0.066855 0.093715 0.011913
v -0.066133 0.092616 0.010796
v -0.065648 0.091940 0.010046
v -0.068157 0.113303 0.012421
v -0.069474 0.113003 0.013777
v -0.070628 0.111980 0.014967
v -0.071547 0.110204 0.015913
v -0.072103 0.108149 0.016486
v -0.072225 0.105919 0.016611
v -0.071894 0.103599 0.016271
v -0.071499 0.101280 0.015864
v -0.070708 0.099050 0.015049
v -0.069811 0.096995 0.014125
v -0.068561 0.095193 0.012837
v -0.067311 0.093715 0.011550
v -0.066385 0.092616 0.010596
v -0.065762 0.091940 0.009955
v -0.068686 0.113303 0.011794
v -0.070243 0.113003 0.012868
v -0.071607 0.111980 0.013809
v -0.072693 0.110204 0.014558
v -0.073350 0.108149 0.015011
v -0.073494 0.105919 0.015111
v -0.073103 0.103599 0.014841
v -0.072636 0.101280 0.014519
v -0.071701 0.099050 0.013874
v -0.070642 0.096995 0.013143
v -0.069164 0.095193 0.012124
v -0.067687 0.093715 0.011105
v -0.066593 0.092616 0.010350
v -0.065857 0.091940 0.009843
v -0.069084 0.113303 0.011076
v -0.070820 0.113003 0.011826
v -0.072342 0.111980 0.012483
v -0.073553 0.110204 0.013006
v -0.074286 0.108149 0.013322
v -0.074446 0.105919 0.013391
v -0.074010 0.103599 0.013203
v -0.073489 0.101280 0.012978
v -0.072447 0.099050 0.012528
v -0.071265 0.096995 0.012018
v -0.069617 0.095193 0.011307
v -0.067970 0.093715 0.010595
v -0.066749 0.092616 0.010068
v -0.065928 0.091940 0.009714
v -0.069334 0.113303 0.010295
v -0.071183 0.113003 0.010691
v -0.072803 0.111980 0.011039
v -0.074093 0.110204 0.011315
v -0.074874 0.108149 0.011482
v -0.075044 0.105919 0.011519
v -0.074580 0.103599 0.011420
v -0.074026 0.101280 0.011301
v -0.072915 0.099050 0.011063
v -0.071657 0.096995 0.010793
v -0.069902 0.095193 0.010417
v -0.068147 0.093715 0.010040
v -0.066847 0.092616 0.009762
v -0.065973 0.091940 0.009574
v -0.065241 0.091669 0.009418
v -0.069426 0.113303 0.009480
v -0.071317 0.113003 0.009508
v -0.072974 0.111980 0.009532
v -0.074293 0.110204 0.009552
v -0.075091 0.108149 0.009564
v -0.075266 0.105919 0.009566
v -0.074791 0.103599 0.009559
v -0.074224 0.101280 0.009551
v -0.073088 0.099050 0.009534
v -0.071802 0.096995 0.009515
v -0.070007 0.095193 0.009488
v -0.068213 0.093715 0.009462
v -0.066883 0.092616 0.009442
v -0.065989 0.091940 0.009429
v -0.069358 0.113303 0.008662
v -0.071218 0.113003 0.008321
v -0.072848 0.111980 0.008021
v -0.074145 0.110204 0.007783
v -0.074931 0.108149 0.007639
v -0.075102 0.105919 0.007608
v -0.074635 0.103599 0.007693
v -0.074078 0.101280 0.007796
v -0.072960 0.099050 0.008001
v -0.071695 0.096995 0.008233
v -0.069929 0.095193 0.008557
v -0.068164 0.093715 0.008881
v -0.066856 0.092616 0.009121
v -0.065977 0.091940 0.009282
v -0.069131 0.113303 0.007873
v -0.070889 0.113003 0.007176
v -0.072429 0.111980 0.006564
v -0.073655 0.110204 0.006077
v -0.074397 0.108149 0.005783
v -0.074560 0.105919 0.005719
v -0.074118 0.103599 0.005894
v -0.073591 0.101280 0.006103
v -0.072536 0.099050 0.006522
v -0.071339 0.096995 0.006997
v -0.069671 0.095193 0.007659
v -0.068003 0.093715 0.008321
v -0.066767 0.092616 0.008812
v -0.065937 0.091940 0.009141
v -0.068755 0.113303 0.007144
v -0.070343 0.113003 0.006117
v -0.071735 0.111980 0.005217
v -0.072842 0.110204 0.004500
v -0.073512 0.108149 0.004066
v -0.073659 0.105919 0.003972
v -0.073260 0.103599 0.004230
v -0.072784 0.101280 0.004538
v -0.071831 0.099050 0.005155
v -0.070750 0.096995 0.005854
v -0.069243 0.095193 0.006829
v -0.067736 0.093715 0.007803
v -0.066620 0.092616 0.008526
v -0.065869 0.091940 0.009011
v -0.068244 0.113303 0.006502
v -0.069601 0.113003 0.005185
v -0.070790 0.111980 0.004031
v -0.071737 0.110204 0.003112
v -0.072309 0.108149 0.002556
v -0.072435 0.105919 0.002434
v -0.072094 0.103599 0.002765
v -0.071687 0.101280 0.003160
v -0.070872 0.099050 0.003951
v -0.069949 0.096995 0.004847
v -0.068661 0.095193 0.006098
v -0.067373 0.093715 0.007348
v -0.066419 0.092616 0.008274
v -0.065778 0.091940 0.008896
v -0.067618 0.113303 0.005972
v -0.068692 0.113003 0.004416
v -0.069633 0.111980 0.003051
v -0.070382 0.110204 0.001966
v -0.070835 0.108149 0.001309
v -0.070934 0.105919 0.001165
v -0.070665 0.103599 0.001556
v -0.070343 0.101280 0.002022
v -0.069698 0.099050 0.002957
v -0.068967 0.096995 0.004017
v -0.067948 0.095193 0.005494
v -0.066929 0.093715 0.006971
v -0.066174 0.092616 0.008066
v -0.065666 0.091940 0.008801
v -0.065241 0.113080 0.009418
v -0.066900 0.113303 0.005575
v -0.067649 0.113003 0.003839
v -0.068306 0.111980 0.002317
v -0.068829 0.110204 0.001106
v -0.069146 0.108149 0.000373
v -0.069215 0.105919 0.000213
v -0.069027 0.103599 0.000649
v -0.068802 0.101280 0.001169
v -0.068352 0.099050 0.002212
v -0.067842 0.096995 0.003394
v -0.067130 0.095193 0.005042
v -0.066419 0.093715 0.006689
v -0.065892 0.092616 0.007910
v -0.065538 0.091940 0.008730
v -0.066118 0.113303 0.005325
v -0.066515 0.113003 0.003476
v -0.066862 0.111980 0.001855
v -0.067139 0.110204 0.000566
v -0.067306 0.108149 -0.000215
v -0.067343 0.105919 -0.000386
v -0.067243 0.103599 0.000079
v -0.067124 0.101280 0.000633
v -0.066886 0.099050 0.001744
v -0.066616 0.096995 0.003002
v -0.066240 0.095193 0.004757
v -0.065864 0.093715 0.006512
v -0.065585 0.092616 0.007812
v -0.065398 0.091940 0.008686
v -0.065303 0.113303 0.005232
v -0.065331 0.113003 0.003342
v -0.065356 0.111980 0.001685
v -0.065375 0.110204 0.000366
v -0.065387 0.108149 -0.000433
v -0.065390 0.105919 -0.000607
v -0.065383 0.103599 -0.000132
v -0.065374 0.101280 0.000434
v -0.065357 0.099050 0.001570
v -0.065338 0.096995 0.002857
v -0.065312 0.095193 0.004652
v -0.065285 0.093715 0.006446
v -0.065265 0.092616 0.007776
v -0.065252 0.091940 0.008669
v -0.064485 0.113303 0.005301
v -0.064144 0.113003 0.003441
v -0.063845 0.111980 0.001811
v -0.063607 0.110204 0.000513
v -0.063463 0.108149 -0.000272
v -0.063431 0.105919 -0.000444
v -0.063517 0.103599 0.000023
v -0.063619 0.101280 0.000581
v -0.063824 0.099050 0.001698
v -0.064057 0.096995 0.002964
v -0.064381 0.095193 0.004730
v -0.064705 0.093715 0.006495
v -0.064945 0.092616 0.007802
v -0.065106 0.091940 0.008681
v -0.063697 0.113303 0.005527
v -0.062999 0.113003 0.003770
v -0.062388 0.111980 0.002229
v -0.061901 0.110204 0.001003
v -0.061607 0.108149 0.000261
v -0.061542 0.105919 0.000099
v -0.061717 0.103599 0.000540
v -0.061926 0.101280 0.001067
v -0.062346 0.099050 0.002123
v -0.062820 0.096995 0.003319
v -0.063483 0.095193 0.004987
v -0.064145 0.093715 0.006655
v -0.064635 0.092616 0.007891
v -0.064965 0.091940 0.008722
v -0.062968 0.113303 0.005903
v -0.061940 0.113003 0.004316
v -0.061040 0.111980 0.002924
v -0.060324 0.110204 0.001817
v -0.059890 0.108149 0.001146
v -0.059795 0.105919 0.001000
v -0.060053 0.103599 0.001398
v -0.060361 0.101280 0.001874
v -0.060978 0.099050 0.002828
v -0.061677 0.096995 0.003909
v -0.062652 0.095193 0.005416
v -0.063627 0.093715 0.006922
v -0.064349 0.092616 0.008039
v -0.064835 0.091940 0.008789
v -0.062326 0.113303 0.006414
v -0.061009 0.113003 0.005058
v -0.059854 0.111980 0.003868
v -0.058935 0.110204 0.002922
v -0.058379 0.108149 0.002349
v -0.058258 0.105919 0.002224
v -0.058588 0.103599 0.002565
v -0.058983 0.101280 0.002971
v -0.059774 0.099050 0.003786
v -0.060671 0.096995 0.004710
v -0.061921 0.095193 0.005998
v -0.063171 0.093715 0.007285
v -0.064097 0.092616 0.008239
v -0.064720 0.091940 0.008881
v -0.061796 0.113303 0.007041
v -0.060239 0.113003 0.005967
v -0.058875 0.111980 0.005026
v -0.057789 0.110204 0.004277
v -0.057132 0.108149 0.003824
v -0.056988 0.105919 0.003725
v -0.057379 0.103599 0.003994
v -0.057846 0.101280 0.004316
v -0.058781 0.099050 0.004961
v -0.059840 0.096995 0.005692
v -0.061318 0.095193 0.006711
v -0.062795 0.093715 0.007730
v -0.063889 0.092616 0.008485
v -0.064625 0.091940 0.008993
v -0.061398 0.113303 0.007759
v -0.059662 0.113003 0.007009
v -0.058141 0.111980 0.006352
v -0.056929 0.110204 0.005830
v -0.056197 0.108149 0.005513
v -0.056036 0.105919 0.005444
v -0.056472 0.103599 0.005632
v -0.056993 0.101280 0.005857
v -0.058036 0.099050 0.006307
v -0.059217 0.096995 0.006817
v -0.060865 0.095193 0.007528
v -0.062513 0.093715 0.008240
v -0.063734 0.092616 0.008767
v -0.064554 0.091940 0.009121
v -0.061149 0.113303 0.008540
v -0.059300 0.113003 0.008144
v -0.057679 0.111980 0.007796
v -0.056389 0.110204 0.007520
v -0.055609 0.108149 0.007353
v -0.055438 0.105919 0.007316
v -0.055902 0.103599 0.007416
v -0.056457 0.101280 0.007534
v -0.057567 0.099050 0.007773
v -0.058826 0.096995 0.008042
v -0.060581 0.095193 0.008418
v -0.062335 0.093715 0.008795
v -0.063636 0.092616 0.009073
v -0.064509 0.091940 0.009261
v -0.061056 0.113303 0.009355
v -0.059165 0.113003 0.009327
v -0.057508 0.111980 0.009303
v -0.056189 0.110204 0.009283
v -0.055391 0.108149 0.009272
v -0.055216 0.105919 0.009269
v -0.055691 0.103599 0.009276
v -0.056258 0.101280 0.009284
v -0.057394 0.099050 0.009301
v -0.058681 0.096995 0.009320
v -0.060475 0.095193 0.009347
v -0.062270 0.093715 0.009373
v -0.063599 0.092616 0.009393
v -0.064493 0.091940 0.009406
v -0.061124 0.113303 0.010173
v -0.059264 0.113003 0.010515
v -0.057634 0.111980 0.010814
v -0.056337 0.110204 0.011052
v -0.055552 0.108149 0.011196
v -0.055380 0.105919 0.011227
v -0.055847 0.103599 0.011142
v -0.056405 0.101280 0.011039
v -0.057522 0.099050 0.010834
v -0.058788 0.096995 0.010602
v -0.060553 0.095193 0.010278
v -0.062318 0.093715 0.009954
v -0.063626 0.092616 0.009714
v -0.064505 0.091940 0.009553
v -0.057947 0.099050 0.012313
v -0.059143 0.096995 0.011838
v -0.060811 0.095193 0.011176
v -0.063715 0.092616 0.010023
v -0.064545 0.091940 0.009694
v -0.063086 0.113212 0.010273
v -0.063294 0.113212 0.010677
v -0.063577 0.113212 0.011033
v -0.063924 0.113212 0.011326
v -0.064322 0.113212 0.011547
v -0.064755 0.113212 0.011685
v -0.065207 0.113212 0.011736
v -0.065660 0.113212 0.011699
v -0.066097 0.113212 0.011573
v -0.066501 0.113212 0.011365
v -0.066856 0.113212 0.011081
v -0.067150 0.113212 0.010734
v -0.067370 0.113212 0.010337
v -0.067509 0.113212 0.009904
v -0.067560 0.113212 0.009452
v -0.067522 0.113212 0.008999
v -0.067397 0.113212 0.008562
v -0.067188 0.113212 0.008158
v -0.066905 0.113212 0.007802
v -0.066558 0.113212 0.007509
v -0.066160 0.113212 0.007288
v -0.065727 0.113212 0.007150
v -0.065275 0.113212 0.007099
v -0.064822 0.113212 0.007137
v -0.064385 0.113212 0.007262
v -0.063981 0.113212 0.007470
v -0.063626 0.113212 0.007754
v -0.063332 0.113212 0.008101
v -0.063122 0.113212 0.008523
v -0.063007 0.113212 0.009016
v -0.062915 0.113212 0.009462
v -0.063023 0.113212 0.009994
vt 0.583663 0.691762
vt 0.585971 0.684562
vt 0.590617 0.686100
vt 0.587473 0.693334
vt 0.589696 0.644215
vt 0.588825 0.638497
vt 0.592397 0.637564
vt 0.594167 0.643376
vt 0.580760 0.699343
vt 0.583507 0.700691
vt 0.590246 0.650554
vt 0.595477 0.650039
vt 0.577718 0.706338
vt 0.579419 0.707261
vt 0.590347 0.656817
vt 0.596046 0.656753
vt 0.575327 0.711510
vt 0.576251 0.712041
vt 0.590007 0.663176
vt 0.595869 0.663627
vt 0.573721 0.714798
vt 0.574128 0.715053
vt 0.589178 0.670074
vt 0.594893 0.671015
vt 0.587571 0.626257
vt 0.584198 0.619321
vt 0.588869 0.625485
vt 0.572477 0.717102
vt 0.587857 0.677125
vt 0.593179 0.678437
vt 0.587611 0.632653
vt 0.590130 0.631848
vt 0.598790 0.680194
vt 0.595354 0.688165
vt 0.592513 0.630561
vt 0.595940 0.635982
vt 0.591240 0.695435
vt 0.598826 0.641855
vt 0.586107 0.702456
vt 0.601122 0.648972
vt 0.580977 0.708439
vt 0.602314 0.656396
vt 0.577085 0.712710
vt 0.602314 0.664100
vt 0.574490 0.715378
vt 0.601022 0.672222
vt 0.633823 0.624035
vt 0.639999 0.619321
vt 0.634886 0.625133
vt 0.624709 0.711626
vt 0.622110 0.706478
vt 0.623913 0.705759
vt 0.625693 0.711200
vt 0.611905 0.659356
vt 0.613372 0.651852
vt 0.619461 0.653421
vt 0.618219 0.660162
vt 0.626503 0.714885
vt 0.626936 0.714669
vt 0.611527 0.667361
vt 0.617640 0.667469
vt 0.636128 0.625997
vt 0.627985 0.717080
vt 0.611972 0.675433
vt 0.617694 0.674963
vt 0.613461 0.683721
vt 0.618427 0.682832
vt 0.624062 0.632681
vt 0.628882 0.628073
vt 0.630924 0.629964
vt 0.627265 0.635118
vt 0.615656 0.691566
vt 0.619723 0.690467
vt 0.619791 0.638003
vt 0.624159 0.640543
vt 0.618786 0.699455
vt 0.621696 0.698431
vt 0.616003 0.644703
vt 0.621415 0.646906
vt 0.633206 0.631395
vt 0.630601 0.636880
vt 0.623226 0.682412
vt 0.623734 0.689868
vt 0.628430 0.642345
vt 0.624661 0.697832
vt 0.626488 0.648490
vt 0.625790 0.705320
vt 0.625042 0.654621
vt 0.626725 0.710934
vt 0.624008 0.660906
vt 0.627394 0.714530
vt 0.623351 0.667761
vt 0.637500 0.626604
vt 0.623086 0.674852
vt 0.630332 0.655534
vt 0.629487 0.661581
vt 0.627782 0.710832
vt 0.627867 0.714472
vt 0.628792 0.668184
vt 0.638953 0.626943
vt 0.628265 0.675037
vt 0.627893 0.682399
vt 0.635643 0.632378
vt 0.634013 0.638066
vt 0.627687 0.689720
vt 0.632641 0.643562
vt 0.627637 0.697636
vt 0.631362 0.649600
vt 0.627700 0.705161
vt 0.632479 0.682759
vt 0.631592 0.689993
vt 0.637480 0.638730
vt 0.636840 0.644272
vt 0.630596 0.697828
vt 0.636157 0.650306
vt 0.629608 0.705282
vt 0.635499 0.656198
vt 0.628839 0.710894
vt 0.634827 0.662185
vt 0.628340 0.714497
vt 0.634103 0.668713
vt 0.640442 0.627006
vt 0.633333 0.675483
vt 0.638177 0.632923
vt 0.629875 0.711120
vt 0.628803 0.714601
vt 0.640179 0.662725
vt 0.639414 0.669351
vt 0.641919 0.626788
vt 0.638387 0.676186
vt 0.637037 0.683484
vt 0.640758 0.633031
vt 0.640992 0.638890
vt 0.635458 0.690682
vt 0.641078 0.644502
vt 0.633511 0.698404
vt 0.640983 0.650633
vt 0.631480 0.705678
vt 0.640688 0.656632
vt 0.639292 0.691799
vt 0.636356 0.699366
vt 0.645404 0.644234
vt 0.645949 0.650570
vt 0.633282 0.706345
vt 0.646047 0.656833
vt 0.630864 0.711504
vt 0.645700 0.663212
vt 0.629243 0.714784
vt 0.644859 0.670119
vt 0.643336 0.626292
vt 0.643525 0.677170
vt 0.641617 0.684598
vt 0.643338 0.632695
vt 0.644540 0.638532
vt 0.644640 0.625528
vt 0.629648 0.715041
vt 0.650579 0.671068
vt 0.648848 0.678494
vt 0.646263 0.686153
vt 0.645860 0.631899
vt 0.648107 0.637607
vt 0.643097 0.693383
vt 0.649870 0.643403
vt 0.639098 0.700727
vt 0.651180 0.650058
vt 0.634978 0.707277
vt 0.651749 0.656776
vt 0.631786 0.712040
vt 0.651567 0.663667
vt 0.654518 0.641885
vt 0.656821 0.648988
vt 0.641691 0.702504
vt 0.636530 0.708463
vt 0.658026 0.656419
vt 0.632616 0.712714
vt 0.658026 0.664145
vt 0.630008 0.715367
vt 0.656717 0.672288
vt 0.695368 0.619321
vt 0.690279 0.625192
vt 0.689203 0.624098
vt 0.654461 0.680267
vt 0.650999 0.688233
vt 0.648245 0.630624
vt 0.651642 0.636034
vt 0.646859 0.695499
vt 0.667766 0.675777
vt 0.667239 0.667714
vt 0.673352 0.667761
vt 0.673478 0.675251
vt 0.691532 0.626050
vt 0.669335 0.684039
vt 0.674285 0.683103
vt 0.679472 0.632852
vt 0.684273 0.628188
vt 0.686338 0.630070
vt 0.682706 0.635271
vt 0.671602 0.691847
vt 0.675651 0.690712
vt 0.675232 0.638228
vt 0.679635 0.640739
vt 0.674800 0.699688
vt 0.677693 0.698640
vt 0.671494 0.644982
vt 0.676939 0.647141
vt 0.678181 0.706662
vt 0.679973 0.705928
vt 0.668927 0.652173
vt 0.675041 0.653687
vt 0.680821 0.711772
vt 0.681799 0.711338
vt 0.667535 0.659703
vt 0.673861 0.660446
vt 0.682642 0.715006
vt 0.683071 0.714786
vt 0.684141 0.717179
vt 0.680645 0.698014
vt 0.681841 0.705473
vt 0.682036 0.648685
vt 0.680640 0.654838
vt 0.682826 0.711063
vt 0.679661 0.661139
vt 0.683527 0.714644
vt 0.679065 0.668001
vt 0.692912 0.626650
vt 0.678865 0.675090
vt 0.679073 0.682640
vt 0.688638 0.631489
vt 0.686066 0.637012
vt 0.679648 0.690076
vt 0.683932 0.642510
vt 0.694374 0.626979
vt 0.684041 0.675230
vt 0.683732 0.682585
vt 0.691091 0.632458
vt 0.689498 0.638176
vt 0.683592 0.689893
vt 0.688162 0.643697
vt 0.683613 0.697791
vt 0.686927 0.649757
vt 0.683745 0.705297
vt 0.685942 0.655708
vt 0.683879 0.710951
vt 0.685150 0.661767
vt 0.683997 0.714582
vt 0.684510 0.668376
vt 0.691733 0.650428
vt 0.691116 0.656332
vt 0.685649 0.705400
vt 0.684934 0.711004
vt 0.690500 0.662328
vt 0.684469 0.714601
vt 0.689826 0.668863
vt 0.695868 0.627031
vt 0.689108 0.675633
vt 0.688314 0.682904
vt 0.693638 0.632986
vt 0.692980 0.638817
vt 0.687490 0.690132
vt 0.692376 0.644378
vt 0.686566 0.697957
vt 0.694161 0.676296
vt 0.692869 0.683591
vt 0.696229 0.633076
vt 0.696503 0.638953
vt 0.691353 0.690785
vt 0.696626 0.644581
vt 0.689479 0.698505
vt 0.696564 0.650725
vt 0.687520 0.705778
vt 0.696295 0.656720
vt 0.685969 0.711219
vt 0.695876 0.662830
vt 0.684931 0.714700
vt 0.695142 0.669462
vt 0.697349 0.626802
vt 0.689322 0.706427
vt 0.686959 0.711593
vt 0.701659 0.656908
vt 0.701397 0.663291
vt 0.685372 0.714878
vt 0.700583 0.670197
vt 0.698768 0.626294
vt 0.699294 0.677242
vt 0.697446 0.684665
vt 0.698816 0.632722
vt 0.700062 0.638571
vt 0.695187 0.691867
vt 0.700964 0.644288
vt 0.692325 0.699439
vt 0.701542 0.650638
vt 0.702091 0.686179
vt 0.698994 0.693414
vt 0.703637 0.637619
vt 0.705442 0.643427
vt 0.695071 0.700771
vt 0.706794 0.650101
vt 0.691022 0.707340
vt 0.707403 0.656844
vt 0.687883 0.712118
vt 0.707226 0.663729
vt 0.685779 0.715130
vt 0.706286 0.671113
vt 0.700072 0.625517
vt 0.704609 0.678526
vt 0.701342 0.631905
vt 0.688716 0.712783
vt 0.686141 0.715453
vt 0.713682 0.664188
vt 0.712408 0.672296
vt 0.750488 0.712507
vt 0.744469 0.717514
vt 0.749371 0.711446
vt 0.710213 0.680253
vt 0.706826 0.688215
vt 0.703728 0.630608
vt 0.707176 0.636017
vt 0.702762 0.695491
vt 0.710102 0.641877
vt 0.697672 0.702520
vt 0.712452 0.649004
vt 0.692581 0.708508
vt 0.713682 0.656466
vt 0.764008 0.697847
vt 0.759945 0.703387
vt 0.756617 0.701074
vt 0.759506 0.695485
vt 0.762229 0.636412
vt 0.765701 0.644108
vt 0.761707 0.645387
vt 0.759384 0.637561
vt 0.767514 0.690944
vt 0.761983 0.688974
vt 0.758609 0.629588
vt 0.756850 0.630383
vt 0.769827 0.683647
vt 0.763651 0.682352
vt 0.755797 0.624590
vt 0.754838 0.625057
vt 0.770945 0.676057
vt 0.764588 0.675543
vt 0.753865 0.621433
vt 0.753445 0.621668
vt 0.770945 0.668033
vt 0.764833 0.668209
vt 0.748084 0.710630
vt 0.752293 0.619321
vt 0.770120 0.659997
vt 0.764436 0.660731
vt 0.768249 0.651810
vt 0.763345 0.652924
vt 0.755292 0.708232
vt 0.753155 0.706416
vt 0.758760 0.675057
vt 0.759114 0.668174
vt 0.746678 0.710076
vt 0.752996 0.621826
vt 0.759063 0.661085
vt 0.758586 0.653560
vt 0.750799 0.705072
vt 0.753187 0.699444
vt 0.757746 0.646165
vt 0.755138 0.693858
vt 0.756466 0.638292
vt 0.756824 0.687606
vt 0.755007 0.630904
vt 0.758007 0.681399
vt 0.753824 0.625369
vt 0.753821 0.646490
vt 0.753517 0.638620
vt 0.750857 0.692813
vt 0.751890 0.686700
vt 0.753116 0.631148
vt 0.752675 0.680719
vt 0.752779 0.625519
vt 0.753244 0.674620
vt 0.752530 0.621905
vt 0.753657 0.667988
vt 0.745200 0.709795
vt 0.753890 0.661128
vt 0.753940 0.653780
vt 0.748304 0.704185
vt 0.749706 0.698394
vt 0.743699 0.709795
vt 0.752059 0.621903
vt 0.748329 0.667680
vt 0.748820 0.660899
vt 0.749361 0.653622
vt 0.745731 0.703743
vt 0.746192 0.697870
vt 0.749927 0.646390
vt 0.746610 0.692271
vt 0.750569 0.638562
vt 0.747057 0.686185
vt 0.751216 0.631114
vt 0.747492 0.680252
vt 0.751725 0.625504
vt 0.747860 0.674228
vt 0.742341 0.692209
vt 0.742201 0.686041
vt 0.747648 0.638120
vt 0.749338 0.630804
vt 0.742280 0.680011
vt 0.750687 0.625327
vt 0.742485 0.673894
vt 0.751595 0.621821
vt 0.743005 0.667254
vt 0.742221 0.710076
vt 0.743759 0.660409
vt 0.744798 0.653096
vt 0.743129 0.703741
vt 0.742652 0.697853
vt 0.746056 0.645876
vt 0.737556 0.666696
vt 0.738613 0.659638
vt 0.740815 0.710635
vt 0.740202 0.652184
vt 0.740544 0.704186
vt 0.739093 0.698358
vt 0.742199 0.644935
vt 0.737995 0.692647
vt 0.744780 0.637291
vt 0.737210 0.686288
vt 0.747519 0.630223
vt 0.736901 0.679996
vt 0.749687 0.624990
vt 0.736954 0.673605
vt 0.751149 0.621660
vt 0.741997 0.636063
vt 0.745793 0.629374
vt 0.731952 0.686990
vt 0.731167 0.680229
vt 0.748747 0.624500
vt 0.731098 0.673336
vt 0.750735 0.621423
vt 0.731848 0.665960
vt 0.739533 0.711460
vt 0.733282 0.658537
vt 0.735527 0.650839
vt 0.738037 0.705094
vt 0.735535 0.699435
vt 0.738354 0.643529
vt 0.733524 0.693660
vt 0.727661 0.657011
vt 0.730747 0.648980
vt 0.735687 0.706479
vt 0.732035 0.701168
vt 0.734531 0.641597
vt 0.728887 0.695381
vt 0.739344 0.634415
vt 0.726268 0.688281
vt 0.744198 0.628267
vt 0.724769 0.680755
vt 0.747892 0.623868
vt 0.724741 0.673017
vt 0.750362 0.621115
vt 0.725753 0.664973
vt 0.578061 0.624067
vt 0.579128 0.625156
vt 0.569169 0.711665
vt 0.566540 0.706528
vt 0.568341 0.705799
vt 0.570151 0.711234
vt 0.556106 0.659153
vt 0.557825 0.651667
vt 0.563794 0.653300
vt 0.562537 0.660049
vt 0.570982 0.714916
vt 0.571414 0.714697
vt 0.555726 0.667293
vt 0.561911 0.667404
vt 0.580455 0.625987
vt 0.556209 0.675438
vt 0.561970 0.674946
vt 0.557747 0.683763
vt 0.562732 0.682847
vt 0.568397 0.632732
vt 0.573162 0.628123
vt 0.575207 0.629995
vt 0.571588 0.635140
vt 0.559990 0.691627
vt 0.564064 0.690504
vt 0.564185 0.638026
vt 0.568515 0.640537
vt 0.563173 0.699516
vt 0.566082 0.698475
vt 0.560450 0.644651
vt 0.565785 0.646847
vt 0.577486 0.631410
vt 0.574911 0.636884
vt 0.567548 0.682408
vt 0.568081 0.689886
vt 0.572759 0.642326
vt 0.569049 0.697859
vt 0.570819 0.648439
vt 0.570217 0.705349
vt 0.569343 0.654543
vt 0.571183 0.710962
vt 0.568350 0.660838
vt 0.571872 0.714556
vt 0.567658 0.667709
vt 0.582033 0.626529
vt 0.567390 0.674826
vt 0.574628 0.655485
vt 0.573829 0.661534
vt 0.572240 0.710854
vt 0.572343 0.714496
vt 0.573114 0.668140
vt 0.583451 0.626991
vt 0.572581 0.675007
vt 0.572214 0.682388
vt 0.579921 0.632380
vt 0.578313 0.638057
vt 0.572052 0.689723
vt 0.576953 0.643535
vt 0.572029 0.697649
vt 0.575675 0.649555
vt 0.572128 0.705181
vt 0.576808 0.682731
vt 0.575963 0.689982
vt 0.581772 0.638712
vt 0.581142 0.644238
vt 0.574992 0.697829
vt 0.580464 0.650260
vt 0.574038 0.705292
vt 0.579811 0.656148
vt 0.573298 0.710911
vt 0.579157 0.662135
vt 0.572817 0.714517
vt 0.578428 0.668671
vt 0.585223 0.626849
vt 0.577657 0.675449
vt 0.582453 0.632915
vt 0.574335 0.711131
vt 0.573280 0.714618
vt 0.584520 0.662677
vt 0.583742 0.669307
vt 0.586158 0.626761
vt 0.582716 0.676147
vt 0.581373 0.683451
vt 0.585032 0.633016
vt 0.585276 0.638866
vt 0.579834 0.690657
vt 0.585369 0.644461
vt 0.577911 0.698392
vt 0.585283 0.650582
vt 0.575913 0.705679
vt 0.585002 0.656571
vn 0.7301 -0.6188 0.2898
vn 0.8094 -0.4916 0.3213
vn 0.7311 -0.4916 0.4730
vn 0.6596 -0.6188 0.4267
vn 0.6341 0.7311 0.2517
vn 0.3331 0.9336 0.1322
vn 0.3009 0.9336 0.1947
vn 0.5729 0.7311 0.3706
vn 0.6270 -0.7382 0.2489
vn 0.5664 -0.7382 0.3664
vn 0.8154 0.4800 0.3236
vn 0.7366 0.4800 0.4765
vn 0.5914 -0.7714 0.2348
vn 0.5343 -0.7714 0.3457
vn 0.9066 0.2204 0.3598
vn 0.8189 0.2204 0.5298
vn 0.5773 -0.7837 0.2292
vn 0.5216 -0.7837 0.3374
vn 0.9277 -0.0613 0.3682
vn 0.8380 -0.0613 0.5422
vn 0.4505 -0.8747 0.1788
vn 0.4069 -0.8747 0.2633
vn 0.9069 -0.2188 0.3600
vn 0.8193 -0.2188 0.5300
vn -0.0442 0.9986 -0.0286
vn -0.0001 1.0000 0.0000
vn -0.0378 0.9986 -0.0367
vn 0.0000 -1.0000 0.0000
vn 0.8721 -0.3457 0.3462
vn 0.7878 -0.3457 0.5097
vn 0.0564 0.9981 0.0226
vn 0.0510 0.9981 0.0330
vn 0.6733 -0.3457 0.6536
vn 0.6248 -0.4916 0.6066
vn 0.0435 0.9981 0.0423
vn 0.2571 0.9336 0.2496
vn 0.5636 -0.6188 0.5472
vn 0.4895 0.7311 0.4752
vn 0.4840 -0.7382 0.4699
vn 0.6294 0.4800 0.6111
vn 0.4566 -0.7714 0.4433
vn 0.6999 0.2204 0.6794
vn 0.4457 -0.7837 0.4327
vn 0.7161 -0.0613 0.6952
vn 0.3477 -0.8747 0.3376
vn 0.7001 -0.2188 0.6796
vn -0.0299 0.9986 -0.0434
vn 0.3613 -0.7714 0.5238
vn 0.3527 -0.7837 0.5113
vn 0.5538 0.2204 0.8029
vn 0.5668 -0.0613 0.8216
vn 0.2752 -0.8747 0.3989
vn 0.5541 -0.2188 0.8032
vn -0.0209 0.9986 -0.0484
vn 0.5328 -0.3457 0.7724
vn 0.4945 -0.4916 0.7168
vn 0.0345 0.9981 0.0500
vn 0.2035 0.9336 0.2950
vn 0.4461 -0.6188 0.6466
vn 0.3874 0.7311 0.5616
vn 0.3830 -0.7382 0.5553
vn 0.4981 0.4800 0.7221
vn 0.0240 0.9981 0.0558
vn 0.1420 0.9336 0.3291
vn 0.3451 -0.4916 0.7995
vn 0.3113 -0.6188 0.7212
vn 0.2704 0.7311 0.6264
vn 0.2673 -0.7382 0.6193
vn 0.3477 0.4800 0.8054
vn 0.2522 -0.7714 0.5842
vn 0.3866 0.2204 0.8955
vn 0.2462 -0.7837 0.5703
vn 0.3956 -0.0613 0.9163
vn 0.1921 -0.8747 0.4450
vn 0.3867 -0.2188 0.8958
vn -0.0110 0.9986 -0.0515
vn 0.3719 -0.3457 0.8615
vn 0.2044 0.2204 0.9537
vn 0.2092 -0.0613 0.9759
vn 0.1302 -0.7837 0.6074
vn 0.1016 -0.8747 0.4739
vn 0.2045 -0.2188 0.9541
vn -0.0008 0.9986 -0.0527
vn 0.1967 -0.3457 0.9175
vn 0.1825 -0.4916 0.8515
vn 0.0127 0.9981 0.0594
vn 0.0751 0.9335 0.3504
vn 0.1646 -0.6188 0.7681
vn 0.1430 0.7311 0.6671
vn 0.1414 -0.7382 0.6596
vn 0.1839 0.4800 0.8578
vn 0.1334 -0.7714 0.6222
vn 0.0129 -0.4916 0.8707
vn 0.0116 -0.6188 0.7855
vn 0.0053 0.9336 0.3583
vn 0.0101 0.7311 0.6822
vn 0.0100 -0.7382 0.6745
vn 0.0130 0.4799 0.8772
vn 0.0094 -0.7714 0.6363
vn 0.0144 0.2204 0.9753
vn 0.0092 -0.7837 0.6211
vn 0.0148 -0.0613 0.9980
vn 0.0072 -0.8747 0.4846
vn 0.0144 -0.2188 0.9756
vn 0.0095 0.9986 -0.0518
vn 0.0139 -0.3457 0.9382
vn 0.0009 0.9981 0.0607
vn -0.1121 -0.7837 0.6110
vn -0.0875 -0.8747 0.4767
vn -0.1802 -0.0613 0.9817
vn -0.1762 -0.2188 0.9597
vn 0.0194 0.9986 -0.0490
vn -0.1694 -0.3457 0.9229
vn -0.1572 -0.4916 0.8565
vn -0.0110 0.9981 0.0597
vn -0.0647 0.9336 0.3525
vn -0.1418 -0.6188 0.7726
vn -0.1232 0.7311 0.6711
vn -0.1218 -0.7382 0.6635
vn -0.1584 0.4799 0.8628
vn -0.1149 -0.7714 0.6259
vn -0.1761 0.2204 0.9593
vn -0.2898 -0.6188 0.7301
vn -0.2489 -0.7382 0.6270
vn -0.2517 0.7311 0.6341
vn -0.3236 0.4800 0.8154
vn -0.2348 -0.7714 0.5914
vn -0.3598 0.2204 0.9066
vn -0.2292 -0.7836 0.5773
vn -0.3682 -0.0613 0.9277
vn -0.1788 -0.8747 0.4505
vn -0.3600 -0.2188 0.9069
vn 0.0286 0.9986 -0.0442
vn -0.3462 -0.3457 0.8721
vn -0.3213 -0.4916 0.8094
vn -0.0224 0.9981 0.0564
vn -0.1322 0.9336 0.3331
vn 0.0367 0.9986 -0.0378
vn -0.2633 -0.8747 0.4069
vn -0.5300 -0.2188 0.8193
vn -0.5097 -0.3457 0.7878
vn -0.4730 -0.4916 0.7311
vn -0.0330 0.9981 0.0510
vn -0.1947 0.9336 0.3009
vn -0.4267 -0.6188 0.6596
vn -0.3706 0.7311 0.5729
vn -0.3664 -0.7382 0.5664
vn -0.4765 0.4799 0.7366
vn -0.3457 -0.7714 0.5343
vn -0.5298 0.2204 0.8189
vn -0.3374 -0.7837 0.5216
vn -0.5422 -0.0613 0.8380
vn -0.4752 0.7311 0.4895
vn -0.6111 0.4800 0.6294
vn -0.4699 -0.7382 0.4840
vn -0.4433 -0.7714 0.4566
vn -0.6794 0.2204 0.6999
vn -0.4327 -0.7837 0.4457
vn -0.6952 -0.0613 0.7161
vn -0.3376 -0.8747 0.3477
vn -0.6796 -0.2188 0.7001
vn 0.0434 0.9986 -0.0299
vn -0.6536 -0.3457 0.6733
vn -0.6066 -0.4916 0.6248
vn -0.0423 0.9981 0.0435
vn -0.2496 0.9336 0.2571
vn -0.5472 -0.6188 0.5636
vn -0.8032 -0.2188 0.5541
vn -0.7724 -0.3457 0.5328
vn 0.0484 0.9986 -0.0209
vn -0.7168 -0.4916 0.4945
vn -0.0500 0.9981 0.0345
vn -0.2950 0.9336 0.2035
vn -0.6466 -0.6188 0.4461
vn -0.5616 0.7311 0.3874
vn -0.5553 -0.7382 0.3830
vn -0.7221 0.4800 0.4981
vn -0.5238 -0.7714 0.3613
vn -0.8029 0.2204 0.5538
vn -0.5113 -0.7837 0.3527
vn -0.8216 -0.0613 0.5668
vn -0.3989 -0.8747 0.2752
vn -0.6193 -0.7382 0.2673
vn -0.5842 -0.7714 0.2522
vn -0.8054 0.4800 0.3477
vn -0.8955 0.2204 0.3866
vn -0.5703 -0.7837 0.2462
vn -0.9163 -0.0613 0.3956
vn -0.4450 -0.8747 0.1921
vn -0.8958 -0.2188 0.3867
vn 0.0515 0.9986 -0.0110
vn -0.8615 -0.3457 0.3719
vn -0.7995 -0.4916 0.3451
vn -0.0558 0.9981 0.0240
vn -0.3291 0.9336 0.1420
vn -0.7212 -0.6188 0.3113
vn -0.6264 0.7311 0.2704
vn 0.0527 0.9986 -0.0008
vn -0.9175 -0.3457 0.1967
vn -0.8515 -0.4916 0.1825
vn -0.0594 0.9981 0.0127
vn -0.3504 0.9336 0.0751
vn -0.7681 -0.6188 0.1646
vn -0.6671 0.7311 0.1430
vn -0.6596 -0.7382 0.1414
vn -0.8578 0.4800 0.1839
vn -0.6222 -0.7714 0.1334
vn -0.9537 0.2204 0.2044
vn -0.6074 -0.7837 0.1302
vn -0.9759 -0.0613 0.2092
vn -0.4739 -0.8747 0.1016
vn -0.9541 -0.2188 0.2045
vn -0.8772 0.4800 0.0130
vn -0.9753 0.2204 0.0144
vn -0.6363 -0.7714 0.0094
vn -0.6211 -0.7837 0.0092
vn -0.9980 -0.0613 0.0148
vn -0.4846 -0.8747 0.0071
vn -0.9756 -0.2188 0.0144
vn 0.0518 0.9986 0.0095
vn -0.9382 -0.3457 0.0139
vn -0.8707 -0.4916 0.0129
vn -0.0607 0.9981 0.0009
vn -0.3583 0.9336 0.0053
vn -0.7855 -0.6188 0.0116
vn -0.6822 0.7311 0.0101
vn -0.6745 -0.7382 0.0100
vn -0.9229 -0.3457 -0.1694
vn -0.8565 -0.4916 -0.1572
vn -0.0597 0.9981 -0.0110
vn -0.3525 0.9336 -0.0647
vn -0.7726 -0.6188 -0.1418
vn -0.6711 0.7311 -0.1232
vn -0.6635 -0.7382 -0.1218
vn -0.8628 0.4800 -0.1584
vn -0.6259 -0.7714 -0.1149
vn -0.9593 0.2204 -0.1761
vn -0.6110 -0.7837 -0.1121
vn -0.9817 -0.0613 -0.1802
vn -0.4767 -0.8747 -0.0875
vn -0.9597 -0.2188 -0.1762
vn 0.0490 0.9986 0.0194
vn -0.5914 -0.7714 -0.2348
vn -0.5773 -0.7837 -0.2292
vn -0.9066 0.2204 -0.3598
vn -0.9277 -0.0613 -0.3682
vn -0.4505 -0.8747 -0.1788
vn -0.9069 -0.2188 -0.3600
vn 0.0442 0.9986 0.0286
vn -0.8721 -0.3457 -0.3462
vn -0.8094 -0.4916 -0.3213
vn -0.0564 0.9981 -0.0224
vn -0.3331 0.9336 -0.1322
vn -0.7301 -0.6188 -0.2898
vn -0.6341 0.7311 -0.2517
vn -0.6270 -0.7382 -0.2489
vn -0.8154 0.4799 -0.3236
vn -0.7311 -0.4916 -0.4730
vn -0.6596 -0.6188 -0.4267
vn -0.3009 0.9336 -0.1947
vn -0.5729 0.7311 -0.3706
vn -0.5664 -0.7382 -0.3664
vn -0.7366 0.4800 -0.4765
vn -0.5343 -0.7714 -0.3457
vn -0.8189 0.2204 -0.5298
vn -0.5215 -0.7837 -0.3374
vn -0.8380 -0.0613 -0.5421
vn -0.4069 -0.8747 -0.2633
vn -0.8193 -0.2188 -0.5300
vn 0.0378 0.9986 0.0367
vn -0.7878 -0.3457 -0.5097
vn -0.0510 0.9981 -0.0330
vn -0.4457 -0.7837 -0.4327
vn -0.3477 -0.8747 -0.3376
vn -0.7161 -0.0613 -0.6952
vn -0.7001 -0.2188 -0.6796
vn 0.0299 0.9986 0.0434
vn -0.6733 -0.3457 -0.6536
vn -0.6248 -0.4916 -0.6066
vn -0.0435 0.9981 -0.0423
vn -0.2571 0.9336 -0.2496
vn -0.5636 -0.6188 -0.5472
vn -0.4895 0.7311 -0.4752
vn -0.4840 -0.7382 -0.4699
vn -0.6294 0.4800 -0.6111
vn -0.4566 -0.7714 -0.4433
vn -0.6999 0.2204 -0.6794
vn -0.2035 0.9336 -0.2950
vn -0.3874 0.7311 -0.5616
vn -0.4461 -0.6188 -0.6466
vn -0.3830 -0.7382 -0.5553
vn -0.4981 0.4800 -0.7221
vn -0.3613 -0.7714 -0.5238
vn -0.5538 0.2204 -0.8029
vn -0.3527 -0.7837 -0.5113
vn -0.5668 -0.0613 -0.8216
vn -0.2752 -0.8747 -0.3989
vn -0.5541 -0.2188 -0.8032
vn 0.0209 0.9986 0.0484
vn -0.5328 -0.3457 -0.7724
vn -0.4945 -0.4916 -0.7168
vn -0.0345 0.9981 -0.0500
vn -0.3956 -0.0613 -0.9163
vn -0.3867 -0.2188 -0.8958
vn 0.0110 0.9986 0.0515
vn -0.1921 -0.8747 -0.4450
vn -0.3719 -0.3457 -0.8615
vn -0.3451 -0.4916 -0.7995
vn -0.0240 0.9981 -0.0558
vn -0.1420 0.9336 -0.3291
vn -0.3113 -0.6188 -0.7212
vn -0.2704 0.7311 -0.6264
vn -0.2673 -0.7382 -0.6193
vn -0.3477 0.4800 -0.8054
vn -0.2522 -0.7714 -0.5842
vn -0.3866 0.2204 -0.8955
vn -0.2462 -0.7837 -0.5703
vn -0.1646 -0.6188 -0.7681
vn -0.1414 -0.7382 -0.6596
vn -0.1430 0.7311 -0.6671
vn -0.1839 0.4800 -0.8578
vn -0.1334 -0.7714 -0.6222
vn -0.2044 0.2204 -0.9537
vn -0.1302 -0.7837 -0.6074
vn -0.2092 -0.0613 -0.9759
vn -0.1016 -0.8747 -0.4739
vn -0.2045 -0.2188 -0.9541
vn 0.0008 0.9986 0.0527
vn -0.1967 -0.3457 -0.9175
vn -0.1825 -0.4916 -0.8515
vn -0.0127 0.9981 -0.0594
vn -0.0751 0.9336 -0.3504
vn -0.0095 0.9986 0.0518
vn -0.0072 -0.8747 -0.4846
vn -0.0144 -0.2188 -0.9756
vn -0.0139 -0.3457 -0.9382
vn -0.0129 -0.4916 -0.8707
vn -0.0009 0.9981 -0.0607
vn -0.0053 0.9336 -0.3583
vn -0.0116 -0.6188 -0.7855
vn -0.0101 0.7311 -0.6822
vn -0.0100 -0.7382 -0.6745
vn -0.0130 0.4800 -0.8772
vn -0.0094 -0.7714 -0.6363
vn -0.0144 0.2204 -0.9753
vn -0.0092 -0.7837 -0.6211
vn -0.0148 -0.0613 -0.9980
vn 0.1232 0.7311 -0.6711
vn 0.1584 0.4800 -0.8628
vn 0.1218 -0.7382 -0.6635
vn 0.1149 -0.7714 -0.6259
vn 0.1761 0.2204 -0.9593
vn 0.1121 -0.7837 -0.6110
vn 0.1802 -0.0613 -0.9817
vn 0.0875 -0.8747 -0.4767
vn 0.1762 -0.2188 -0.9597
vn -0.0194 0.9986 0.0490
vn 0.1694 -0.3457 -0.9229
vn 0.1572 -0.4916 -0.8565
vn 0.0110 0.9981 -0.0597
vn 0.0647 0.9336 -0.3525
vn 0.1418 -0.6188 -0.7726
vn 0.3600 -0.2188 -0.9069
vn 0.3462 -0.3457 -0.8721
vn -0.0286 0.9986 0.0442
vn 0.3213 -0.4916 -0.8094
vn 0.0224 0.9981 -0.0564
vn 0.1322 0.9336 -0.3331
vn 0.2898 -0.6188 -0.7301
vn 0.2517 0.7311 -0.6341
vn 0.2489 -0.7382 -0.6270
vn 0.3236 0.4800 -0.8154
vn 0.2348 -0.7714 -0.5914
vn 0.3598 0.2204 -0.9066
vn 0.2292 -0.7836 -0.5773
vn 0.3682 -0.0613 -0.9277
vn 0.1788 -0.8747 -0.4505
vn 0.3664 -0.7382 -0.5664
vn 0.3457 -0.7714 -0.5343
vn 0.4765 0.4800 -0.7366
vn 0.5298 0.2204 -0.8189
vn 0.3374 -0.7837 -0.5216
vn 0.5422 -0.0613 -0.8380
vn 0.2633 -0.8747 -0.4069
vn 0.5300 -0.2188 -0.8193
vn -0.0367 0.9986 0.0378
vn 0.5097 -0.3457 -0.7878
vn 0.4730 -0.4916 -0.7311
vn 0.0330 0.9981 -0.0510
vn 0.1947 0.9336 -0.3009
vn 0.4267 -0.6188 -0.6596
vn 0.3706 0.7311 -0.5729
vn 0.6536 -0.3457 -0.6733
vn 0.6066 -0.4916 -0.6248
vn 0.0423 0.9981 -0.0435
vn 0.2496 0.9336 -0.2571
vn 0.5472 -0.6188 -0.5636
vn 0.4752 0.7311 -0.4895
vn 0.4699 -0.7382 -0.4840
vn 0.6111 0.4800 -0.6294
vn 0.4433 -0.7714 -0.4566
vn 0.6794 0.2204 -0.6999
vn 0.4327 -0.7837 -0.4457
vn 0.6952 -0.0613 -0.7161
vn 0.3376 -0.8747 -0.3477
vn 0.6796 -0.2188 -0.7001
vn -0.0437 0.9986 0.0292
vn 0.5238 -0.7714 -0.3613
vn 0.5113 -0.7837 -0.3527
vn 0.8029 0.2204 -0.5538
vn 0.8216 -0.0613 -0.5668
vn 0.3989 -0.8747 -0.2752
vn 0.8032 -0.2188 -0.5541
vn -0.0491 0.9986 0.0187
vn 0.7724 -0.3457 -0.5328
vn 0.7168 -0.4916 -0.4945
vn 0.0499 0.9981 -0.0347
vn 0.2950 0.9336 -0.2035
vn 0.6466 -0.6188 -0.4461
vn 0.5616 0.7311 -0.3874
vn 0.5553 -0.7382 -0.3830
vn 0.7221 0.4800 -0.4981
vn 0.0558 0.9981 -0.0246
vn 0.3291 0.9336 -0.1420
vn 0.7995 -0.4916 -0.3451
vn 0.7212 -0.6188 -0.3113
vn 0.6264 0.7311 -0.2704
vn 0.6193 -0.7382 -0.2673
vn 0.8054 0.4800 -0.3477
vn 0.5842 -0.7714 -0.2522
vn 0.8955 0.2204 -0.3866
vn 0.5703 -0.7837 -0.2462
vn 0.9163 -0.0613 -0.3956
vn 0.4450 -0.8747 -0.1921
vn 0.8958 -0.2188 -0.3867
vn -0.0520 0.9986 0.0112
vn 0.8615 -0.3457 -0.3719
vn 0.9537 0.2204 -0.2044
vn 0.9759 -0.0613 -0.2092
vn 0.6074 -0.7837 -0.1302
vn 0.4739 -0.8747 -0.1016
vn 0.9541 -0.2188 -0.2045
vn -0.0520 0.9986 0.0001
vn 0.9175 -0.3457 -0.1967
vn 0.8515 -0.4916 -0.1825
vn 0.0597 0.9981 -0.0127
vn 0.3504 0.9336 -0.0751
vn 0.7681 -0.6188 -0.1646
vn 0.6671 0.7311 -0.1430
vn 0.6596 -0.7382 -0.1414
vn 0.8578 0.4800 -0.1839
vn 0.6222 -0.7714 -0.1334
vn 0.8707 -0.4916 -0.0129
vn 0.7855 -0.6188 -0.0116
vn 0.3583 0.9336 -0.0053
vn 0.6822 0.7311 -0.0101
vn 0.6745 -0.7382 -0.0100
vn 0.8772 0.4800 -0.0130
vn 0.6363 -0.7714 -0.0094
vn 0.9753 0.2204 -0.0144
vn 0.6211 -0.7837 -0.0092
vn 0.9980 -0.0613 -0.0148
vn 0.4846 -0.8747 -0.0071
vn 0.9756 -0.2188 -0.0144
vn -0.0521 0.9986 -0.0109
vn 0.9382 -0.3457 -0.0139
vn 0.0610 0.9981 -0.0010
vn 0.6110 -0.7837 0.1122
vn 0.4767 -0.8747 0.0875
vn 0.9817 -0.0613 0.1802
vn 0.9597 -0.2188 0.1762
vn -0.0492 0.9986 -0.0185
vn 0.9229 -0.3457 0.1694
vn 0.8565 -0.4916 0.1572
vn 0.0598 0.9981 0.0107
vn 0.3525 0.9336 0.0647
vn 0.7726 -0.6188 0.1418
vn 0.6711 0.7311 0.1232
vn 0.6635 -0.7382 0.1218
vn 0.8628 0.4800 0.1584
vn 0.6259 -0.7714 0.1149
vn 0.9593 0.2204 0.1761
usemtl material.baked
s 1
f 3107/2661/2602 3106/2662/2603 2678/2663/2604 2679/2664/2605
f 2663/2665/2606 2662/2666/2607 2671/2667/2608 2672/2668/2609
f 3108/2669/2610 3107/2661/2602 2679/2664/2605 2680/2670/2611
f 2664/2671/2612 2663/2665/2606 2672/2668/2609 2673/2672/2613
f 2669/2673/2614 3108/2669/2610 2680/2670/2611 2681/2674/2615
f 2665/2675/2616 2664/2671/2612 2673/2672/2613 2674/2676/2617
f 3109/2677/2618 2669/2673/2614 2681/2674/2615 2682/2678/2619
f 2666/2679/2620 2665/2675/2616 2674/2676/2617 2675/2680/2621
f 3110/2681/2622 3109/2677/2618 2682/2678/2619 2683/2682/2623
f 2667/2683/2624 2666/2679/2620 2675/2680/2621 2676/2684/2625
f 3112/2685/2626 2937/2686/2627 3113/2687/2628
f 2852/2688/2629 3110/2681/2622 2683/2682/2623
f 2668/2689/2630 2667/2683/2624 2676/2684/2625 2677/2690/2631
f 3106/2662/2603 2668/2689/2630 2677/2690/2631 2678/2663/2604
f 2662/2666/2607 2661/2691/2632 2670/2692/2633 2671/2667/2608
f 2678/2663/2604 2677/2690/2631 2691/2693/2634 2692/2694/2635
f 2671/2667/2608 2670/2692/2633 2684/2695/2636 2685/2696/2637
f 2679/2664/2605 2678/2663/2604 2692/2694/2635 2693/2697/2638
f 2672/2668/2609 2671/2667/2608 2685/2696/2637 2686/2698/2639
f 2680/2670/2611 2679/2664/2605 2693/2697/2638 2694/2699/2640
f 2673/2672/2613 2672/2668/2609 2686/2698/2639 2687/2700/2641
f 2681/2674/2615 2680/2670/2611 2694/2699/2640 2695/2701/2642
f 2674/2676/2617 2673/2672/2613 2687/2700/2641 2688/2702/2643
f 2682/2678/2619 2681/2674/2615 2695/2701/2642 2696/2703/2644
f 2675/2680/2621 2674/2676/2617 2688/2702/2643 2689/2704/2645
f 2683/2682/2623 2682/2678/2619 2696/2703/2644 2697/2705/2646
f 2676/2684/2625 2675/2680/2621 2689/2704/2645 2690/2706/2647
f 3113/2707/2628 2937/2708/2627 3114/2709/2648
f 2852/2688/2629 2683/2682/2623 2697/2705/2646
f 2677/2690/2631 2676/2684/2625 2690/2706/2647 2691/2693/2634
f 2696/2710/2644 2695/2711/2642 2709/2712/2649 2710/2713/2650
f 2689/2714/2645 2688/2715/2643 2702/2716/2651 2703/2717/2652
f 2697/2718/2646 2696/2710/2644 2710/2713/2650 2711/2719/2653
f 2690/2720/2647 2689/2714/2645 2703/2717/2652 2704/2721/2654
f 3114/2709/2648 2937/2708/2627 3115/2722/2655
f 2852/2723/2629 2697/2718/2646 2711/2719/2653
f 2691/2724/2634 2690/2720/2647 2704/2721/2654 2705/2725/2656
f 2692/2726/2635 2691/2724/2634 2705/2725/2656 2706/2727/2657
f 2685/2728/2637 2684/2729/2636 2698/2730/2658 2699/2731/2659
f 2693/2732/2638 2692/2726/2635 2706/2727/2657 2707/2733/2660
f 2686/2734/2639 2685/2728/2637 2699/2731/2659 2700/2735/2661
f 2694/2736/2640 2693/2732/2638 2707/2733/2660 2708/2737/2662
f 2687/2738/2641 2686/2734/2639 2700/2735/2661 2701/2739/2663
f 2695/2711/2642 2694/2736/2640 2708/2737/2662 2709/2712/2649
f 2688/2715/2643 2687/2738/2641 2701/2739/2663 2702/2716/2651
f 2699/2731/2659 2698/2730/2658 2712/2740/2664 2713/2741/2665
f 2707/2733/2660 2706/2727/2657 2720/2742/2666 2721/2743/2667
f 2700/2735/2661 2699/2731/2659 2713/2741/2665 2714/2744/2668
f 2708/2737/2662 2707/2733/2660 2721/2743/2667 2722/2745/2669
f 2701/2739/2663 2700/2735/2661 2714/2744/2668 2715/2746/2670
f 2709/2712/2649 2708/2737/2662 2722/2745/2669 2723/2747/2671
f 2702/2716/2651 2701/2739/2663 2715/2746/2670 2716/2748/2672
f 2710/2713/2650 2709/2712/2649 2723/2747/2671 2724/2749/2673
f 2703/2717/2652 2702/2716/2651 2716/2748/2672 2717/2750/2674
f 2711/2719/2653 2710/2713/2650 2724/2749/2673 2725/2751/2675
f 2704/2721/2654 2703/2717/2652 2717/2750/2674 2718/2752/2676
f 3115/2722/2655 2937/2708/2627 3116/2753/2677
f 2852/2723/2629 2711/2719/2653 2725/2751/2675
f 2705/2725/2656 2704/2721/2654 2718/2752/2676 2719/2754/2678
f 2706/2727/2657 2705/2725/2656 2719/2754/2678 2720/2742/2666
f 2717/2750/2674 2716/2748/2672 2730/2755/2679 2731/2756/2680
f 2725/2751/2675 2724/2749/2673 2738/2757/2681 2739/2758/2682
f 2718/2752/2676 2717/2750/2674 2731/2756/2680 2732/2759/2683
f 3116/2753/2677 2937/2708/2627 3117/2760/2684
f 2852/2723/2629 2725/2751/2675 2739/2758/2682
f 2719/2754/2678 2718/2752/2676 2732/2759/2683 2733/2761/2685
f 2720/2742/2666 2719/2754/2678 2733/2761/2685 2734/2762/2686
f 2713/2741/2665 2712/2740/2664 2726/2763/2687 2727/2764/2688
f 2721/2743/2667 2720/2742/2666 2734/2762/2686 2735/2765/2689
f 2714/2744/2668 2713/2741/2665 2727/2764/2688 2728/2766/2690
f 2722/2745/2669 2721/2743/2667 2735/2765/2689 2736/2767/2691
f 2715/2746/2670 2714/2744/2668 2728/2766/2690 2729/2768/2692
f 2723/2747/2671 2722/2745/2669 2736/2767/2691 2737/2769/2693
f 2716/2748/2672 2715/2746/2670 2729/2768/2692 2730/2755/2679
f 2724/2749/2673 2723/2747/2671 2737/2769/2693 2738/2757/2681
f 2735/2765/2689 2734/2762/2686 2748/2770/2694 2749/2771/2695
f 2728/2766/2690 2727/2764/2688 2741/2772/2696 2742/2773/2697
f 2736/2767/2691 2735/2765/2689 2749/2771/2695 2750/2774/2698
f 2729/2768/2692 2728/2766/2690 2742/2773/2697 2743/2775/2699
f 2737/2769/2693 2736/2767/2691 2750/2774/2698 2751/2776/2700
f 2730/2755/2679 2729/2768/2692 2743/2775/2699 2744/2777/2701
f 2738/2757/2681 2737/2769/2693 2751/2776/2700 2752/2778/2702
f 2731/2756/2680 2730/2755/2679 2744/2777/2701 2745/2779/2703
f 2739/2758/2682 2738/2757/2681 2752/2778/2702 2753/2780/2704
f 2732/2759/2683 2731/2756/2680 2745/2779/2703 2746/2781/2705
f 3117/2760/2684 2937/2708/2627 3118/2782/2706
f 2852/2723/2629 2739/2758/2682 2753/2780/2704
f 2733/2761/2685 2732/2759/2683 2746/2781/2705 2747/2783/2707
f 2734/2762/2686 2733/2761/2685 2747/2783/2707 2748/2770/2694
f 2727/2764/2688 2726/2763/2687 2740/2784/2708 2741/2772/2696
f 2753/2780/2704 2752/2778/2702 2766/2785/2709 2767/2786/2710
f 2746/2781/2705 2745/2779/2703 2759/2787/2711 2760/2788/2712
f 3118/2782/2706 2937/2708/2627 3119/2789/2713
f 2852/2723/2629 2753/2780/2704 2767/2786/2710
f 2747/2783/2707 2746/2781/2705 2760/2788/2712 2761/2790/2714
f 2748/2770/2694 2747/2783/2707 2761/2790/2714 2762/2791/2715
f 2741/2772/2696 2740/2784/2708 2754/2792/2716 2755/2793/2717
f 2749/2771/2695 2748/2770/2694 2762/2791/2715 2763/2794/2718
f 2742/2773/2697 2741/2772/2696 2755/2793/2717 2756/2795/2719
f 2750/2774/2698 2749/2771/2695 2763/2794/2718 2764/2796/2720
f 2743/2775/2699 2742/2773/2697 2756/2795/2719 2757/2797/2721
f 2751/2776/2700 2750/2774/2698 2764/2796/2720 2765/2798/2722
f 2744/2777/2701 2743/2775/2699 2757/2797/2721 2758/2799/2723
f 2752/2778/2702 2751/2776/2700 2765/2798/2722 2766/2785/2709
f 2745/2779/2703 2744/2777/2701 2758/2799/2723 2759/2787/2711
f 2764/2796/2720 2763/2794/2718 2777/2800/2724 2778/2801/2725
f 2757/2797/2721 2756/2795/2719 2770/2802/2726 2771/2803/2727
f 2765/2798/2722 2764/2796/2720 2778/2801/2725 2779/2804/2728
f 2758/2799/2723 2757/2797/2721 2771/2803/2727 2772/2805/2729
f 2766/2785/2709 2765/2798/2722 2779/2804/2728 2780/2806/2730
f 2759/2787/2711 2758/2799/2723 2772/2805/2729 2773/2807/2731
f 2767/2786/2710 2766/2785/2709 2780/2806/2730 2781/2808/2732
f 2760/2788/2712 2759/2787/2711 2773/2807/2731 2774/2809/2733
f 3119/2789/2713 2937/2708/2627 3120/2810/2734
f 2852/2723/2629 2767/2786/2710 2781/2808/2732
f 2761/2790/2714 2760/2788/2712 2774/2809/2733 2775/2811/2735
f 2762/2791/2715 2761/2790/2714 2775/2811/2735 2776/2812/2736
f 2755/2793/2717 2754/2792/2716 2768/2813/2737 2769/2814/2738
f 2763/2794/2718 2762/2791/2715 2776/2812/2736 2777/2800/2724
f 2756/2795/2719 2755/2793/2717 2769/2814/2738 2770/2802/2726
f 3120/2810/2734 2937/2708/2627 3121/2815/2739
f 2852/2723/2629 2781/2808/2732 2795/2816/2740
f 2775/2811/2735 2774/2809/2733 2788/2817/2741 2789/2818/2742
f 2776/2812/2736 2775/2811/2735 2789/2818/2742 2790/2819/2743
f 2769/2814/2738 2768/2813/2737 2782/2820/2744 2783/2821/2745
f 2777/2800/2724 2776/2812/2736 2790/2819/2743 2791/2822/2746
f 2770/2802/2726 2769/2814/2738 2783/2821/2745 2784/2823/2747
f 2778/2801/2725 2777/2800/2724 2791/2822/2746 2792/2824/2748
f 2771/2803/2727 2770/2802/2726 2784/2823/2747 2785/2825/2749
f 2779/2804/2728 2778/2801/2725 2792/2824/2748 2793/2826/2750
f 2772/2805/2729 2771/2803/2727 2785/2825/2749 2786/2827/2751
f 2780/2806/2730 2779/2804/2728 2793/2826/2750 2794/2828/2752
f 2773/2807/2731 2772/2805/2729 2786/2827/2751 2787/2829/2753
f 2781/2808/2732 2780/2806/2730 2794/2828/2752 2795/2816/2740
f 2774/2809/2733 2773/2807/2731 2787/2829/2753 2788/2817/2741
f 2785/2825/2749 2784/2823/2747 2798/2830/2754 2799/2831/2755
f 2793/2826/2750 2792/2824/2748 2806/2832/2756 2807/2833/2757
f 2786/2827/2751 2785/2825/2749 2799/2831/2755 2800/2834/2758
f 2794/2828/2752 2793/2826/2750 2807/2833/2757 2808/2835/2759
f 2787/2829/2753 2786/2827/2751 2800/2834/2758 2801/2836/2760
f 2795/2816/2740 2794/2828/2752 2808/2835/2759 2809/2837/2761
f 2788/2817/2741 2787/2829/2753 2801/2836/2760 2802/2838/2762
f 2937/2839/2627 3122/2840/2763 3121/2841/2739
f 2852/2723/2629 2795/2816/2740 2809/2837/2761
f 2789/2818/2742 2788/2817/2741 2802/2838/2762 2803/2842/2764
f 2790/2819/2743 2789/2818/2742 2803/2842/2764 2804/2843/2765
f 2783/2821/2745 2782/2820/2744 2796/2844/2766 2797/2845/2767
f 2791/2822/2746 2790/2819/2743 2804/2843/2765 2805/2846/2768
f 2784/2823/2747 2783/2821/2745 2797/2845/2767 2798/2830/2754
f 2792/2824/2748 2791/2822/2746 2805/2846/2768 2806/2832/2756
f 2803/2847/2764 2802/2848/2762 2816/2849/2769 2817/2850/2770
f 3122/2840/2763 2937/2839/2627 3123/2851/2771
f 2804/2852/2765 2803/2847/2764 2817/2850/2770 2818/2853/2772
f 2797/2854/2767 2796/2855/2766 2810/2856/2773 2811/2857/2774
f 2805/2858/2768 2804/2852/2765 2818/2853/2772 2819/2859/2775
f 2798/2860/2754 2797/2854/2767 2811/2857/2774 2812/2861/2776
f 2806/2862/2756 2805/2858/2768 2819/2859/2775 2820/2863/2777
f 2799/2864/2755 2798/2860/2754 2812/2861/2776 2813/2865/2778
f 2807/2866/2757 2806/2862/2756 2820/2863/2777 2821/2867/2779
f 2800/2868/2758 2799/2864/2755 2813/2865/2778 2814/2869/2780
f 2808/2870/2759 2807/2866/2757 2821/2867/2779 2822/2871/2781
f 2801/2872/2760 2800/2868/2758 2814/2869/2780 2815/2873/2782
f 2809/2874/2761 2808/2870/2759 2822/2871/2781 2823/2875/2783
f 2802/2848/2762 2801/2872/2760 2815/2873/2782 2816/2849/2769
f 2852/2876/2629 2809/2874/2761 2823/2875/2783
f 2821/2867/2779 2820/2863/2777 2834/2877/2784 2835/2878/2785
f 2814/2869/2780 2813/2865/2778 2827/2879/2786 2828/2880/2787
f 2822/2871/2781 2821/2867/2779 2835/2878/2785 2836/2881/2788
f 2815/2873/2782 2814/2869/2780 2828/2880/2787 2829/2882/2789
f 2823/2875/2783 2822/2871/2781 2836/2881/2788 2837/2883/2790
f 2816/2849/2769 2815/2873/2782 2829/2882/2789 2830/2884/2791
f 2937/2839/2627 3124/2885/2792 3123/2851/2771
f 2852/2876/2629 2823/2875/2783 2837/2883/2790
f 2817/2850/2770 2816/2849/2769 2830/2884/2791 2831/2886/2793
f 2818/2853/2772 2817/2850/2770 2831/2886/2793 2832/2887/2794
f 2811/2857/2774 2810/2856/2773 2824/2888/2795 2825/2889/2796
f 2819/2859/2775 2818/2853/2772 2832/2887/2794 2833/2890/2797
f 2812/2861/2776 2811/2857/2774 2825/2889/2796 2826/2891/2798
f 2820/2863/2777 2819/2859/2775 2833/2890/2797 2834/2877/2784
f 2813/2865/2778 2812/2861/2776 2826/2891/2798 2827/2879/2786
f 3124/2885/2792 2937/2839/2627 3125/2892/2799
f 2832/2887/2794 2831/2886/2793 2845/2893/2800 2846/2894/2801
f 2825/2889/2796 2824/2888/2795 2838/2895/2802 2839/2896/2803
f 2833/2890/2797 2832/2887/2794 2846/2894/2801 2847/2897/2804
f 2826/2891/2798 2825/2889/2796 2839/2896/2803 2840/2898/2805
f 2834/2877/2784 2833/2890/2797 2847/2897/2804 2848/2899/2806
f 2827/2879/2786 2826/2891/2798 2840/2898/2805 2841/2900/2807
f 2835/2878/2785 2834/2877/2784 2848/2899/2806 2849/2901/2808
f 2828/2880/2787 2827/2879/2786 2841/2900/2807 2842/2902/2809
f 2836/2881/2788 2835/2878/2785 2849/2901/2808 2850/2903/2810
f 2829/2882/2789 2828/2880/2787 2842/2902/2809 2843/2904/2811
f 2837/2883/2790 2836/2881/2788 2850/2903/2810 2851/2905/2812
f 2830/2884/2791 2829/2882/2789 2843/2904/2811 2844/2906/2813
f 2852/2876/2629 2837/2883/2790 2851/2905/2812
f 2831/2886/2793 2830/2884/2791 2844/2906/2813 2845/2893/2800
f 2842/2902/2809 2841/2900/2807 2856/2907/2814 2857/2908/2815
f 2850/2903/2810 2849/2901/2808 2864/2909/2816 2865/2910/2817
f 2843/2904/2811 2842/2902/2809 2857/2908/2815 2858/2911/2818
f 2851/2905/2812 2850/2903/2810 2865/2910/2817 2866/2912/2819
f 2844/2906/2813 2843/2904/2811 2858/2911/2818 2859/2913/2820
f 3125/2892/2799 2937/2839/2627 3126/2914/2821
f 2852/2876/2629 2851/2905/2812 2866/2912/2819
f 2845/2893/2800 2844/2906/2813 2859/2913/2820 2860/2915/2822
f 2846/2894/2801 2845/2893/2800 2860/2915/2822 2861/2916/2823
f 2839/2896/2803 2838/2895/2802 2853/2917/2824 2854/2918/2825
f 2847/2897/2804 2846/2894/2801 2861/2916/2823 2862/2919/2826
f 2840/2898/2805 2839/2896/2803 2854/2918/2825 2855/2920/2827
f 2848/2899/2806 2847/2897/2804 2862/2919/2826 2863/2921/2828
f 2841/2900/2807 2840/2898/2805 2855/2920/2827 2856/2907/2814
f 2849/2901/2808 2848/2899/2806 2863/2921/2828 2864/2909/2816
f 2861/2916/2823 2860/2915/2822 2874/2922/2829 2875/2923/2830
f 2854/2918/2825 2853/2917/2824 2867/2924/2831 2868/2925/2832
f 2862/2919/2826 2861/2916/2823 2875/2923/2830 2876/2926/2833
f 2855/2920/2827 2854/2918/2825 2868/2925/2832 2869/2927/2834
f 2863/2921/2828 2862/2919/2826 2876/2926/2833 2877/2928/2835
f 2856/2907/2814 2855/2920/2827 2869/2927/2834 2870/2929/2836
f 2864/2909/2816 2863/2921/2828 2877/2928/2835 2878/2930/2837
f 2857/2908/2815 2856/2907/2814 2870/2929/2836 2871/2931/2838
f 2865/2910/2817 2864/2909/2816 2878/2930/2837 2879/2932/2839
f 2858/2911/2818 2857/2908/2815 2871/2931/2838 2872/2933/2840
f 2866/2912/2819 2865/2910/2817 2879/2932/2839 2880/2934/2841
f 2859/2913/2820 2858/2911/2818 2872/2933/2840 2873/2935/2842
f 3126/2914/2821 2937/2839/2627 3127/2936/2843
f 2852/2876/2629 2866/2912/2819 2880/2934/2841
f 2860/2915/2822 2859/2913/2820 2873/2935/2842 2874/2922/2829
f 2879/2932/2839 2878/2930/2837 2892/2937/2844 2893/2938/2845
f 2872/2933/2840 2871/2931/2838 2885/2939/2846 2886/2940/2847
f 2880/2934/2841 2879/2932/2839 2893/2938/2845 2894/2941/2848
f 2873/2935/2842 2872/2933/2840 2886/2940/2847 2887/2942/2849
f 3127/2936/2843 2937/2839/2627 3128/2943/2850
f 2852/2876/2629 2880/2934/2841 2894/2941/2848
f 2874/2922/2829 2873/2935/2842 2887/2942/2849 2888/2944/2851
f 2875/2923/2830 2874/2922/2829 2888/2944/2851 2889/2945/2852
f 2868/2925/2832 2867/2924/2831 2881/2946/2853 2882/2947/2854
f 2876/2926/2833 2875/2923/2830 2889/2945/2852 2890/2948/2855
f 2869/2927/2834 2868/2925/2832 2882/2947/2854 2883/2949/2856
f 2877/2928/2835 2876/2926/2833 2890/2948/2855 2891/2950/2857
f 2870/2929/2836 2869/2927/2834 2883/2949/2856 2884/2951/2858
f 2878/2930/2837 2877/2928/2835 2891/2950/2857 2892/2937/2844
f 2871/2931/2838 2870/2929/2836 2884/2951/2858 2885/2939/2846
f 2890/2948/2855 2889/2945/2852 2903/2952/2859 2904/2953/2860
f 2883/2949/2856 2882/2947/2854 2896/2954/2861 2897/2955/2862
f 2891/2950/2857 2890/2948/2855 2904/2953/2860 2905/2956/2863
f 2884/2951/2858 2883/2949/2856 2897/2955/2862 2898/2957/2864
f 2892/2937/2844 2891/2950/2857 2905/2956/2863 2906/2958/2865
f 2885/2939/2846 2884/2951/2858 2898/2957/2864 2899/2959/2866
f 2893/2938/2845 2892/2937/2844 2906/2958/2865 2907/2960/2867
f 2886/2940/2847 2885/2939/2846 2899/2959/2866 2900/2961/2868
f 2894/2941/2848 2893/2938/2845 2907/2960/2867 2908/2962/2869
f 2887/2942/2849 2886/2940/2847 2900/2961/2868 2901/2963/2870
f 3128/2943/2850 2937/2839/2627 3129/2964/2871
f 2852/2876/2629 2894/2941/2848 2908/2962/2869
f 2888/2944/2851 2887/2942/2849 2901/2963/2870 2902/2965/2872
f 2889/2945/2852 2888/2944/2851 2902/2965/2872 2903/2952/2859
f 2882/2947/2854 2881/2946/2853 2895/2966/2873 2896/2954/2861
f 2908/2962/2869 2907/2960/2867 2921/2967/2874 2922/2968/2875
f 2901/2963/2870 2900/2961/2868 2914/2969/2876 2915/2970/2877
f 3129/2971/2871 2937/2972/2627 3130/2973/2878
f 2852/2876/2629 2908/2962/2869 2922/2968/2875
f 2902/2965/2872 2901/2963/2870 2915/2970/2877 2916/2974/2879
f 2903/2952/2859 2902/2965/2872 2916/2974/2879 2917/2975/2880
f 2896/2954/2861 2895/2966/2873 2909/2976/2881 2910/2977/2882
f 2904/2953/2860 2903/2952/2859 2917/2975/2880 2918/2978/2883
f 2897/2955/2862 2896/2954/2861 2910/2977/2882 2911/2979/2884
f 2905/2956/2863 2904/2953/2860 2918/2978/2883 2919/2980/2885
f 2898/2957/2864 2897/2955/2862 2911/2979/2884 2912/2981/2886
f 2906/2958/2865 2905/2956/2863 2919/2980/2885 2920/2982/2887
f 2899/2959/2866 2898/2957/2864 2912/2981/2886 2913/2983/2888
f 2907/2960/2867 2906/2958/2865 2920/2982/2887 2921/2967/2874
f 2900/2961/2868 2899/2959/2866 2913/2983/2888 2914/2969/2876
f 2911/2984/2884 2910/2985/2882 2924/2986/2889 2925/2987/2890
f 2919/2988/2885 2918/2989/2883 2932/2990/2891 2933/2991/2892
f 2912/2992/2886 2911/2984/2884 2925/2987/2890 2926/2993/2893
f 2920/2994/2887 2919/2988/2885 2933/2991/2892 2934/2995/2894
f 2913/2996/2888 2912/2992/2886 2926/2993/2893 2927/2997/2895
f 2921/2998/2874 2920/2994/2887 2934/2995/2894 2935/2999/2896
f 2914/3000/2876 2913/2996/2888 2927/2997/2895 2928/3001/2897
f 2922/3002/2875 2921/2998/2874 2935/2999/2896 2936/3003/2898
f 2915/3004/2877 2914/3000/2876 2928/3001/2897 2929/3005/2899
f 3130/2973/2878 2937/2972/2627 3131/3006/2900
f 2852/3007/2629 2922/3002/2875 2936/3003/2898
f 2916/3008/2879 2915/3004/2877 2929/3005/2899 2930/3009/2901
f 2917/3010/2880 2916/3008/2879 2930/3009/2901 2931/3011/2902
f 2910/2985/2882 2909/3012/2881 2923/3013/2903 2924/2986/2889
f 2918/2989/2883 2917/3010/2880 2931/3011/2902 2932/2990/2891
f 2929/3005/2899 2928/3001/2897 2943/3014/2904 2944/3015/2905
f 3131/3006/2900 2937/2972/2627 3132/3016/2906
f 2852/3007/2629 2936/3003/2898 2951/3017/2907
f 2930/3009/2901 2929/3005/2899 2944/3015/2905 2945/3018/2908
f 2931/3011/2902 2930/3009/2901 2945/3018/2908 2946/3019/2909
f 2924/2986/2889 2923/3013/2903 2938/3020/2910 2939/3021/2911
f 2932/2990/2891 2931/3011/2902 2946/3019/2909 2947/3022/2912
f 2925/2987/2890 2924/2986/2889 2939/3021/2911 2940/3023/2913
f 2933/2991/2892 2932/2990/2891 2947/3022/2912 2948/3024/2914
f 2926/2993/2893 2925/2987/2890 2940/3023/2913 2941/3025/2915
f 2934/2995/2894 2933/2991/2892 2948/3024/2914 2949/3026/2916
f 2927/2997/2895 2926/2993/2893 2941/3025/2915 2942/3027/2917
f 2935/2999/2896 2934/2995/2894 2949/3026/2916 2950/3028/2918
f 2928/3001/2897 2927/2997/2895 2942/3027/2917 2943/3014/2904
f 2936/3003/2898 2935/2999/2896 2950/3028/2918 2951/3017/2907
f 2948/3024/2914 2947/3022/2912 2961/3029/2919 2962/3030/2920
f 2941/3025/2915 2940/3023/2913 2954/3031/2921 2955/3032/2922
f 2949/3026/2916 2948/3024/2914 2962/3030/2920 2963/3033/2923
f 2942/3027/2917 2941/3025/2915 2955/3032/2922 2956/3034/2924
f 2950/3028/2918 2949/3026/2916 2963/3033/2923 2964/3035/2925
f 2943/3014/2904 2942/3027/2917 2956/3034/2924 2957/3036/2926
f 2951/3017/2907 2950/3028/2918 2964/3035/2925 2965/3037/2927
f 2944/3015/2905 2943/3014/2904 2957/3036/2926 2958/3038/2928
f 3132/3016/2906 2937/2972/2627 3133/3039/2929
f 2852/3007/2629 2951/3017/2907 2965/3037/2927
f 2945/3018/2908 2944/3015/2905 2958/3038/2928 2959/3040/2930
f 2946/3019/2909 2945/3018/2908 2959/3040/2930 2960/3041/2931
f 2939/3021/2911 2938/3020/2910 2952/3042/2932 2953/3043/2933
f 2947/3022/2912 2946/3019/2909 2960/3041/2931 2961/3029/2919
f 2940/3023/2913 2939/3021/2911 2953/3043/2933 2954/3031/2921
f 3133/3039/2929 2937/2972/2627 3134/3044/2934
f 2852/3007/2629 2965/3037/2927 2979/3045/2935
f 2959/3040/2930 2958/3038/2928 2972/3046/2936 2973/3047/2937
f 2960/3041/2931 2959/3040/2930 2973/3047/2937 2974/3048/2938
f 2953/3043/2933 2952/3042/2932 2966/3049/2939 2967/3050/2940
f 2961/3029/2919 2960/3041/2931 2974/3048/2938 2975/3051/2941
f 2954/3031/2921 2953/3043/2933 2967/3050/2940 2968/3052/2942
f 2962/3030/2920 2961/3029/2919 2975/3051/2941 2976/3053/2943
f 2955/3032/2922 2954/3031/2921 2968/3052/2942 2969/3054/2944
f 2963/3033/2923 2962/3030/2920 2976/3053/2943 2977/3055/2945
f 2956/3034/2924 2955/3032/2922 2969/3054/2944 2970/3056/2946
f 2964/3035/2925 2963/3033/2923 2977/3055/2945 2978/3057/2947
f 2957/3036/2926 2956/3034/2924 2970/3056/2946 2971/3058/2948
f 2965/3037/2927 2964/3035/2925 2978/3057/2947 2979/3045/2935
f 2958/3038/2928 2957/3036/2926 2971/3058/2948 2972/3046/2936
f 2969/3054/2944 2968/3052/2942 2982/3059/2949 2983/3060/2950
f 2977/3055/2945 2976/3053/2943 2990/3061/2951 2991/3062/2952
f 2970/3056/2946 2969/3054/2944 2983/3060/2950 2984/3063/2953
f 2978/3057/2947 2977/3055/2945 2991/3062/2952 2992/3064/2954
f 2971/3058/2948 2970/3056/2946 2984/3063/2953 2985/3065/2955
f 2979/3045/2935 2978/3057/2947 2992/3064/2954 2993/3066/2956
f 2972/3046/2936 2971/3058/2948 2985/3065/2955 2986/3067/2957
f 2937/2972/2627 3135/3068/2958 3134/3044/2934
f 2852/3007/2629 2979/3045/2935 2993/3066/2956
f 2973/3047/2937 2972/3046/2936 2986/3067/2957 2987/3069/2959
f 2974/3048/2938 2973/3047/2937 2987/3069/2959 2988/3070/2960
f 2967/3050/2940 2966/3049/2939 2980/3071/2961 2981/3072/2962
f 2975/3051/2941 2974/3048/2938 2988/3070/2960 2989/3073/2963
f 2968/3052/2942 2967/3050/2940 2981/3072/2962 2982/3059/2949
f 2976/3053/2943 2975/3051/2941 2989/3073/2963 2990/3061/2951
f 2987/3069/2959 2986/3067/2957 3000/3074/2964 3001/3075/2965
f 3135/3068/2958 2937/2972/2627 3136/3076/2966
f 2988/3070/2960 2987/3069/2959 3001/3075/2965 3002/3077/2967
f 2981/3072/2962 2980/3071/2961 2994/3078/2968 2995/3079/2969
f 2989/3073/2963 2988/3070/2960 3002/3077/2967 3003/3080/2970
f 2982/3059/2949 2981/3072/2962 2995/3079/2969 2996/3081/2971
f 2990/3061/2951 2989/3073/2963 3003/3080/2970 3004/3082/2972
f 2983/3060/2950 2982/3059/2949 2996/3081/2971 2997/3083/2973
f 2991/3062/2952 2990/3061/2951 3004/3082/2972 3005/3084/2974
f 2984/3063/2953 2983/3060/2950 2997/3083/2973 2998/3085/2975
f 2992/3064/2954 2991/3062/2952 3005/3084/2974 3006/3086/2976
f 2985/3065/2955 2984/3063/2953 2998/3085/2975 2999/3087/2977
f 2993/3066/2956 2992/3064/2954 3006/3086/2976 3007/3088/2978
f 2986/3067/2957 2985/3065/2955 2999/3087/2977 3000/3074/2964
f 2852/3007/2629 2993/3066/2956 3007/3088/2978
f 3005/3084/2974 3004/3082/2972 3018/3089/2979 3019/3090/2980
f 2998/3085/2975 2997/3083/2973 3011/3091/2981 3012/3092/2982
f 3006/3086/2976 3005/3084/2974 3019/3090/2980 3020/3093/2983
f 2999/3087/2977 2998/3085/2975 3012/3092/2982 3013/3094/2984
f 3007/3088/2978 3006/3086/2976 3020/3093/2983 3021/3095/2985
f 3000/3074/2964 2999/3087/2977 3013/3094/2984 3014/3096/2986
f 3136/3076/2966 2937/2972/2627 3137/3097/2987
f 2852/3007/2629 3007/3088/2978 3021/3095/2985
f 3001/3075/2965 3000/3074/2964 3014/3096/2986 3015/3098/2988
f 3002/3077/2967 3001/3075/2965 3015/3098/2988 3016/3099/2989
f 2995/3079/2969 2994/3078/2968 3008/3100/2990 3009/3101/2991
f 3003/3080/2970 3002/3077/2967 3016/3099/2989 3017/3102/2992
f 2996/3081/2971 2995/3079/2969 3009/3101/2991 3010/3103/2993
f 3004/3082/2972 3003/3080/2970 3017/3102/2992 3018/3089/2979
f 2997/3083/2973 2996/3081/2971 3010/3103/2993 3011/3091/2981
f 3016/3099/2989 3015/3098/2988 3029/3104/2994 3030/3105/2995
f 3009/3101/2991 3008/3100/2990 3022/3106/2996 3023/3107/2997
f 3017/3102/2992 3016/3099/2989 3030/3105/2995 3031/3108/2998
f 3010/3103/2993 3009/3101/2991 3023/3107/2997 3024/3109/2999
f 3018/3089/2979 3017/3102/2992 3031/3108/2998 3032/3110/3000
f 3011/3091/2981 3010/3103/2993 3024/3109/2999 3025/3111/3001
f 3019/3090/2980 3018/3089/2979 3032/3110/3000 3033/3112/3002
f 3012/3092/2982 3011/3091/2981 3025/3111/3001 3026/3113/3003
f 3020/3093/2983 3019/3090/2980 3033/3112/3002 3034/3114/3004
f 3013/3094/2984 3012/3092/2982 3026/3113/3003 3027/3115/3005
f 3021/3095/2985 3020/3093/2983 3034/3114/3004 3035/3116/3006
f 3014/3096/2986 3013/3094/2984 3027/3115/3005 3028/3117/3007
f 3137/3118/2987 2937/2686/2627 3138/3119/3008
f 2852/3007/2629 3021/3095/2985 3035/3116/3006
f 3015/3098/2988 3014/3096/2986 3028/3117/3007 3029/3104/2994
f 3034/3120/3004 3033/3121/3002 3047/3122/3009 3048/3123/3010
f 3027/3124/3005 3026/3125/3003 3040/3126/3011 3041/3127/3012
f 3035/3128/3006 3034/3120/3004 3048/3123/3010 3049/3129/3013
f 3028/3130/3007 3027/3124/3005 3041/3127/3012 3042/3131/3014
f 3138/3119/3008 2937/2686/2627 3139/3132/3015
f 2852/2688/2629 3035/3128/3006 3049/3129/3013
f 3029/3133/2994 3028/3130/3007 3042/3131/3014 3043/3134/3016
f 3030/3135/2995 3029/3133/2994 3043/3134/3016 3044/3136/3017
f 3023/3137/2997 3022/3138/2996 3036/3139/3018 3037/3140/3019
f 3031/3141/2998 3030/3135/2995 3044/3136/3017 3045/3142/3020
f 3024/3143/2999 3023/3137/2997 3037/3140/3019 3038/3144/3021
f 3032/3145/3000 3031/3141/2998 3045/3142/3020 3046/3146/3022
f 3025/3147/3001 3024/3143/2999 3038/3144/3021 3039/3148/3023
f 3033/3121/3002 3032/3145/3000 3046/3146/3022 3047/3122/3009
f 3026/3125/3003 3025/3147/3001 3039/3148/3023 3040/3126/3011
f 3037/3140/3019 3036/3139/3018 3050/3149/3024 3051/3150/3025
f 3045/3142/3020 3044/3136/3017 3058/3151/3026 3059/3152/3027
f 3038/3144/3021 3037/3140/3019 3051/3150/3025 3052/3153/3028
f 3046/3146/3022 3045/3142/3020 3059/3152/3027 3060/3154/3029
f 3039/3148/3023 3038/3144/3021 3052/3153/3028 3053/3155/3030
f 3047/3122/3009 3046/3146/3022 3060/3154/3029 3061/3156/3031
f 3040/3126/3011 3039/3148/3023 3053/3155/3030 3054/3157/3032
f 3048/3123/3010 3047/3122/3009 3061/3156/3031 3062/3158/3033
f 3041/3127/3012 3040/3126/3011 3054/3157/3032 3055/3159/3034
f 3049/3129/3013 3048/3123/3010 3062/3158/3033 3063/3160/3035
f 3042/3131/3014 3041/3127/3012 3055/3159/3034 3056/3161/3036
f 3139/3132/3015 2937/2686/2627 3140/3162/3037
f 2852/2688/2629 3049/3129/3013 3063/3160/3035
f 3043/3134/3016 3042/3131/3014 3056/3161/3036 3057/3163/3038
f 3044/3136/3017 3043/3134/3016 3057/3163/3038 3058/3151/3026
f 3055/3159/3034 3054/3157/3032 3068/3164/3039 3069/3165/3040
f 3063/3160/3035 3062/3158/3033 3076/3166/3041 3077/3167/3042
f 3056/3161/3036 3055/3159/3034 3069/3165/3040 3070/3168/3043
f 3140/3162/3037 2937/2686/2627 3141/3169/3044
f 2852/2688/2629 3063/3160/3035 3077/3167/3042
f 3057/3163/3038 3056/3161/3036 3070/3168/3043 3071/3170/3045
f 3058/3151/3026 3057/3163/3038 3071/3170/3045 3072/3171/3046
f 3051/3150/3025 3050/3149/3024 3064/3172/3047 3065/3173/3048
f 3059/3152/3027 3058/3151/3026 3072/3171/3046 3073/3174/3049
f 3052/3153/3028 3051/3150/3025 3065/3173/3048 3066/3175/3050
f 3060/3154/3029 3059/3152/3027 3073/3174/3049 3074/3176/3051
f 3053/3155/3030 3052/3153/3028 3066/3175/3050 3067/3177/3052
f 3061/3156/3031 3060/3154/3029 3074/3176/3051 3075/3178/3053
f 3054/3157/3032 3053/3155/3030 3067/3177/3052 3068/3164/3039
f 3062/3158/3033 3061/3156/3031 3075/3178/3053 3076/3166/3041
f 3073/3174/3049 3072/3171/3046 3086/3179/3054 3087/3180/3055
f 3066/3175/3050 3065/3173/3048 3079/3181/3056 3080/3182/3057
f 3074/3176/3051 3073/3174/3049 3087/3180/3055 3088/3183/3058
f 3067/3177/3052 3066/3175/3050 3080/3182/3057 3081/3184/3059
f 3075/3178/3053 3074/3176/3051 3088/3183/3058 3089/3185/3060
f 3068/3164/3039 3067/3177/3052 3081/3184/3059 3082/3186/3061
f 3076/3166/3041 3075/3178/3053 3089/3185/3060 3090/3187/3062
f 3069/3165/3040 3068/3164/3039 3082/3186/3061 3083/3188/3063
f 3077/3167/3042 3076/3166/3041 3090/3187/3062 3091/3189/3064
f 3070/3168/3043 3069/3165/3040 3083/3188/3063 3084/3190/3065
f 2937/2686/2627 3142/3191/3066 3141/3169/3044
f 2852/2688/2629 3077/3167/3042 3091/3189/3064
f 3071/3170/3045 3070/3168/3043 3084/3190/3065 3085/3192/3067
f 3072/3171/3046 3071/3170/3045 3085/3192/3067 3086/3179/3054
f 3065/3173/3048 3064/3172/3047 3078/3193/3068 3079/3181/3056
f 3091/3189/3064 3090/3187/3062 3104/3194/3069 3105/3195/3070
f 3084/3190/3065 3083/3188/3063 3097/3196/3071 3098/3197/3072
f 3142/3191/3066 2937/2686/2627 3111/3198/3073
f 2852/2688/2629 3091/3189/3064 3105/3195/3070
f 3085/3192/3067 3084/3190/3065 3098/3197/3072 3099/3199/3074
f 3086/3179/3054 3085/3192/3067 3099/3199/3074 3100/3200/3075
f 3079/3181/3056 3078/3193/3068 3092/3201/3076 3093/3202/3077
f 3087/3180/3055 3086/3179/3054 3100/3200/3075 3101/3203/3078
f 3080/3182/3057 3079/3181/3056 3093/3202/3077 3094/3204/3079
f 3088/3183/3058 3087/3180/3055 3101/3203/3078 3102/3205/3080
f 3081/3184/3059 3080/3182/3057 3094/3204/3079 3095/3206/3081
f 3089/3185/3060 3088/3183/3058 3102/3205/3080 3103/3207/3082
f 3082/3186/3061 3081/3184/3059 3095/3206/3081 3096/3208/3083
f 3090/3187/3062 3089/3185/3060 3103/3207/3082 3104/3194/3069
f 3083/3188/3063 3082/3186/3061 3096/3208/3083 3097/3196/3071
f 3094/3204/3079 3093/3202/3077 2662/2666/2607 2663/2665/2606
f 3102/3205/3080 3101/3203/3078 3107/2661/2602 3108/2669/2610
f 3095/3206/3081 3094/3204/3079 2663/2665/2606 2664/2671/2612
f 3103/3207/3082 3102/3205/3080 3108/2669/2610 2669/2673/2614
f 3096/3208/3083 3095/3206/3081 2664/2671/2612 2665/2675/2616
f 3104/3194/3069 3103/3207/3082 2669/2673/2614 3109/2677/2618
f 3097/3196/3071 3096/3208/3083 2665/2675/2616 2666/2679/2620
f 3105/3195/3070 3104/3194/3069 3109/2677/2618 3110/2681/2622
f 3098/3197/3072 3097/3196/3071 2666/2679/2620 2667/2683/2624
f 2852/2688/2629 3105/3195/3070 3110/2681/2622
f 3099/3199/3074 3098/3197/3072 2667/2683/2624 2668/2689/2630
f 3100/3200/3075 3099/3199/3074 2668/2689/2630 3106/2662/2603
f 3093/3202/3077 3092/3201/3076 2661/2691/2632 2662/2666/2607
f 3101/3203/3078 3100/3200/3075 3106/2662/2603 3107/2661/2602
f 3092/3201/3076 3142/3191/3066 3111/3198/3073 2661/2691/2632
f 3078/3193/3068 3141/3169/3044 3142/3191/3066 3092/3201/3076
f 3064/3172/3047 3140/3162/3037 3141/3169/3044 3078/3193/3068
f 3050/3149/3024 3139/3132/3015 3140/3162/3037 3064/3172/3047
f 3036/3139/3018 3138/3119/3008 3139/3132/3015 3050/3149/3024
f 3022/3138/2996 3137/3118/2987 3138/3119/3008 3036/3139/3018
f 3008/3100/2990 3136/3076/2966 3137/3097/2987 3022/3106/2996
f 2994/3078/2968 3135/3068/2958 3136/3076/2966 3008/3100/2990
f 2980/3071/2961 3134/3044/2934 3135/3068/2958 2994/3078/2968
f 2966/3049/2939 3133/3039/2929 3134/3044/2934 2980/3071/2961
f 2952/3042/2932 3132/3016/2906 3133/3039/2929 2966/3049/2939
f 2938/3020/2910 3131/3006/2900 3132/3016/2906 2952/3042/2932
f 2923/3013/2903 3130/2973/2878 3131/3006/2900 2938/3020/2910
f 2909/3012/2881 3129/2971/2871 3130/2973/2878 2923/3013/2903
f 2895/2966/2873 3128/2943/2850 3129/2964/2871 2909/2976/2881
f 2881/2946/2853 3127/2936/2843 3128/2943/2850 2895/2966/2873
f 2867/2924/2831 3126/2914/2821 3127/2936/2843 2881/2946/2853
f 2853/2917/2824 3125/2892/2799 3126/2914/2821 2867/2924/2831
f 2838/2895/2802 3124/2885/2792 3125/2892/2799 2853/2917/2824
f 2824/2888/2795 3123/2851/2771 3124/2885/2792 2838/2895/2802
f 2810/2856/2773 3122/2840/2763 3123/2851/2771 2824/2888/2795
f 2796/2855/2766 3121/2841/2739 3122/2840/2763 2810/2856/2773
f 2782/2820/2744 3120/2810/2734 3121/2815/2739 2796/2844/2766
f 2768/2813/2737 3119/2789/2713 3120/2810/2734 2782/2820/2744
f 2754/2792/2716 3118/2782/2706 3119/2789/2713 2768/2813/2737
f 2740/2784/2708 3117/2760/2684 3118/2782/2706 2754/2792/2716
f 2726/2763/2687 3116/2753/2677 3117/2760/2684 2740/2784/2708
f 2712/2740/2664 3115/2722/2655 3116/2753/2677 2726/2763/2687
f 2698/2730/2658 3114/2709/2648 3115/2722/2655 2712/2740/2664
f 2684/2729/2636 3113/2707/2628 3114/2709/2648 2698/2730/2658
f 2670/2692/2633 3112/2685/2626 3113/2687/2628 2684/2695/2636
f 2661/2691/2632 3111/3198/3073 3112/2685/2626 2670/2692/2633
f 3111/3198/3073 2937/2686/2627 3112/2685/2626
o Fragola.001_Cylinder.024
v -0.081927 0.091007 -0.014974
v -0.081176 0.090878 -0.014676
v -0.080518 0.090442 -0.014415
v -0.079995 0.089683 -0.014207
v -0.079678 0.088806 -0.014082
v -0.079608 0.087853 -0.014054
v -0.079797 0.086863 -0.014129
v -0.080022 0.085872 -0.014218
v -0.082409 0.082641 -0.015166
v -0.082087 0.091007 -0.014663
v -0.081409 0.090878 -0.014224
v -0.080815 0.090442 -0.013840
v -0.080342 0.089683 -0.013534
v -0.080056 0.088806 -0.013349
v -0.079993 0.087853 -0.013308
v -0.080163 0.086863 -0.013418
v -0.080367 0.085872 -0.013550
v -0.080774 0.084920 -0.013813
v -0.081235 0.084042 -0.014112
v -0.081879 0.083273 -0.014528
v -0.082523 0.082641 -0.014944
v -0.082999 0.082172 -0.015253
v -0.083320 0.081883 -0.015460
v -0.082306 0.091007 -0.014389
v -0.081726 0.090878 -0.013826
v -0.081218 0.090442 -0.013333
v -0.080814 0.089683 -0.012941
v -0.080569 0.088806 -0.012703
v -0.080516 0.087853 -0.012651
v -0.080661 0.086863 -0.012793
v -0.080835 0.085872 -0.012961
v -0.081183 0.084920 -0.013299
v -0.081578 0.084042 -0.013682
v -0.082128 0.083273 -0.014216
v -0.082678 0.082641 -0.014750
v -0.083085 0.082172 -0.015145
v -0.083359 0.081883 -0.015411
v -0.082573 0.091007 -0.014162
v -0.082115 0.090878 -0.013498
v -0.081713 0.090442 -0.012915
v -0.081393 0.089683 -0.012451
v -0.081199 0.088806 -0.012171
v -0.081157 0.087853 -0.012109
v -0.081272 0.086863 -0.012276
v -0.081409 0.085872 -0.012476
v -0.081685 0.084920 -0.012875
v -0.081997 0.084042 -0.013327
v -0.082432 0.083273 -0.013958
v -0.082868 0.082641 -0.014589
v -0.083190 0.082172 -0.015057
v -0.083407 0.081883 -0.015371
v -0.082880 0.091007 -0.013993
v -0.082560 0.090878 -0.013251
v -0.082279 0.090442 -0.012601
v -0.082056 0.089683 -0.012084
v -0.081921 0.088806 -0.011771
v -0.081891 0.087853 -0.011703
v -0.081972 0.086863 -0.011889
v -0.082067 0.085872 -0.012111
v -0.082260 0.084920 -0.012557
v -0.082478 0.084042 -0.013061
v -0.082781 0.083273 -0.013765
v -0.083085 0.082641 -0.014469
v -0.083310 0.082172 -0.014990
v -0.083462 0.081883 -0.015340
v -0.083214 0.091007 -0.013886
v -0.083044 0.090878 -0.013096
v -0.082896 0.090442 -0.012404
v -0.082778 0.089683 -0.011853
v -0.082706 0.088806 -0.011520
v -0.082691 0.087853 -0.011447
v -0.082733 0.086863 -0.011645
v -0.082784 0.085872 -0.011882
v -0.082886 0.084920 -0.012357
v -0.083001 0.084042 -0.012894
v -0.083162 0.083273 -0.013643
v -0.083322 0.082641 -0.014393
v -0.083441 0.082172 -0.014948
v -0.083521 0.081883 -0.015321
v -0.083562 0.091007 -0.013847
v -0.083550 0.090878 -0.013039
v -0.083539 0.090442 -0.012331
v -0.083531 0.089683 -0.011768
v -0.083526 0.088806 -0.011427
v -0.083525 0.087853 -0.011353
v -0.083528 0.086863 -0.011555
v -0.083531 0.085872 -0.011797
v -0.083539 0.084920 -0.012282
v -0.083547 0.084042 -0.012832
v -0.083558 0.083273 -0.013598
v -0.083569 0.082641 -0.014365
v -0.083578 0.082172 -0.014933
v -0.083583 0.081883 -0.015314
v -0.083911 0.091007 -0.013876
v -0.084057 0.090878 -0.013081
v -0.084184 0.090442 -0.012385
v -0.084286 0.089683 -0.011831
v -0.084348 0.088806 -0.011496
v -0.084361 0.087853 -0.011422
v -0.084325 0.086863 -0.011622
v -0.084281 0.085872 -0.011860
v -0.084193 0.084920 -0.012337
v -0.084094 0.084042 -0.012878
v -0.083956 0.083273 -0.013632
v -0.083817 0.082641 -0.014386
v -0.083715 0.082172 -0.014944
v -0.083646 0.081883 -0.015319
v -0.084248 0.091007 -0.013972
v -0.084546 0.090878 -0.013222
v -0.084807 0.090442 -0.012564
v -0.085015 0.089683 -0.012040
v -0.085140 0.088806 -0.011723
v -0.085168 0.087853 -0.011654
v -0.085093 0.086863 -0.011843
v -0.085004 0.085872 -0.012068
v -0.084825 0.084920 -0.012519
v -0.084622 0.084042 -0.013029
v -0.084339 0.083273 -0.013742
v -0.084056 0.082641 -0.014454
v -0.083847 0.082172 -0.014982
v -0.083706 0.081883 -0.015337
v -0.084559 0.091007 -0.014133
v -0.084998 0.090878 -0.013455
v -0.085382 0.090442 -0.012861
v -0.085688 0.089683 -0.012388
v -0.085874 0.088806 -0.012101
v -0.085914 0.087853 -0.012039
v -0.085804 0.086863 -0.012209
v -0.085672 0.085872 -0.012412
v -0.085409 0.084920 -0.012820
v -0.085110 0.084042 -0.013281
v -0.084694 0.083273 -0.013925
v -0.084278 0.082641 -0.014568
v -0.083969 0.082172 -0.015045
v -0.083762 0.081883 -0.015366
v -0.084833 0.091007 -0.014351
v -0.085396 0.090878 -0.013772
v -0.085889 0.090442 -0.013264
v -0.086281 0.089683 -0.012860
v -0.086519 0.088806 -0.012615
v -0.086571 0.087853 -0.012562
v -0.086429 0.086863 -0.012707
v -0.086261 0.085872 -0.012881
v -0.085923 0.084920 -0.013229
v -0.085540 0.084042 -0.013623
v -0.085006 0.083273 -0.014173
v -0.084472 0.082641 -0.014723
v -0.084077 0.082172 -0.015131
v -0.083811 0.081883 -0.015405
v -0.085060 0.091007 -0.014619
v -0.085724 0.090878 -0.014160
v -0.086307 0.090442 -0.013758
v -0.086771 0.089683 -0.013438
v -0.087051 0.088806 -0.013245
v -0.087113 0.087853 -0.013203
v -0.086946 0.086863 -0.013318
v -0.086747 0.085872 -0.013455
v -0.086347 0.084920 -0.013731
v -0.085895 0.084042 -0.014043
v -0.085264 0.083273 -0.014478
v -0.084633 0.082641 -0.014913
v -0.084165 0.082172 -0.015236
v -0.083851 0.081883 -0.015452
v -0.085229 0.091007 -0.014925
v -0.085971 0.090878 -0.014605
v -0.086621 0.090442 -0.014325
v -0.087138 0.089683 -0.014101
v -0.087451 0.088806 -0.013966
v -0.087519 0.087853 -0.013937
v -0.087333 0.086863 -0.014017
v -0.087111 0.085872 -0.014113
v -0.086665 0.084920 -0.014305
v -0.086161 0.084042 -0.014523
v -0.085457 0.083273 -0.014827
v -0.084753 0.082641 -0.015131
v -0.084232 0.082172 -0.015356
v -0.083882 0.081883 -0.015507
v -0.085336 0.091007 -0.015259
v -0.086126 0.090878 -0.015090
v -0.086818 0.090442 -0.014942
v -0.087369 0.089683 -0.014823
v -0.087702 0.088806 -0.014752
v -0.087775 0.087853 -0.014736
v -0.087577 0.086863 -0.014779
v -0.087340 0.085872 -0.014830
v -0.086866 0.084920 -0.014931
v -0.086328 0.084042 -0.015047
v -0.085579 0.083273 -0.015207
v -0.084829 0.082641 -0.015368
v -0.084274 0.082172 -0.015487
v -0.083901 0.081883 -0.015567
v -0.083588 0.081767 -0.015634
v -0.085376 0.091007 -0.015607
v -0.086183 0.090878 -0.015595
v -0.086891 0.090442 -0.015585
v -0.087454 0.089683 -0.015577
v -0.087795 0.088806 -0.015572
v -0.087870 0.087853 -0.015570
v -0.087667 0.086863 -0.015573
v -0.087425 0.085872 -0.015577
v -0.086940 0.084920 -0.015584
v -0.086390 0.084042 -0.015592
v -0.085624 0.083273 -0.015604
v -0.084857 0.082641 -0.015615
v -0.084289 0.082172 -0.015623
v -0.083908 0.081883 -0.015629
v -0.085346 0.091007 -0.015957
v -0.086141 0.090878 -0.016102
v -0.086837 0.090442 -0.016230
v -0.087391 0.089683 -0.016332
v -0.087726 0.088806 -0.016393
v -0.087800 0.087853 -0.016407
v -0.087600 0.086863 -0.016370
v -0.087362 0.085872 -0.016327
v -0.086885 0.084920 -0.016239
v -0.086344 0.084042 -0.016140
v -0.085590 0.083273 -0.016001
v -0.084837 0.082641 -0.015863
v -0.084278 0.082172 -0.015760
v -0.083903 0.081883 -0.015692
v -0.085250 0.091007 -0.016293
v -0.086000 0.090878 -0.016591
v -0.086658 0.090442 -0.016852
v -0.087182 0.089683 -0.017060
v -0.087499 0.088806 -0.017186
v -0.087568 0.087853 -0.017214
v -0.087379 0.086863 -0.017139
v -0.087154 0.085872 -0.017049
v -0.086704 0.084920 -0.016870
v -0.086193 0.084042 -0.016668
v -0.085480 0.083273 -0.016385
v -0.084768 0.082641 -0.016102
v -0.084240 0.082172 -0.015893
v -0.083885 0.081883 -0.015752
v -0.085089 0.091007 -0.016605
v -0.085767 0.090878 -0.017043
v -0.086361 0.090442 -0.017428
v -0.086834 0.089683 -0.017734
v -0.087121 0.088806 -0.017919
v -0.087183 0.087853 -0.017960
v -0.087013 0.086863 -0.017850
v -0.086810 0.085872 -0.017718
v -0.086402 0.084920 -0.017454
v -0.085941 0.084042 -0.017156
v -0.085297 0.083273 -0.016740
v -0.084654 0.082641 -0.016323
v -0.084177 0.082172 -0.016015
v -0.083857 0.081883 -0.015807
v -0.084871 0.091007 -0.016879
v -0.085450 0.090878 -0.017441
v -0.085958 0.090442 -0.017935
v -0.086362 0.089683 -0.018327
v -0.086607 0.088806 -0.018564
v -0.086660 0.087853 -0.018616
v -0.086515 0.086863 -0.018475
v -0.086341 0.085872 -0.018306
v -0.085993 0.084920 -0.017969
v -0.085599 0.084042 -0.017586
v -0.085049 0.083273 -0.017052
v -0.084499 0.082641 -0.016518
v -0.084091 0.082172 -0.016122
v -0.083818 0.081883 -0.015857
v -0.084603 0.091007 -0.017105
v -0.085062 0.090878 -0.017770
v -0.085464 0.090442 -0.018353
v -0.085784 0.089683 -0.018816
v -0.085977 0.088806 -0.019097
v -0.086020 0.087853 -0.019158
v -0.085904 0.086863 -0.018992
v -0.085767 0.085872 -0.018792
v -0.085491 0.084920 -0.018393
v -0.085179 0.084042 -0.017940
v -0.084744 0.083273 -0.017309
v -0.084309 0.082641 -0.016679
v -0.083986 0.082172 -0.016211
v -0.083770 0.081883 -0.015897
v -0.083588 0.090911 -0.015634
v -0.084297 0.091007 -0.017275
v -0.084617 0.090878 -0.018016
v -0.084897 0.090442 -0.018666
v -0.085121 0.089683 -0.019184
v -0.085256 0.088806 -0.019497
v -0.085285 0.087853 -0.019565
v -0.085205 0.086863 -0.019379
v -0.085109 0.085872 -0.019157
v -0.084917 0.084920 -0.018711
v -0.084699 0.084042 -0.018207
v -0.084395 0.083273 -0.017503
v -0.084091 0.082641 -0.016799
v -0.083866 0.082172 -0.016278
v -0.083715 0.081883 -0.015927
v -0.083963 0.091007 -0.017382
v -0.084132 0.090878 -0.018171
v -0.084281 0.090442 -0.018863
v -0.084399 0.089683 -0.019414
v -0.084470 0.088806 -0.019748
v -0.084486 0.087853 -0.019821
v -0.084443 0.086863 -0.019622
v -0.084392 0.085872 -0.019386
v -0.084291 0.084920 -0.018911
v -0.084176 0.084042 -0.018374
v -0.084015 0.083273 -0.017624
v -0.083854 0.082641 -0.016875
v -0.083735 0.082172 -0.016320
v -0.083655 0.081883 -0.015946
v -0.083615 0.091007 -0.017421
v -0.083627 0.090878 -0.018229
v -0.083637 0.090442 -0.018936
v -0.083646 0.089683 -0.019500
v -0.083651 0.088806 -0.019841
v -0.083652 0.087853 -0.019915
v -0.083649 0.086863 -0.019712
v -0.083645 0.085872 -0.019470
v -0.083638 0.084920 -0.018985
v -0.083630 0.084042 -0.018436
v -0.083618 0.083273 -0.017669
v -0.083607 0.082641 -0.016903
v -0.083599 0.082172 -0.016335
v -0.083593 0.081883 -0.015953
v -0.083265 0.091007 -0.017392
v -0.083120 0.090878 -0.018186
v -0.082992 0.090442 -0.018883
v -0.082890 0.089683 -0.019437
v -0.082829 0.088806 -0.019772
v -0.082815 0.087853 -0.019845
v -0.082852 0.086863 -0.019646
v -0.082896 0.085872 -0.019408
v -0.082983 0.084920 -0.018931
v -0.083082 0.084042 -0.018390
v -0.083221 0.083273 -0.017636
v -0.083359 0.082641 -0.016882
v -0.083462 0.082172 -0.016324
v -0.083531 0.081883 -0.015948
v -0.082929 0.091007 -0.017295
v -0.082631 0.090878 -0.018046
v -0.082370 0.090442 -0.018704
v -0.082162 0.089683 -0.019227
v -0.082036 0.088806 -0.019544
v -0.082008 0.087853 -0.019614
v -0.082083 0.086863 -0.019425
v -0.082173 0.085872 -0.019200
v -0.082352 0.084920 -0.018749
v -0.082554 0.084042 -0.018238
v -0.082837 0.083273 -0.017526
v -0.083120 0.082641 -0.016814
v -0.083329 0.082172 -0.016286
v -0.083470 0.081883 -0.015931
v -0.082617 0.091007 -0.017135
v -0.082179 0.090878 -0.017813
v -0.081794 0.090442 -0.018407
v -0.081488 0.089683 -0.018880
v -0.081303 0.088806 -0.019166
v -0.081262 0.087853 -0.019229
v -0.081373 0.086863 -0.019059
v -0.081504 0.085872 -0.018855
v -0.081768 0.084920 -0.018448
v -0.082066 0.084042 -0.017987
v -0.082483 0.083273 -0.017343
v -0.082899 0.082641 -0.016699
v -0.083207 0.082172 -0.016223
v -0.083415 0.081883 -0.015902
v -0.082343 0.091007 -0.016916
v -0.081781 0.090878 -0.017496
v -0.081288 0.090442 -0.018004
v -0.080895 0.089683 -0.018408
v -0.080658 0.088806 -0.018653
v -0.080606 0.087853 -0.018706
v -0.080747 0.086863 -0.018561
v -0.080916 0.085872 -0.018387
v -0.081254 0.084920 -0.018039
v -0.081636 0.084042 -0.017644
v -0.082170 0.083273 -0.017094
v -0.082704 0.082641 -0.016545
v -0.083100 0.082172 -0.016137
v -0.083366 0.081883 -0.015863
v -0.082117 0.091007 -0.016649
v -0.081452 0.090878 -0.017107
v -0.080869 0.090442 -0.017509
v -0.080406 0.089683 -0.017829
v -0.080125 0.088806 -0.018023
v -0.080064 0.087853 -0.018065
v -0.080231 0.086863 -0.017950
v -0.080430 0.085872 -0.017813
v -0.080829 0.084920 -0.017537
v -0.081282 0.084042 -0.017225
v -0.081913 0.083273 -0.016790
v -0.082543 0.082641 -0.016355
v -0.083011 0.082172 -0.016032
v -0.083325 0.081883 -0.015815
v -0.081947 0.091007 -0.016342
v -0.081206 0.090878 -0.016662
v -0.080556 0.090442 -0.016943
v -0.080039 0.089683 -0.017166
v -0.079725 0.088806 -0.017301
v -0.079657 0.087853 -0.017331
v -0.079843 0.086863 -0.017251
v -0.080066 0.085872 -0.017155
v -0.080511 0.084920 -0.016962
v -0.081016 0.084042 -0.016744
v -0.081719 0.083273 -0.016441
v -0.082423 0.082641 -0.016137
v -0.082944 0.082172 -0.015912
v -0.083295 0.081883 -0.015761
v -0.081840 0.091007 -0.016009
v -0.081051 0.090878 -0.016178
v -0.080359 0.090442 -0.016326
v -0.079808 0.089683 -0.016444
v -0.079474 0.088806 -0.016516
v -0.079402 0.087853 -0.016531
v -0.079600 0.086863 -0.016489
v -0.079837 0.085872 -0.016438
v -0.080311 0.084920 -0.016336
v -0.080848 0.084042 -0.016221
v -0.081598 0.083273 -0.016061
v -0.082347 0.082641 -0.015900
v -0.082902 0.082172 -0.015781
v -0.083276 0.081883 -0.015701
v -0.081801 0.091007 -0.015660
v -0.080993 0.090878 -0.015672
v -0.080286 0.090442 -0.015683
v -0.079722 0.089683 -0.015691
v -0.079381 0.088806 -0.015696
v -0.079307 0.087853 -0.015697
v -0.079510 0.086863 -0.015694
v -0.079752 0.085872 -0.015691
v -0.080237 0.084920 -0.015684
v -0.080786 0.084042 -0.015675
v -0.081553 0.083273 -0.015664
v -0.082319 0.082641 -0.015653
v -0.082887 0.082172 -0.015644
v -0.083269 0.081883 -0.015639
v -0.081830 0.091007 -0.015311
v -0.081036 0.090878 -0.015165
v -0.080340 0.090442 -0.015038
v -0.079785 0.089683 -0.014936
v -0.079450 0.088806 -0.014874
v -0.079377 0.087853 -0.014861
v -0.079576 0.086863 -0.014897
v -0.079814 0.085872 -0.014941
v -0.080292 0.084920 -0.015029
v -0.080832 0.084042 -0.015128
v -0.081586 0.083273 -0.015266
v -0.082340 0.082641 -0.015405
v -0.082898 0.082172 -0.015507
v -0.083274 0.081883 -0.015576
v -0.080473 0.084920 -0.014397
v -0.080984 0.084042 -0.014600
v -0.081696 0.083273 -0.014883
v -0.082936 0.082172 -0.015375
v -0.083291 0.081883 -0.015516
v -0.082668 0.090968 -0.015268
v -0.082757 0.090968 -0.015096
v -0.082878 0.090968 -0.014944
v -0.083026 0.090968 -0.014819
v -0.083196 0.090968 -0.014725
v -0.083381 0.090968 -0.014665
v -0.083574 0.090968 -0.014644
v -0.083767 0.090968 -0.014660
v -0.083954 0.090968 -0.014713
v -0.084126 0.090968 -0.014802
v -0.084278 0.090968 -0.014923
v -0.084403 0.090968 -0.015071
v -0.084498 0.090968 -0.015241
v -0.084557 0.090968 -0.015426
v -0.084579 0.090968 -0.015619
v -0.084562 0.090968 -0.015813
v -0.084509 0.090968 -0.015999
v -0.084420 0.090968 -0.016172
v -0.084299 0.090968 -0.016324
v -0.084151 0.090968 -0.016449
v -0.083981 0.090968 -0.016543
v -0.083796 0.090968 -0.016602
v -0.083603 0.090968 -0.016624
v -0.083409 0.090968 -0.016608
v -0.083223 0.090968 -0.016554
v -0.083050 0.090968 -0.016465
v -0.082898 0.090968 -0.016345
v -0.082773 0.090968 -0.016196
v -0.082683 0.090968 -0.016016
v -0.082634 0.090968 -0.015805
v -0.082595 0.090968 -0.015615
v -0.082641 0.090968 -0.015388
vt 0.583663 0.691762
vt 0.585971 0.684562
vt 0.590617 0.686100
vt 0.587473 0.693334
vt 0.589696 0.644215
vt 0.588825 0.638497
vt 0.592397 0.637564
vt 0.594167 0.643376
vt 0.580760 0.699343
vt 0.583507 0.700691
vt 0.590246 0.650554
vt 0.595477 0.650039
vt 0.577718 0.706338
vt 0.579419 0.707261
vt 0.590347 0.656817
vt 0.596046 0.656753
vt 0.575327 0.711510
vt 0.576251 0.712041
vt 0.590007 0.663176
vt 0.595869 0.663627
vt 0.573721 0.714798
vt 0.574128 0.715053
vt 0.589178 0.670074
vt 0.594893 0.671015
vt 0.587571 0.626257
vt 0.584198 0.619321
vt 0.588869 0.625485
vt 0.572477 0.717102
vt 0.587857 0.677125
vt 0.593179 0.678437
vt 0.587611 0.632653
vt 0.590130 0.631848
vt 0.598790 0.680194
vt 0.595354 0.688165
vt 0.592513 0.630561
vt 0.595940 0.635982
vt 0.591240 0.695435
vt 0.598826 0.641855
vt 0.586107 0.702456
vt 0.601122 0.648972
vt 0.580977 0.708439
vt 0.602314 0.656396
vt 0.577085 0.712710
vt 0.602314 0.664100
vt 0.574490 0.715378
vt 0.601022 0.672222
vt 0.633823 0.624035
vt 0.639999 0.619321
vt 0.634886 0.625133
vt 0.624709 0.711626
vt 0.622110 0.706478
vt 0.623913 0.705759
vt 0.625693 0.711200
vt 0.611905 0.659356
vt 0.613372 0.651852
vt 0.619461 0.653421
vt 0.618219 0.660162
vt 0.626503 0.714885
vt 0.626936 0.714669
vt 0.611527 0.667361
vt 0.617640 0.667469
vt 0.636128 0.625997
vt 0.627985 0.717080
vt 0.611972 0.675433
vt 0.617694 0.674963
vt 0.613461 0.683721
vt 0.618427 0.682832
vt 0.624062 0.632681
vt 0.628882 0.628073
vt 0.630924 0.629964
vt 0.627265 0.635118
vt 0.615656 0.691566
vt 0.619723 0.690467
vt 0.619791 0.638003
vt 0.624159 0.640543
vt 0.618786 0.699455
vt 0.621696 0.698431
vt 0.616003 0.644703
vt 0.621415 0.646906
vt 0.633206 0.631395
vt 0.630601 0.636880
vt 0.623226 0.682412
vt 0.623734 0.689868
vt 0.628430 0.642345
vt 0.624661 0.697832
vt 0.626488 0.648490
vt 0.625790 0.705320
vt 0.625042 0.654621
vt 0.626725 0.710934
vt 0.624008 0.660906
vt 0.627394 0.714530
vt 0.623351 0.667761
vt 0.637500 0.626604
vt 0.623086 0.674852
vt 0.630332 0.655534
vt 0.629487 0.661581
vt 0.627782 0.710832
vt 0.627867 0.714472
vt 0.628792 0.668184
vt 0.638953 0.626943
vt 0.628265 0.675037
vt 0.627893 0.682399
vt 0.635643 0.632378
vt 0.634013 0.638066
vt 0.627687 0.689720
vt 0.632641 0.643562
vt 0.627637 0.697636
vt 0.631362 0.649600
vt 0.627700 0.705161
vt 0.632479 0.682759
vt 0.631592 0.689993
vt 0.637480 0.638730
vt 0.636840 0.644272
vt 0.630596 0.697828
vt 0.636157 0.650306
vt 0.629608 0.705282
vt 0.635499 0.656198
vt 0.628839 0.710894
vt 0.634827 0.662185
vt 0.628340 0.714497
vt 0.634103 0.668713
vt 0.640442 0.627006
vt 0.633333 0.675483
vt 0.638177 0.632923
vt 0.629875 0.711120
vt 0.628803 0.714601
vt 0.640179 0.662725
vt 0.639414 0.669351
vt 0.641919 0.626788
vt 0.638387 0.676186
vt 0.637037 0.683484
vt 0.640758 0.633031
vt 0.640992 0.638890
vt 0.635458 0.690682
vt 0.641078 0.644502
vt 0.633511 0.698404
vt 0.640983 0.650633
vt 0.631480 0.705678
vt 0.640688 0.656632
vt 0.639292 0.691799
vt 0.636356 0.699366
vt 0.645404 0.644234
vt 0.645949 0.650570
vt 0.633282 0.706345
vt 0.646047 0.656833
vt 0.630864 0.711504
vt 0.645700 0.663212
vt 0.629243 0.714784
vt 0.644859 0.670119
vt 0.643336 0.626292
vt 0.643525 0.677170
vt 0.641617 0.684598
vt 0.643338 0.632695
vt 0.644540 0.638532
vt 0.644640 0.625528
vt 0.629648 0.715041
vt 0.650579 0.671068
vt 0.648848 0.678494
vt 0.646263 0.686153
vt 0.645860 0.631899
vt 0.648107 0.637607
vt 0.643097 0.693383
vt 0.649870 0.643403
vt 0.639098 0.700727
vt 0.651180 0.650058
vt 0.634978 0.707277
vt 0.651749 0.656776
vt 0.631786 0.712040
vt 0.651567 0.663667
vt 0.654518 0.641885
vt 0.656821 0.648988
vt 0.641691 0.702504
vt 0.636530 0.708463
vt 0.658026 0.656419
vt 0.632616 0.712714
vt 0.658026 0.664145
vt 0.630008 0.715367
vt 0.656717 0.672288
vt 0.695368 0.619321
vt 0.690279 0.625192
vt 0.689203 0.624098
vt 0.654461 0.680267
vt 0.650999 0.688233
vt 0.648245 0.630624
vt 0.651642 0.636034
vt 0.646859 0.695499
vt 0.667766 0.675777
vt 0.667239 0.667714
vt 0.673352 0.667761
vt 0.673478 0.675251
vt 0.691532 0.626050
vt 0.669335 0.684039
vt 0.674285 0.683103
vt 0.679472 0.632852
vt 0.684273 0.628188
vt 0.686338 0.630070
vt 0.682706 0.635271
vt 0.671602 0.691847
vt 0.675651 0.690712
vt 0.675232 0.638228
vt 0.679635 0.640739
vt 0.674800 0.699688
vt 0.677693 0.698640
vt 0.671494 0.644982
vt 0.676939 0.647141
vt 0.678181 0.706662
vt 0.679973 0.705928
vt 0.668927 0.652173
vt 0.675041 0.653687
vt 0.680821 0.711772
vt 0.681799 0.711338
vt 0.667535 0.659703
vt 0.673861 0.660446
vt 0.682642 0.715006
vt 0.683071 0.714786
vt 0.684141 0.717179
vt 0.680645 0.698014
vt 0.681841 0.705473
vt 0.682036 0.648685
vt 0.680640 0.654838
vt 0.682826 0.711063
vt 0.679661 0.661139
vt 0.683527 0.714644
vt 0.679065 0.668001
vt 0.692912 0.626650
vt 0.678865 0.675090
vt 0.679073 0.682640
vt 0.688638 0.631489
vt 0.686066 0.637012
vt 0.679648 0.690076
vt 0.683932 0.642510
vt 0.694374 0.626979
vt 0.684041 0.675230
vt 0.683732 0.682585
vt 0.691091 0.632458
vt 0.689498 0.638176
vt 0.683592 0.689893
vt 0.688162 0.643697
vt 0.683613 0.697791
vt 0.686927 0.649757
vt 0.683745 0.705297
vt 0.685942 0.655708
vt 0.683879 0.710951
vt 0.685150 0.661767
vt 0.683997 0.714582
vt 0.684510 0.668376
vt 0.691733 0.650428
vt 0.691116 0.656332
vt 0.685649 0.705400
vt 0.684934 0.711004
vt 0.690500 0.662328
vt 0.684469 0.714601
vt 0.689826 0.668863
vt 0.695868 0.627031
vt 0.689108 0.675633
vt 0.688314 0.682904
vt 0.693638 0.632986
vt 0.692980 0.638817
vt 0.687490 0.690132
vt 0.692376 0.644378
vt 0.686566 0.697957
vt 0.694161 0.676296
vt 0.692869 0.683591
vt 0.696229 0.633076
vt 0.696503 0.638953
vt 0.691353 0.690785
vt 0.696626 0.644581
vt 0.689479 0.698505
vt 0.696564 0.650725
vt 0.687520 0.705778
vt 0.696295 0.656720
vt 0.685969 0.711219
vt 0.695876 0.662830
vt 0.684931 0.714700
vt 0.695142 0.669462
vt 0.697349 0.626802
vt 0.689322 0.706427
vt 0.686959 0.711593
vt 0.701659 0.656908
vt 0.701397 0.663291
vt 0.685372 0.714878
vt 0.700583 0.670197
vt 0.698768 0.626294
vt 0.699294 0.677242
vt 0.697446 0.684665
vt 0.698816 0.632722
vt 0.700062 0.638571
vt 0.695187 0.691867
vt 0.700964 0.644288
vt 0.692325 0.699439
vt 0.701542 0.650638
vt 0.702091 0.686179
vt 0.698994 0.693414
vt 0.703637 0.637619
vt 0.705442 0.643427
vt 0.695071 0.700771
vt 0.706794 0.650101
vt 0.691022 0.707340
vt 0.707403 0.656844
vt 0.687883 0.712118
vt 0.707226 0.663729
vt 0.685779 0.715130
vt 0.706286 0.671113
vt 0.700072 0.625517
vt 0.704609 0.678526
vt 0.701342 0.631905
vt 0.688716 0.712783
vt 0.686141 0.715453
vt 0.713682 0.664188
vt 0.712408 0.672296
vt 0.750488 0.712507
vt 0.744469 0.717514
vt 0.749371 0.711446
vt 0.710213 0.680253
vt 0.706826 0.688215
vt 0.703728 0.630608
vt 0.707176 0.636017
vt 0.702762 0.695491
vt 0.710102 0.641877
vt 0.697672 0.702520
vt 0.712452 0.649004
vt 0.692581 0.708508
vt 0.713682 0.656466
vt 0.764008 0.697847
vt 0.759945 0.703387
vt 0.756617 0.701074
vt 0.759506 0.695485
vt 0.762229 0.636412
vt 0.765701 0.644108
vt 0.761707 0.645387
vt 0.759384 0.637561
vt 0.767514 0.690944
vt 0.761983 0.688974
vt 0.758609 0.629588
vt 0.756850 0.630383
vt 0.769827 0.683647
vt 0.763651 0.682352
vt 0.755797 0.624590
vt 0.754838 0.625057
vt 0.770945 0.676057
vt 0.764588 0.675543
vt 0.753865 0.621433
vt 0.753445 0.621668
vt 0.770945 0.668033
vt 0.764833 0.668209
vt 0.748084 0.710630
vt 0.752293 0.619321
vt 0.770120 0.659997
vt 0.764436 0.660731
vt 0.768249 0.651810
vt 0.763345 0.652924
vt 0.755292 0.708232
vt 0.753155 0.706416
vt 0.758760 0.675057
vt 0.759114 0.668174
vt 0.746678 0.710076
vt 0.752996 0.621826
vt 0.759063 0.661085
vt 0.758586 0.653560
vt 0.750799 0.705072
vt 0.753187 0.699444
vt 0.757746 0.646165
vt 0.755138 0.693858
vt 0.756466 0.638292
vt 0.756824 0.687606
vt 0.755007 0.630904
vt 0.758007 0.681399
vt 0.753824 0.625369
vt 0.753821 0.646490
vt 0.753517 0.638620
vt 0.750857 0.692813
vt 0.751890 0.686700
vt 0.753116 0.631148
vt 0.752675 0.680719
vt 0.752779 0.625519
vt 0.753244 0.674620
vt 0.752530 0.621905
vt 0.753657 0.667988
vt 0.745200 0.709795
vt 0.753890 0.661128
vt 0.753940 0.653780
vt 0.748304 0.704185
vt 0.749706 0.698394
vt 0.743699 0.709795
vt 0.752059 0.621903
vt 0.748329 0.667680
vt 0.748820 0.660899
vt 0.749361 0.653622
vt 0.745731 0.703743
vt 0.746192 0.697870
vt 0.749927 0.646390
vt 0.746610 0.692271
vt 0.750569 0.638562
vt 0.747057 0.686185
vt 0.751216 0.631114
vt 0.747492 0.680252
vt 0.751725 0.625504
vt 0.747860 0.674228
vt 0.742341 0.692209
vt 0.742201 0.686041
vt 0.747648 0.638120
vt 0.749338 0.630804
vt 0.742280 0.680011
vt 0.750687 0.625327
vt 0.742485 0.673894
vt 0.751595 0.621821
vt 0.743005 0.667254
vt 0.742221 0.710076
vt 0.743759 0.660409
vt 0.744798 0.653096
vt 0.743129 0.703741
vt 0.742652 0.697853
vt 0.746056 0.645876
vt 0.737556 0.666696
vt 0.738613 0.659638
vt 0.740815 0.710635
vt 0.740202 0.652184
vt 0.740544 0.704186
vt 0.739093 0.698358
vt 0.742199 0.644935
vt 0.737995 0.692647
vt 0.744780 0.637291
vt 0.737210 0.686288
vt 0.747519 0.630223
vt 0.736901 0.679996
vt 0.749687 0.624990
vt 0.736954 0.673605
vt 0.751149 0.621660
vt 0.741997 0.636063
vt 0.745793 0.629374
vt 0.731952 0.686990
vt 0.731167 0.680229
vt 0.748747 0.624500
vt 0.731098 0.673336
vt 0.750735 0.621423
vt 0.731848 0.665960
vt 0.739533 0.711460
vt 0.733282 0.658537
vt 0.735527 0.650839
vt 0.738037 0.705094
vt 0.735535 0.699435
vt 0.738354 0.643529
vt 0.733524 0.693660
vt 0.727661 0.657011
vt 0.730747 0.648980
vt 0.735687 0.706479
vt 0.732035 0.701168
vt 0.734531 0.641597
vt 0.728887 0.695381
vt 0.739344 0.634415
vt 0.726268 0.688281
vt 0.744198 0.628267
vt 0.724769 0.680755
vt 0.747892 0.623868
vt 0.724741 0.673017
vt 0.750362 0.621115
vt 0.725753 0.664973
vt 0.578061 0.624067
vt 0.579128 0.625156
vt 0.569169 0.711665
vt 0.566540 0.706528
vt 0.568341 0.705799
vt 0.570151 0.711234
vt 0.556106 0.659153
vt 0.557825 0.651667
vt 0.563794 0.653300
vt 0.562537 0.660049
vt 0.570982 0.714916
vt 0.571414 0.714697
vt 0.555726 0.667293
vt 0.561911 0.667404
vt 0.580455 0.625987
vt 0.556209 0.675438
vt 0.561970 0.674946
vt 0.557747 0.683763
vt 0.562732 0.682847
vt 0.568397 0.632732
vt 0.573162 0.628123
vt 0.575207 0.629995
vt 0.571588 0.635140
vt 0.559990 0.691627
vt 0.564064 0.690504
vt 0.564185 0.638026
vt 0.568515 0.640537
vt 0.563173 0.699516
vt 0.566082 0.698475
vt 0.560450 0.644651
vt 0.565785 0.646847
vt 0.577486 0.631410
vt 0.574911 0.636884
vt 0.567548 0.682408
vt 0.568081 0.689886
vt 0.572759 0.642326
vt 0.569049 0.697859
vt 0.570819 0.648439
vt 0.570217 0.705349
vt 0.569343 0.654543
vt 0.571183 0.710962
vt 0.568350 0.660838
vt 0.571872 0.714556
vt 0.567658 0.667709
vt 0.582033 0.626529
vt 0.567390 0.674826
vt 0.574628 0.655485
vt 0.573829 0.661534
vt 0.572240 0.710854
vt 0.572343 0.714496
vt 0.573114 0.668140
vt 0.583451 0.626991
vt 0.572581 0.675007
vt 0.572214 0.682388
vt 0.579921 0.632380
vt 0.578313 0.638057
vt 0.572052 0.689723
vt 0.576953 0.643535
vt 0.572029 0.697649
vt 0.575675 0.649555
vt 0.572128 0.705181
vt 0.576808 0.682731
vt 0.575963 0.689982
vt 0.581772 0.638712
vt 0.581142 0.644238
vt 0.574992 0.697829
vt 0.580464 0.650260
vt 0.574038 0.705292
vt 0.579811 0.656148
vt 0.573298 0.710911
vt 0.579157 0.662135
vt 0.572817 0.714517
vt 0.578428 0.668671
vt 0.585223 0.626849
vt 0.577657 0.675449
vt 0.582453 0.632915
vt 0.574335 0.711131
vt 0.573280 0.714618
vt 0.584520 0.662677
vt 0.583742 0.669307
vt 0.586158 0.626761
vt 0.582716 0.676147
vt 0.581373 0.683451
vt 0.585032 0.633016
vt 0.585276 0.638866
vt 0.579834 0.690657
vt 0.585369 0.644461
vt 0.577911 0.698392
vt 0.585283 0.650582
vt 0.575913 0.705679
vt 0.585002 0.656571
vn 0.7301 -0.6188 0.2898
vn 0.8094 -0.4916 0.3213
vn 0.7311 -0.4916 0.4730
vn 0.6596 -0.6188 0.4267
vn 0.6341 0.7311 0.2517
vn 0.3331 0.9336 0.1322
vn 0.3009 0.9336 0.1947
vn 0.5729 0.7311 0.3706
vn 0.6270 -0.7382 0.2489
vn 0.5664 -0.7382 0.3664
vn 0.8154 0.4799 0.3236
vn 0.7366 0.4800 0.4765
vn 0.5914 -0.7714 0.2347
vn 0.5343 -0.7714 0.3457
vn 0.9066 0.2204 0.3598
vn 0.8189 0.2204 0.5298
vn 0.5773 -0.7837 0.2292
vn 0.5216 -0.7837 0.3374
vn 0.9277 -0.0613 0.3682
vn 0.8380 -0.0613 0.5422
vn 0.4505 -0.8747 0.1788
vn 0.4069 -0.8747 0.2632
vn 0.9069 -0.2188 0.3600
vn 0.8193 -0.2188 0.5300
vn -0.0442 0.9986 -0.0286
vn -0.0001 1.0000 0.0000
vn -0.0378 0.9986 -0.0367
vn 0.0000 -1.0000 0.0000
vn 0.8721 -0.3457 0.3462
vn 0.7878 -0.3457 0.5097
vn 0.0564 0.9981 0.0226
vn 0.0510 0.9981 0.0330
vn 0.6733 -0.3457 0.6536
vn 0.6248 -0.4916 0.6066
vn 0.0435 0.9981 0.0423
vn 0.2571 0.9336 0.2496
vn 0.5636 -0.6188 0.5472
vn 0.4895 0.7311 0.4752
vn 0.4840 -0.7382 0.4699
vn 0.6294 0.4800 0.6110
vn 0.4566 -0.7714 0.4432
vn 0.6999 0.2204 0.6794
vn 0.4457 -0.7837 0.4327
vn 0.7161 -0.0613 0.6952
vn 0.3478 -0.8747 0.3376
vn 0.7001 -0.2188 0.6796
vn -0.0299 0.9986 -0.0434
vn 0.3613 -0.7714 0.5238
vn 0.3527 -0.7837 0.5113
vn 0.5538 0.2204 0.8029
vn 0.5668 -0.0613 0.8216
vn 0.2752 -0.8747 0.3990
vn 0.5541 -0.2188 0.8032
vn -0.0209 0.9986 -0.0484
vn 0.5328 -0.3457 0.7724
vn 0.4945 -0.4916 0.7168
vn 0.0345 0.9981 0.0500
vn 0.2035 0.9336 0.2950
vn 0.4461 -0.6188 0.6466
vn 0.3874 0.7311 0.5616
vn 0.3830 -0.7382 0.5553
vn 0.4981 0.4800 0.7221
vn 0.0240 0.9981 0.0558
vn 0.1420 0.9336 0.3291
vn 0.3451 -0.4916 0.7995
vn 0.3113 -0.6188 0.7212
vn 0.2704 0.7311 0.6264
vn 0.2673 -0.7382 0.6193
vn 0.3477 0.4800 0.8054
vn 0.2522 -0.7714 0.5842
vn 0.3866 0.2204 0.8955
vn 0.2462 -0.7836 0.5703
vn 0.3956 -0.0613 0.9163
vn 0.1921 -0.8747 0.4450
vn 0.3867 -0.2188 0.8958
vn -0.0110 0.9986 -0.0515
vn 0.3719 -0.3457 0.8615
vn 0.2044 0.2204 0.9537
vn 0.2092 -0.0613 0.9759
vn 0.1302 -0.7836 0.6074
vn 0.1016 -0.8747 0.4739
vn 0.2045 -0.2188 0.9541
vn -0.0008 0.9986 -0.0527
vn 0.1967 -0.3457 0.9175
vn 0.1825 -0.4916 0.8515
vn 0.0127 0.9981 0.0594
vn 0.0751 0.9336 0.3504
vn 0.1646 -0.6188 0.7681
vn 0.1430 0.7311 0.6671
vn 0.1414 -0.7382 0.6596
vn 0.1839 0.4800 0.8578
vn 0.1334 -0.7714 0.6222
vn 0.0129 -0.4916 0.8707
vn 0.0116 -0.6188 0.7855
vn 0.0053 0.9336 0.3583
vn 0.0101 0.7311 0.6822
vn 0.0100 -0.7382 0.6745
vn 0.0130 0.4800 0.8772
vn 0.0094 -0.7714 0.6363
vn 0.0144 0.2204 0.9753
vn 0.0092 -0.7837 0.6211
vn 0.0148 -0.0613 0.9980
vn 0.0072 -0.8747 0.4846
vn 0.0144 -0.2188 0.9756
vn 0.0095 0.9986 -0.0518
vn 0.0139 -0.3457 0.9382
vn 0.0009 0.9981 0.0607
vn -0.1121 -0.7837 0.6110
vn -0.0875 -0.8747 0.4767
vn -0.1802 -0.0613 0.9817
vn -0.1762 -0.2188 0.9597
vn 0.0194 0.9986 -0.0490
vn -0.1694 -0.3457 0.9229
vn -0.1572 -0.4916 0.8565
vn -0.0110 0.9981 0.0597
vn -0.0647 0.9336 0.3525
vn -0.1418 -0.6188 0.7726
vn -0.1232 0.7311 0.6711
vn -0.1218 -0.7382 0.6635
vn -0.1584 0.4799 0.8628
vn -0.1149 -0.7714 0.6259
vn -0.1761 0.2204 0.9593
vn -0.2898 -0.6188 0.7301
vn -0.2489 -0.7382 0.6270
vn -0.2517 0.7310 0.6341
vn -0.3236 0.4799 0.8154
vn -0.2348 -0.7714 0.5914
vn -0.3598 0.2204 0.9066
vn -0.2292 -0.7837 0.5773
vn -0.3682 -0.0613 0.9277
vn -0.1788 -0.8747 0.4505
vn -0.3600 -0.2188 0.9069
vn 0.0286 0.9986 -0.0442
vn -0.3462 -0.3457 0.8721
vn -0.3213 -0.4916 0.8094
vn -0.0224 0.9981 0.0564
vn -0.1322 0.9336 0.3331
vn 0.0367 0.9986 -0.0378
vn -0.2633 -0.8747 0.4069
vn -0.5300 -0.2188 0.8193
vn -0.5097 -0.3457 0.7878
vn -0.4730 -0.4916 0.7311
vn -0.0330 0.9981 0.0510
vn -0.1947 0.9336 0.3009
vn -0.4267 -0.6188 0.6596
vn -0.3706 0.7311 0.5729
vn -0.3664 -0.7382 0.5664
vn -0.4765 0.4799 0.7366
vn -0.3457 -0.7714 0.5343
vn -0.5298 0.2204 0.8189
vn -0.3374 -0.7837 0.5215
vn -0.5422 -0.0613 0.8380
vn -0.4752 0.7311 0.4895
vn -0.6110 0.4800 0.6294
vn -0.4699 -0.7382 0.4840
vn -0.4433 -0.7714 0.4566
vn -0.6794 0.2204 0.6999
vn -0.4327 -0.7837 0.4457
vn -0.6952 -0.0613 0.7161
vn -0.3376 -0.8747 0.3477
vn -0.6796 -0.2188 0.7001
vn 0.0434 0.9986 -0.0299
vn -0.6536 -0.3457 0.6733
vn -0.6066 -0.4916 0.6248
vn -0.0423 0.9981 0.0435
vn -0.2496 0.9335 0.2571
vn -0.5472 -0.6188 0.5636
vn -0.8032 -0.2188 0.5541
vn -0.7724 -0.3457 0.5328
vn 0.0484 0.9986 -0.0209
vn -0.7168 -0.4916 0.4945
vn -0.0500 0.9981 0.0345
vn -0.2950 0.9336 0.2035
vn -0.6466 -0.6188 0.4461
vn -0.5616 0.7310 0.3874
vn -0.5553 -0.7382 0.3830
vn -0.7221 0.4799 0.4982
vn -0.5238 -0.7714 0.3613
vn -0.8029 0.2204 0.5538
vn -0.5113 -0.7836 0.3527
vn -0.8216 -0.0613 0.5668
vn -0.3989 -0.8747 0.2752
vn -0.6193 -0.7382 0.2673
vn -0.5842 -0.7714 0.2522
vn -0.8054 0.4799 0.3477
vn -0.8955 0.2204 0.3866
vn -0.5703 -0.7837 0.2462
vn -0.9163 -0.0613 0.3956
vn -0.4450 -0.8747 0.1921
vn -0.8958 -0.2188 0.3867
vn 0.0515 0.9986 -0.0110
vn -0.8615 -0.3457 0.3719
vn -0.7995 -0.4916 0.3451
vn -0.0558 0.9981 0.0240
vn -0.3291 0.9336 0.1420
vn -0.7212 -0.6188 0.3113
vn -0.6264 0.7310 0.2704
vn 0.0527 0.9986 -0.0008
vn -0.9175 -0.3457 0.1967
vn -0.8515 -0.4916 0.1825
vn -0.0594 0.9981 0.0127
vn -0.3504 0.9336 0.0751
vn -0.7681 -0.6188 0.1646
vn -0.6671 0.7310 0.1430
vn -0.6596 -0.7382 0.1414
vn -0.8578 0.4800 0.1839
vn -0.6222 -0.7714 0.1334
vn -0.9537 0.2204 0.2044
vn -0.6074 -0.7837 0.1302
vn -0.9759 -0.0613 0.2092
vn -0.4739 -0.8747 0.1015
vn -0.9541 -0.2188 0.2045
vn -0.8772 0.4800 0.0130
vn -0.9753 0.2204 0.0144
vn -0.6363 -0.7714 0.0094
vn -0.6211 -0.7836 0.0092
vn -0.9980 -0.0613 0.0148
vn -0.4846 -0.8747 0.0071
vn -0.9756 -0.2188 0.0144
vn 0.0518 0.9986 0.0095
vn -0.9382 -0.3457 0.0139
vn -0.8707 -0.4916 0.0129
vn -0.0607 0.9981 0.0009
vn -0.3583 0.9336 0.0053
vn -0.7855 -0.6188 0.0116
vn -0.6822 0.7311 0.0101
vn -0.6745 -0.7382 0.0100
vn -0.9229 -0.3457 -0.1694
vn -0.8565 -0.4916 -0.1572
vn -0.0597 0.9981 -0.0110
vn -0.3525 0.9335 -0.0647
vn -0.7726 -0.6188 -0.1418
vn -0.6711 0.7311 -0.1232
vn -0.6635 -0.7382 -0.1218
vn -0.8628 0.4799 -0.1584
vn -0.6259 -0.7714 -0.1149
vn -0.9593 0.2204 -0.1761
vn -0.6110 -0.7837 -0.1121
vn -0.9817 -0.0613 -0.1802
vn -0.4767 -0.8747 -0.0875
vn -0.9597 -0.2188 -0.1762
vn 0.0490 0.9986 0.0194
vn -0.5914 -0.7714 -0.2347
vn -0.5773 -0.7836 -0.2292
vn -0.9066 0.2204 -0.3598
vn -0.9277 -0.0613 -0.3682
vn -0.4505 -0.8747 -0.1788
vn -0.9069 -0.2188 -0.3600
vn 0.0442 0.9986 0.0286
vn -0.8721 -0.3457 -0.3462
vn -0.8094 -0.4916 -0.3213
vn -0.0564 0.9981 -0.0224
vn -0.3331 0.9336 -0.1322
vn -0.7301 -0.6188 -0.2898
vn -0.6341 0.7311 -0.2517
vn -0.6270 -0.7382 -0.2489
vn -0.8154 0.4799 -0.3236
vn -0.7311 -0.4916 -0.4730
vn -0.6596 -0.6188 -0.4267
vn -0.3009 0.9336 -0.1947
vn -0.5729 0.7311 -0.3706
vn -0.5664 -0.7382 -0.3664
vn -0.7366 0.4799 -0.4765
vn -0.5343 -0.7714 -0.3457
vn -0.8189 0.2204 -0.5298
vn -0.5216 -0.7837 -0.3374
vn -0.8380 -0.0613 -0.5421
vn -0.4069 -0.8747 -0.2632
vn -0.8193 -0.2188 -0.5300
vn 0.0378 0.9986 0.0367
vn -0.7878 -0.3457 -0.5097
vn -0.0510 0.9981 -0.0330
vn -0.4457 -0.7837 -0.4327
vn -0.3478 -0.8747 -0.3376
vn -0.7161 -0.0613 -0.6952
vn -0.7001 -0.2188 -0.6796
vn 0.0299 0.9986 0.0434
vn -0.6733 -0.3457 -0.6536
vn -0.6248 -0.4916 -0.6066
vn -0.0435 0.9981 -0.0423
vn -0.2571 0.9336 -0.2496
vn -0.5636 -0.6188 -0.5472
vn -0.4895 0.7311 -0.4752
vn -0.4840 -0.7382 -0.4699
vn -0.6294 0.4800 -0.6110
vn -0.4566 -0.7714 -0.4433
vn -0.6999 0.2204 -0.6794
vn -0.2035 0.9335 -0.2950
vn -0.3874 0.7311 -0.5616
vn -0.4461 -0.6188 -0.6466
vn -0.3830 -0.7382 -0.5553
vn -0.4982 0.4800 -0.7221
vn -0.3613 -0.7714 -0.5238
vn -0.5538 0.2204 -0.8029
vn -0.3527 -0.7836 -0.5113
vn -0.5668 -0.0613 -0.8216
vn -0.2752 -0.8747 -0.3989
vn -0.5541 -0.2188 -0.8032
vn 0.0209 0.9986 0.0483
vn -0.5328 -0.3457 -0.7724
vn -0.4945 -0.4916 -0.7168
vn -0.0345 0.9981 -0.0500
vn -0.3956 -0.0613 -0.9163
vn -0.3867 -0.2188 -0.8958
vn 0.0110 0.9986 0.0515
vn -0.1921 -0.8747 -0.4450
vn -0.3719 -0.3457 -0.8615
vn -0.3451 -0.4916 -0.7995
vn -0.0240 0.9981 -0.0558
vn -0.1420 0.9335 -0.3291
vn -0.3113 -0.6188 -0.7212
vn -0.2704 0.7311 -0.6264
vn -0.2673 -0.7382 -0.6193
vn -0.3477 0.4800 -0.8054
vn -0.2522 -0.7714 -0.5842
vn -0.3866 0.2204 -0.8955
vn -0.2462 -0.7837 -0.5703
vn -0.1646 -0.6188 -0.7681
vn -0.1414 -0.7382 -0.6596
vn -0.1430 0.7311 -0.6671
vn -0.1839 0.4799 -0.8578
vn -0.1334 -0.7714 -0.6222
vn -0.2044 0.2204 -0.9537
vn -0.1302 -0.7837 -0.6074
vn -0.2092 -0.0613 -0.9759
vn -0.1016 -0.8747 -0.4739
vn -0.2045 -0.2188 -0.9541
vn 0.0008 0.9986 0.0527
vn -0.1967 -0.3457 -0.9175
vn -0.1825 -0.4916 -0.8515
vn -0.0127 0.9981 -0.0594
vn -0.0751 0.9336 -0.3504
vn -0.0095 0.9986 0.0518
vn -0.0072 -0.8747 -0.4846
vn -0.0144 -0.2188 -0.9756
vn -0.0139 -0.3457 -0.9382
vn -0.0129 -0.4916 -0.8707
vn -0.0009 0.9981 -0.0607
vn -0.0053 0.9336 -0.3583
vn -0.0116 -0.6188 -0.7855
vn -0.0101 0.7311 -0.6822
vn -0.0100 -0.7382 -0.6745
vn -0.0130 0.4799 -0.8772
vn -0.0094 -0.7714 -0.6363
vn -0.0144 0.2204 -0.9753
vn -0.0092 -0.7837 -0.6211
vn -0.0148 -0.0613 -0.9980
vn 0.1232 0.7310 -0.6711
vn 0.1584 0.4799 -0.8628
vn 0.1218 -0.7382 -0.6635
vn 0.1149 -0.7714 -0.6259
vn 0.1761 0.2204 -0.9593
vn 0.1121 -0.7836 -0.6110
vn 0.1802 -0.0613 -0.9817
vn 0.0875 -0.8747 -0.4767
vn 0.1762 -0.2188 -0.9597
vn -0.0194 0.9986 0.0490
vn 0.1694 -0.3457 -0.9229
vn 0.1572 -0.4916 -0.8565
vn 0.0110 0.9981 -0.0597
vn 0.0647 0.9336 -0.3525
vn 0.1418 -0.6188 -0.7726
vn 0.3600 -0.2188 -0.9069
vn 0.3462 -0.3457 -0.8721
vn -0.0286 0.9986 0.0442
vn 0.3213 -0.4916 -0.8094
vn 0.0224 0.9981 -0.0564
vn 0.1322 0.9335 -0.3331
vn 0.2898 -0.6188 -0.7301
vn 0.2517 0.7310 -0.6341
vn 0.2489 -0.7382 -0.6270
vn 0.3236 0.4799 -0.8154
vn 0.2348 -0.7714 -0.5914
vn 0.3598 0.2204 -0.9066
vn 0.2292 -0.7836 -0.5773
vn 0.3682 -0.0613 -0.9277
vn 0.1788 -0.8747 -0.4505
vn 0.3664 -0.7382 -0.5664
vn 0.3457 -0.7714 -0.5343
vn 0.4765 0.4800 -0.7366
vn 0.5298 0.2204 -0.8189
vn 0.3374 -0.7837 -0.5215
vn 0.5422 -0.0613 -0.8380
vn 0.2632 -0.8747 -0.4069
vn 0.5300 -0.2188 -0.8193
vn -0.0367 0.9986 0.0378
vn 0.5097 -0.3457 -0.7878
vn 0.4730 -0.4916 -0.7311
vn 0.0330 0.9981 -0.0510
vn 0.1947 0.9335 -0.3009
vn 0.4267 -0.6188 -0.6596
vn 0.3706 0.7310 -0.5729
vn 0.6536 -0.3457 -0.6733
vn 0.6066 -0.4916 -0.6248
vn 0.0423 0.9981 -0.0436
vn 0.2496 0.9335 -0.2571
vn 0.5472 -0.6188 -0.5636
vn 0.4752 0.7310 -0.4895
vn 0.4699 -0.7382 -0.4840
vn 0.6110 0.4799 -0.6294
vn 0.4433 -0.7714 -0.4566
vn 0.6794 0.2204 -0.6999
vn 0.4327 -0.7837 -0.4457
vn 0.6952 -0.0613 -0.7161
vn 0.3376 -0.8747 -0.3478
vn 0.6796 -0.2188 -0.7001
vn -0.0437 0.9986 0.0292
vn 0.5238 -0.7714 -0.3613
vn 0.5113 -0.7836 -0.3527
vn 0.8029 0.2204 -0.5538
vn 0.8216 -0.0613 -0.5668
vn 0.3989 -0.8747 -0.2752
vn 0.8032 -0.2188 -0.5541
vn -0.0491 0.9986 0.0187
vn 0.7724 -0.3457 -0.5328
vn 0.7168 -0.4916 -0.4945
vn 0.0499 0.9981 -0.0347
vn 0.2950 0.9335 -0.2035
vn 0.6466 -0.6188 -0.4461
vn 0.5616 0.7311 -0.3874
vn 0.5553 -0.7382 -0.3830
vn 0.7221 0.4800 -0.4981
vn 0.0558 0.9981 -0.0246
vn 0.3291 0.9335 -0.1420
vn 0.7995 -0.4916 -0.3451
vn 0.7212 -0.6188 -0.3113
vn 0.6264 0.7311 -0.2704
vn 0.6193 -0.7382 -0.2673
vn 0.8054 0.4800 -0.3477
vn 0.5842 -0.7714 -0.2522
vn 0.8955 0.2204 -0.3866
vn 0.5703 -0.7837 -0.2462
vn 0.9163 -0.0613 -0.3956
vn 0.4450 -0.8747 -0.1921
vn 0.8958 -0.2188 -0.3867
vn -0.0520 0.9986 0.0112
vn 0.8615 -0.3457 -0.3719
vn 0.9537 0.2204 -0.2044
vn 0.9759 -0.0613 -0.2092
vn 0.6074 -0.7836 -0.1302
vn 0.4739 -0.8747 -0.1016
vn 0.9541 -0.2188 -0.2045
vn -0.0520 0.9986 0.0001
vn 0.9175 -0.3457 -0.1967
vn 0.8515 -0.4916 -0.1825
vn 0.0597 0.9981 -0.0127
vn 0.3504 0.9336 -0.0751
vn 0.7681 -0.6188 -0.1646
vn 0.6671 0.7311 -0.1430
vn 0.6596 -0.7382 -0.1414
vn 0.8578 0.4799 -0.1839
vn 0.6222 -0.7714 -0.1334
vn 0.8707 -0.4916 -0.0129
vn 0.7855 -0.6188 -0.0116
vn 0.3583 0.9336 -0.0053
vn 0.6822 0.7311 -0.0101
vn 0.6745 -0.7382 -0.0100
vn 0.8772 0.4799 -0.0130
vn 0.6363 -0.7714 -0.0094
vn 0.9753 0.2204 -0.0144
vn 0.6211 -0.7836 -0.0092
vn 0.9980 -0.0613 -0.0148
vn 0.4846 -0.8747 -0.0071
vn 0.9756 -0.2188 -0.0144
vn -0.0521 0.9986 -0.0109
vn 0.9382 -0.3457 -0.0139
vn 0.0610 0.9981 -0.0010
vn 0.6110 -0.7837 0.1121
vn 0.4767 -0.8747 0.0875
vn 0.9817 -0.0613 0.1802
vn 0.9597 -0.2188 0.1762
vn -0.0492 0.9986 -0.0185
vn 0.9229 -0.3457 0.1694
vn 0.8565 -0.4916 0.1572
vn 0.0598 0.9981 0.0107
vn 0.3525 0.9336 0.0647
vn 0.7726 -0.6188 0.1418
vn 0.6711 0.7311 0.1232
vn 0.6635 -0.7382 0.1218
vn 0.8628 0.4799 0.1584
vn 0.6259 -0.7714 0.1149
vn 0.9593 0.2204 0.1761
usemtl material.baked
s 1
f 3589/3209/3084 3588/3210/3085 3160/3211/3086 3161/3212/3087
f 3145/3213/3088 3144/3214/3089 3153/3215/3090 3154/3216/3091
f 3590/3217/3092 3589/3209/3084 3161/3212/3087 3162/3218/3093
f 3146/3219/3094 3145/3213/3088 3154/3216/3091 3155/3220/3095
f 3151/3221/3096 3590/3217/3092 3162/3218/3093 3163/3222/3097
f 3147/3223/3098 3146/3219/3094 3155/3220/3095 3156/3224/3099
f 3591/3225/3100 3151/3221/3096 3163/3222/3097 3164/3226/3101
f 3148/3227/3102 3147/3223/3098 3156/3224/3099 3157/3228/3103
f 3592/3229/3104 3591/3225/3100 3164/3226/3101 3165/3230/3105
f 3149/3231/3106 3148/3227/3102 3157/3228/3103 3158/3232/3107
f 3594/3233/3108 3419/3234/3109 3595/3235/3110
f 3334/3236/3111 3592/3229/3104 3165/3230/3105
f 3150/3237/3112 3149/3231/3106 3158/3232/3107 3159/3238/3113
f 3588/3210/3085 3150/3237/3112 3159/3238/3113 3160/3211/3086
f 3144/3214/3089 3143/3239/3114 3152/3240/3115 3153/3215/3090
f 3160/3211/3086 3159/3238/3113 3173/3241/3116 3174/3242/3117
f 3153/3215/3090 3152/3240/3115 3166/3243/3118 3167/3244/3119
f 3161/3212/3087 3160/3211/3086 3174/3242/3117 3175/3245/3120
f 3154/3216/3091 3153/3215/3090 3167/3244/3119 3168/3246/3121
f 3162/3218/3093 3161/3212/3087 3175/3245/3120 3176/3247/3122
f 3155/3220/3095 3154/3216/3091 3168/3246/3121 3169/3248/3123
f 3163/3222/3097 3162/3218/3093 3176/3247/3122 3177/3249/3124
f 3156/3224/3099 3155/3220/3095 3169/3248/3123 3170/3250/3125
f 3164/3226/3101 3163/3222/3097 3177/3249/3124 3178/3251/3126
f 3157/3228/3103 3156/3224/3099 3170/3250/3125 3171/3252/3127
f 3165/3230/3105 3164/3226/3101 3178/3251/3126 3179/3253/3128
f 3158/3232/3107 3157/3228/3103 3171/3252/3127 3172/3254/3129
f 3595/3255/3110 3419/3256/3109 3596/3257/3130
f 3334/3236/3111 3165/3230/3105 3179/3253/3128
f 3159/3238/3113 3158/3232/3107 3172/3254/3129 3173/3241/3116
f 3178/3258/3126 3177/3259/3124 3191/3260/3131 3192/3261/3132
f 3171/3262/3127 3170/3263/3125 3184/3264/3133 3185/3265/3134
f 3179/3266/3128 3178/3258/3126 3192/3261/3132 3193/3267/3135
f 3172/3268/3129 3171/3262/3127 3185/3265/3134 3186/3269/3136
f 3596/3257/3130 3419/3256/3109 3597/3270/3137
f 3334/3271/3111 3179/3266/3128 3193/3267/3135
f 3173/3272/3116 3172/3268/3129 3186/3269/3136 3187/3273/3138
f 3174/3274/3117 3173/3272/3116 3187/3273/3138 3188/3275/3139
f 3167/3276/3119 3166/3277/3118 3180/3278/3140 3181/3279/3141
f 3175/3280/3120 3174/3274/3117 3188/3275/3139 3189/3281/3142
f 3168/3282/3121 3167/3276/3119 3181/3279/3141 3182/3283/3143
f 3176/3284/3122 3175/3280/3120 3189/3281/3142 3190/3285/3144
f 3169/3286/3123 3168/3282/3121 3182/3283/3143 3183/3287/3145
f 3177/3259/3124 3176/3284/3122 3190/3285/3144 3191/3260/3131
f 3170/3263/3125 3169/3286/3123 3183/3287/3145 3184/3264/3133
f 3181/3279/3141 3180/3278/3140 3194/3288/3146 3195/3289/3147
f 3189/3281/3142 3188/3275/3139 3202/3290/3148 3203/3291/3149
f 3182/3283/3143 3181/3279/3141 3195/3289/3147 3196/3292/3150
f 3190/3285/3144 3189/3281/3142 3203/3291/3149 3204/3293/3151
f 3183/3287/3145 3182/3283/3143 3196/3292/3150 3197/3294/3152
f 3191/3260/3131 3190/3285/3144 3204/3293/3151 3205/3295/3153
f 3184/3264/3133 3183/3287/3145 3197/3294/3152 3198/3296/3154
f 3192/3261/3132 3191/3260/3131 3205/3295/3153 3206/3297/3155
f 3185/3265/3134 3184/3264/3133 3198/3296/3154 3199/3298/3156
f 3193/3267/3135 3192/3261/3132 3206/3297/3155 3207/3299/3157
f 3186/3269/3136 3185/3265/3134 3199/3298/3156 3200/3300/3158
f 3597/3270/3137 3419/3256/3109 3598/3301/3159
f 3334/3271/3111 3193/3267/3135 3207/3299/3157
f 3187/3273/3138 3186/3269/3136 3200/3300/3158 3201/3302/3160
f 3188/3275/3139 3187/3273/3138 3201/3302/3160 3202/3290/3148
f 3199/3298/3156 3198/3296/3154 3212/3303/3161 3213/3304/3162
f 3207/3299/3157 3206/3297/3155 3220/3305/3163 3221/3306/3164
f 3200/3300/3158 3199/3298/3156 3213/3304/3162 3214/3307/3165
f 3598/3301/3159 3419/3256/3109 3599/3308/3166
f 3334/3271/3111 3207/3299/3157 3221/3306/3164
f 3201/3302/3160 3200/3300/3158 3214/3307/3165 3215/3309/3167
f 3202/3290/3148 3201/3302/3160 3215/3309/3167 3216/3310/3168
f 3195/3289/3147 3194/3288/3146 3208/3311/3169 3209/3312/3170
f 3203/3291/3149 3202/3290/3148 3216/3310/3168 3217/3313/3171
f 3196/3292/3150 3195/3289/3147 3209/3312/3170 3210/3314/3172
f 3204/3293/3151 3203/3291/3149 3217/3313/3171 3218/3315/3173
f 3197/3294/3152 3196/3292/3150 3210/3314/3172 3211/3316/3174
f 3205/3295/3153 3204/3293/3151 3218/3315/3173 3219/3317/3175
f 3198/3296/3154 3197/3294/3152 3211/3316/3174 3212/3303/3161
f 3206/3297/3155 3205/3295/3153 3219/3317/3175 3220/3305/3163
f 3217/3313/3171 3216/3310/3168 3230/3318/3176 3231/3319/3177
f 3210/3314/3172 3209/3312/3170 3223/3320/3178 3224/3321/3179
f 3218/3315/3173 3217/3313/3171 3231/3319/3177 3232/3322/3180
f 3211/3316/3174 3210/3314/3172 3224/3321/3179 3225/3323/3181
f 3219/3317/3175 3218/3315/3173 3232/3322/3180 3233/3324/3182
f 3212/3303/3161 3211/3316/3174 3225/3323/3181 3226/3325/3183
f 3220/3305/3163 3219/3317/3175 3233/3324/3182 3234/3326/3184
f 3213/3304/3162 3212/3303/3161 3226/3325/3183 3227/3327/3185
f 3221/3306/3164 3220/3305/3163 3234/3326/3184 3235/3328/3186
f 3214/3307/3165 3213/3304/3162 3227/3327/3185 3228/3329/3187
f 3599/3308/3166 3419/3256/3109 3600/3330/3188
f 3334/3271/3111 3221/3306/3164 3235/3328/3186
f 3215/3309/3167 3214/3307/3165 3228/3329/3187 3229/3331/3189
f 3216/3310/3168 3215/3309/3167 3229/3331/3189 3230/3318/3176
f 3209/3312/3170 3208/3311/3169 3222/3332/3190 3223/3320/3178
f 3235/3328/3186 3234/3326/3184 3248/3333/3191 3249/3334/3192
f 3228/3329/3187 3227/3327/3185 3241/3335/3193 3242/3336/3194
f 3600/3330/3188 3419/3256/3109 3601/3337/3195
f 3334/3271/3111 3235/3328/3186 3249/3334/3192
f 3229/3331/3189 3228/3329/3187 3242/3336/3194 3243/3338/3196
f 3230/3318/3176 3229/3331/3189 3243/3338/3196 3244/3339/3197
f 3223/3320/3178 3222/3332/3190 3236/3340/3198 3237/3341/3199
f 3231/3319/3177 3230/3318/3176 3244/3339/3197 3245/3342/3200
f 3224/3321/3179 3223/3320/3178 3237/3341/3199 3238/3343/3201
f 3232/3322/3180 3231/3319/3177 3245/3342/3200 3246/3344/3202
f 3225/3323/3181 3224/3321/3179 3238/3343/3201 3239/3345/3203
f 3233/3324/3182 3232/3322/3180 3246/3344/3202 3247/3346/3204
f 3226/3325/3183 3225/3323/3181 3239/3345/3203 3240/3347/3205
f 3234/3326/3184 3233/3324/3182 3247/3346/3204 3248/3333/3191
f 3227/3327/3185 3226/3325/3183 3240/3347/3205 3241/3335/3193
f 3246/3344/3202 3245/3342/3200 3259/3348/3206 3260/3349/3207
f 3239/3345/3203 3238/3343/3201 3252/3350/3208 3253/3351/3209
f 3247/3346/3204 3246/3344/3202 3260/3349/3207 3261/3352/3210
f 3240/3347/3205 3239/3345/3203 3253/3351/3209 3254/3353/3211
f 3248/3333/3191 3247/3346/3204 3261/3352/3210 3262/3354/3212
f 3241/3335/3193 3240/3347/3205 3254/3353/3211 3255/3355/3213
f 3249/3334/3192 3248/3333/3191 3262/3354/3212 3263/3356/3214
f 3242/3336/3194 3241/3335/3193 3255/3355/3213 3256/3357/3215
f 3601/3337/3195 3419/3256/3109 3602/3358/3216
f 3334/3271/3111 3249/3334/3192 3263/3356/3214
f 3243/3338/3196 3242/3336/3194 3256/3357/3215 3257/3359/3217
f 3244/3339/3197 3243/3338/3196 3257/3359/3217 3258/3360/3218
f 3237/3341/3199 3236/3340/3198 3250/3361/3219 3251/3362/3220
f 3245/3342/3200 3244/3339/3197 3258/3360/3218 3259/3348/3206
f 3238/3343/3201 3237/3341/3199 3251/3362/3220 3252/3350/3208
f 3602/3358/3216 3419/3256/3109 3603/3363/3221
f 3334/3271/3111 3263/3356/3214 3277/3364/3222
f 3257/3359/3217 3256/3357/3215 3270/3365/3223 3271/3366/3224
f 3258/3360/3218 3257/3359/3217 3271/3366/3224 3272/3367/3225
f 3251/3362/3220 3250/3361/3219 3264/3368/3226 3265/3369/3227
f 3259/3348/3206 3258/3360/3218 3272/3367/3225 3273/3370/3228
f 3252/3350/3208 3251/3362/3220 3265/3369/3227 3266/3371/3229
f 3260/3349/3207 3259/3348/3206 3273/3370/3228 3274/3372/3230
f 3253/3351/3209 3252/3350/3208 3266/3371/3229 3267/3373/3231
f 3261/3352/3210 3260/3349/3207 3274/3372/3230 3275/3374/3232
f 3254/3353/3211 3253/3351/3209 3267/3373/3231 3268/3375/3233
f 3262/3354/3212 3261/3352/3210 3275/3374/3232 3276/3376/3234
f 3255/3355/3213 3254/3353/3211 3268/3375/3233 3269/3377/3235
f 3263/3356/3214 3262/3354/3212 3276/3376/3234 3277/3364/3222
f 3256/3357/3215 3255/3355/3213 3269/3377/3235 3270/3365/3223
f 3267/3373/3231 3266/3371/3229 3280/3378/3236 3281/3379/3237
f 3275/3374/3232 3274/3372/3230 3288/3380/3238 3289/3381/3239
f 3268/3375/3233 3267/3373/3231 3281/3379/3237 3282/3382/3240
f 3276/3376/3234 3275/3374/3232 3289/3381/3239 3290/3383/3241
f 3269/3377/3235 3268/3375/3233 3282/3382/3240 3283/3384/3242
f 3277/3364/3222 3276/3376/3234 3290/3383/3241 3291/3385/3243
f 3270/3365/3223 3269/3377/3235 3283/3384/3242 3284/3386/3244
f 3419/3387/3109 3604/3388/3245 3603/3389/3221
f 3334/3271/3111 3277/3364/3222 3291/3385/3243
f 3271/3366/3224 3270/3365/3223 3284/3386/3244 3285/3390/3246
f 3272/3367/3225 3271/3366/3224 3285/3390/3246 3286/3391/3247
f 3265/3369/3227 3264/3368/3226 3278/3392/3248 3279/3393/3249
f 3273/3370/3228 3272/3367/3225 3286/3391/3247 3287/3394/3250
f 3266/3371/3229 3265/3369/3227 3279/3393/3249 3280/3378/3236
f 3274/3372/3230 3273/3370/3228 3287/3394/3250 3288/3380/3238
f 3285/3395/3246 3284/3396/3244 3298/3397/3251 3299/3398/3252
f 3604/3388/3245 3419/3387/3109 3605/3399/3253
f 3286/3400/3247 3285/3395/3246 3299/3398/3252 3300/3401/3254
f 3279/3402/3249 3278/3403/3248 3292/3404/3255 3293/3405/3256
f 3287/3406/3250 3286/3400/3247 3300/3401/3254 3301/3407/3257
f 3280/3408/3236 3279/3402/3249 3293/3405/3256 3294/3409/3258
f 3288/3410/3238 3287/3406/3250 3301/3407/3257 3302/3411/3259
f 3281/3412/3237 3280/3408/3236 3294/3409/3258 3295/3413/3260
f 3289/3414/3239 3288/3410/3238 3302/3411/3259 3303/3415/3261
f 3282/3416/3240 3281/3412/3237 3295/3413/3260 3296/3417/3262
f 3290/3418/3241 3289/3414/3239 3303/3415/3261 3304/3419/3263
f 3283/3420/3242 3282/3416/3240 3296/3417/3262 3297/3421/3264
f 3291/3422/3243 3290/3418/3241 3304/3419/3263 3305/3423/3265
f 3284/3396/3244 3283/3420/3242 3297/3421/3264 3298/3397/3251
f 3334/3424/3111 3291/3422/3243 3305/3423/3265
f 3303/3415/3261 3302/3411/3259 3316/3425/3266 3317/3426/3267
f 3296/3417/3262 3295/3413/3260 3309/3427/3268 3310/3428/3269
f 3304/3419/3263 3303/3415/3261 3317/3426/3267 3318/3429/3270
f 3297/3421/3264 3296/3417/3262 3310/3428/3269 3311/3430/3271
f 3305/3423/3265 3304/3419/3263 3318/3429/3270 3319/3431/3272
f 3298/3397/3251 3297/3421/3264 3311/3430/3271 3312/3432/3273
f 3419/3387/3109 3606/3433/3274 3605/3399/3253
f 3334/3424/3111 3305/3423/3265 3319/3431/3272
f 3299/3398/3252 3298/3397/3251 3312/3432/3273 3313/3434/3275
f 3300/3401/3254 3299/3398/3252 3313/3434/3275 3314/3435/3276
f 3293/3405/3256 3292/3404/3255 3306/3436/3277 3307/3437/3278
f 3301/3407/3257 3300/3401/3254 3314/3435/3276 3315/3438/3279
f 3294/3409/3258 3293/3405/3256 3307/3437/3278 3308/3439/3280
f 3302/3411/3259 3301/3407/3257 3315/3438/3279 3316/3425/3266
f 3295/3413/3260 3294/3409/3258 3308/3439/3280 3309/3427/3268
f 3606/3433/3274 3419/3387/3109 3607/3440/3281
f 3314/3435/3276 3313/3434/3275 3327/3441/3282 3328/3442/3283
f 3307/3437/3278 3306/3436/3277 3320/3443/3284 3321/3444/3285
f 3315/3438/3279 3314/3435/3276 3328/3442/3283 3329/3445/3286
f 3308/3439/3280 3307/3437/3278 3321/3444/3285 3322/3446/3287
f 3316/3425/3266 3315/3438/3279 3329/3445/3286 3330/3447/3288
f 3309/3427/3268 3308/3439/3280 3322/3446/3287 3323/3448/3289
f 3317/3426/3267 3316/3425/3266 3330/3447/3288 3331/3449/3290
f 3310/3428/3269 3309/3427/3268 3323/3448/3289 3324/3450/3291
f 3318/3429/3270 3317/3426/3267 3331/3449/3290 3332/3451/3292
f 3311/3430/3271 3310/3428/3269 3324/3450/3291 3325/3452/3293
f 3319/3431/3272 3318/3429/3270 3332/3451/3292 3333/3453/3294
f 3312/3432/3273 3311/3430/3271 3325/3452/3293 3326/3454/3295
f 3334/3424/3111 3319/3431/3272 3333/3453/3294
f 3313/3434/3275 3312/3432/3273 3326/3454/3295 3327/3441/3282
f 3324/3450/3291 3323/3448/3289 3338/3455/3296 3339/3456/3297
f 3332/3451/3292 3331/3449/3290 3346/3457/3298 3347/3458/3299
f 3325/3452/3293 3324/3450/3291 3339/3456/3297 3340/3459/3300
f 3333/3453/3294 3332/3451/3292 3347/3458/3299 3348/3460/3301
f 3326/3454/3295 3325/3452/3293 3340/3459/3300 3341/3461/3302
f 3607/3440/3281 3419/3387/3109 3608/3462/3303
f 3334/3424/3111 3333/3453/3294 3348/3460/3301
f 3327/3441/3282 3326/3454/3295 3341/3461/3302 3342/3463/3304
f 3328/3442/3283 3327/3441/3282 3342/3463/3304 3343/3464/3305
f 3321/3444/3285 3320/3443/3284 3335/3465/3306 3336/3466/3307
f 3329/3445/3286 3328/3442/3283 3343/3464/3305 3344/3467/3308
f 3322/3446/3287 3321/3444/3285 3336/3466/3307 3337/3468/3309
f 3330/3447/3288 3329/3445/3286 3344/3467/3308 3345/3469/3310
f 3323/3448/3289 3322/3446/3287 3337/3468/3309 3338/3455/3296
f 3331/3449/3290 3330/3447/3288 3345/3469/3310 3346/3457/3298
f 3343/3464/3305 3342/3463/3304 3356/3470/3311 3357/3471/3312
f 3336/3466/3307 3335/3465/3306 3349/3472/3313 3350/3473/3314
f 3344/3467/3308 3343/3464/3305 3357/3471/3312 3358/3474/3315
f 3337/3468/3309 3336/3466/3307 3350/3473/3314 3351/3475/3316
f 3345/3469/3310 3344/3467/3308 3358/3474/3315 3359/3476/3317
f 3338/3455/3296 3337/3468/3309 3351/3475/3316 3352/3477/3318
f 3346/3457/3298 3345/3469/3310 3359/3476/3317 3360/3478/3319
f 3339/3456/3297 3338/3455/3296 3352/3477/3318 3353/3479/3320
f 3347/3458/3299 3346/3457/3298 3360/3478/3319 3361/3480/3321
f 3340/3459/3300 3339/3456/3297 3353/3479/3320 3354/3481/3322
f 3348/3460/3301 3347/3458/3299 3361/3480/3321 3362/3482/3323
f 3341/3461/3302 3340/3459/3300 3354/3481/3322 3355/3483/3324
f 3608/3462/3303 3419/3387/3109 3609/3484/3325
f 3334/3424/3111 3348/3460/3301 3362/3482/3323
f 3342/3463/3304 3341/3461/3302 3355/3483/3324 3356/3470/3311
f 3361/3480/3321 3360/3478/3319 3374/3485/3326 3375/3486/3327
f 3354/3481/3322 3353/3479/3320 3367/3487/3328 3368/3488/3329
f 3362/3482/3323 3361/3480/3321 3375/3486/3327 3376/3489/3330
f 3355/3483/3324 3354/3481/3322 3368/3488/3329 3369/3490/3331
f 3609/3484/3325 3419/3387/3109 3610/3491/3332
f 3334/3424/3111 3362/3482/3323 3376/3489/3330
f 3356/3470/3311 3355/3483/3324 3369/3490/3331 3370/3492/3333
f 3357/3471/3312 3356/3470/3311 3370/3492/3333 3371/3493/3334
f 3350/3473/3314 3349/3472/3313 3363/3494/3335 3364/3495/3336
f 3358/3474/3315 3357/3471/3312 3371/3493/3334 3372/3496/3337
f 3351/3475/3316 3350/3473/3314 3364/3495/3336 3365/3497/3338
f 3359/3476/3317 3358/3474/3315 3372/3496/3337 3373/3498/3339
f 3352/3477/3318 3351/3475/3316 3365/3497/3338 3366/3499/3340
f 3360/3478/3319 3359/3476/3317 3373/3498/3339 3374/3485/3326
f 3353/3479/3320 3352/3477/3318 3366/3499/3340 3367/3487/3328
f 3372/3496/3337 3371/3493/3334 3385/3500/3341 3386/3501/3342
f 3365/3497/3338 3364/3495/3336 3378/3502/3343 3379/3503/3344
f 3373/3498/3339 3372/3496/3337 3386/3501/3342 3387/3504/3345
f 3366/3499/3340 3365/3497/3338 3379/3503/3344 3380/3505/3346
f 3374/3485/3326 3373/3498/3339 3387/3504/3345 3388/3506/3347
f 3367/3487/3328 3366/3499/3340 3380/3505/3346 3381/3507/3348
f 3375/3486/3327 3374/3485/3326 3388/3506/3347 3389/3508/3349
f 3368/3488/3329 3367/3487/3328 3381/3507/3348 3382/3509/3350
f 3376/3489/3330 3375/3486/3327 3389/3508/3349 3390/3510/3351
f 3369/3490/3331 3368/3488/3329 3382/3509/3350 3383/3511/3352
f 3610/3491/3332 3419/3387/3109 3611/3512/3353
f 3334/3424/3111 3376/3489/3330 3390/3510/3351
f 3370/3492/3333 3369/3490/3331 3383/3511/3352 3384/3513/3354
f 3371/3493/3334 3370/3492/3333 3384/3513/3354 3385/3500/3341
f 3364/3495/3336 3363/3494/3335 3377/3514/3355 3378/3502/3343
f 3390/3510/3351 3389/3508/3349 3403/3515/3356 3404/3516/3357
f 3383/3511/3352 3382/3509/3350 3396/3517/3358 3397/3518/3359
f 3611/3519/3353 3419/3520/3109 3612/3521/3360
f 3334/3424/3111 3390/3510/3351 3404/3516/3357
f 3384/3513/3354 3383/3511/3352 3397/3518/3359 3398/3522/3361
f 3385/3500/3341 3384/3513/3354 3398/3522/3361 3399/3523/3362
f 3378/3502/3343 3377/3514/3355 3391/3524/3363 3392/3525/3364
f 3386/3501/3342 3385/3500/3341 3399/3523/3362 3400/3526/3365
f 3379/3503/3344 3378/3502/3343 3392/3525/3364 3393/3527/3366
f 3387/3504/3345 3386/3501/3342 3400/3526/3365 3401/3528/3367
f 3380/3505/3346 3379/3503/3344 3393/3527/3366 3394/3529/3368
f 3388/3506/3347 3387/3504/3345 3401/3528/3367 3402/3530/3369
f 3381/3507/3348 3380/3505/3346 3394/3529/3368 3395/3531/3370
f 3389/3508/3349 3388/3506/3347 3402/3530/3369 3403/3515/3356
f 3382/3509/3350 3381/3507/3348 3395/3531/3370 3396/3517/3358
f 3393/3532/3366 3392/3533/3364 3406/3534/3371 3407/3535/3372
f 3401/3536/3367 3400/3537/3365 3414/3538/3373 3415/3539/3374
f 3394/3540/3368 3393/3532/3366 3407/3535/3372 3408/3541/3375
f 3402/3542/3369 3401/3536/3367 3415/3539/3374 3416/3543/3376
f 3395/3544/3370 3394/3540/3368 3408/3541/3375 3409/3545/3377
f 3403/3546/3356 3402/3542/3369 3416/3543/3376 3417/3547/3378
f 3396/3548/3358 3395/3544/3370 3409/3545/3377 3410/3549/3379
f 3404/3550/3357 3403/3546/3356 3417/3547/3378 3418/3551/3380
f 3397/3552/3359 3396/3548/3358 3410/3549/3379 3411/3553/3381
f 3612/3521/3360 3419/3520/3109 3613/3554/3382
f 3334/3555/3111 3404/3550/3357 3418/3551/3380
f 3398/3556/3361 3397/3552/3359 3411/3553/3381 3412/3557/3383
f 3399/3558/3362 3398/3556/3361 3412/3557/3383 3413/3559/3384
f 3392/3533/3364 3391/3560/3363 3405/3561/3385 3406/3534/3371
f 3400/3537/3365 3399/3558/3362 3413/3559/3384 3414/3538/3373
f 3411/3553/3381 3410/3549/3379 3425/3562/3386 3426/3563/3387
f 3613/3554/3382 3419/3520/3109 3614/3564/3388
f 3334/3555/3111 3418/3551/3380 3433/3565/3389
f 3412/3557/3383 3411/3553/3381 3426/3563/3387 3427/3566/3390
f 3413/3559/3384 3412/3557/3383 3427/3566/3390 3428/3567/3391
f 3406/3534/3371 3405/3561/3385 3420/3568/3392 3421/3569/3393
f 3414/3538/3373 3413/3559/3384 3428/3567/3391 3429/3570/3394
f 3407/3535/3372 3406/3534/3371 3421/3569/3393 3422/3571/3395
f 3415/3539/3374 3414/3538/3373 3429/3570/3394 3430/3572/3396
f 3408/3541/3375 3407/3535/3372 3422/3571/3395 3423/3573/3397
f 3416/3543/3376 3415/3539/3374 3430/3572/3396 3431/3574/3398
f 3409/3545/3377 3408/3541/3375 3423/3573/3397 3424/3575/3399
f 3417/3547/3378 3416/3543/3376 3431/3574/3398 3432/3576/3400
f 3410/3549/3379 3409/3545/3377 3424/3575/3399 3425/3562/3386
f 3418/3551/3380 3417/3547/3378 3432/3576/3400 3433/3565/3389
f 3430/3572/3396 3429/3570/3394 3443/3577/3401 3444/3578/3402
f 3423/3573/3397 3422/3571/3395 3436/3579/3403 3437/3580/3404
f 3431/3574/3398 3430/3572/3396 3444/3578/3402 3445/3581/3405
f 3424/3575/3399 3423/3573/3397 3437/3580/3404 3438/3582/3406
f 3432/3576/3400 3431/3574/3398 3445/3581/3405 3446/3583/3407
f 3425/3562/3386 3424/3575/3399 3438/3582/3406 3439/3584/3408
f 3433/3565/3389 3432/3576/3400 3446/3583/3407 3447/3585/3409
f 3426/3563/3387 3425/3562/3386 3439/3584/3408 3440/3586/3410
f 3614/3564/3388 3419/3520/3109 3615/3587/3411
f 3334/3555/3111 3433/3565/3389 3447/3585/3409
f 3427/3566/3390 3426/3563/3387 3440/3586/3410 3441/3588/3412
f 3428/3567/3391 3427/3566/3390 3441/3588/3412 3442/3589/3413
f 3421/3569/3393 3420/3568/3392 3434/3590/3414 3435/3591/3415
f 3429/3570/3394 3428/3567/3391 3442/3589/3413 3443/3577/3401
f 3422/3571/3395 3421/3569/3393 3435/3591/3415 3436/3579/3403
f 3615/3587/3411 3419/3520/3109 3616/3592/3416
f 3334/3555/3111 3447/3585/3409 3461/3593/3417
f 3441/3588/3412 3440/3586/3410 3454/3594/3418 3455/3595/3419
f 3442/3589/3413 3441/3588/3412 3455/3595/3419 3456/3596/3420
f 3435/3591/3415 3434/3590/3414 3448/3597/3421 3449/3598/3422
f 3443/3577/3401 3442/3589/3413 3456/3596/3420 3457/3599/3423
f 3436/3579/3403 3435/3591/3415 3449/3598/3422 3450/3600/3424
f 3444/3578/3402 3443/3577/3401 3457/3599/3423 3458/3601/3425
f 3437/3580/3404 3436/3579/3403 3450/3600/3424 3451/3602/3426
f 3445/3581/3405 3444/3578/3402 3458/3601/3425 3459/3603/3427
f 3438/3582/3406 3437/3580/3404 3451/3602/3426 3452/3604/3428
f 3446/3583/3407 3445/3581/3405 3459/3603/3427 3460/3605/3429
f 3439/3584/3408 3438/3582/3406 3452/3604/3428 3453/3606/3430
f 3447/3585/3409 3446/3583/3407 3460/3605/3429 3461/3593/3417
f 3440/3586/3410 3439/3584/3408 3453/3606/3430 3454/3594/3418
f 3451/3602/3426 3450/3600/3424 3464/3607/3431 3465/3608/3432
f 3459/3603/3427 3458/3601/3425 3472/3609/3433 3473/3610/3434
f 3452/3604/3428 3451/3602/3426 3465/3608/3432 3466/3611/3435
f 3460/3605/3429 3459/3603/3427 3473/3610/3434 3474/3612/3436
f 3453/3606/3430 3452/3604/3428 3466/3611/3435 3467/3613/3437
f 3461/3593/3417 3460/3605/3429 3474/3612/3436 3475/3614/3438
f 3454/3594/3418 3453/3606/3430 3467/3613/3437 3468/3615/3439
f 3419/3520/3109 3617/3616/3440 3616/3592/3416
f 3334/3555/3111 3461/3593/3417 3475/3614/3438
f 3455/3595/3419 3454/3594/3418 3468/3615/3439 3469/3617/3441
f 3456/3596/3420 3455/3595/3419 3469/3617/3441 3470/3618/3442
f 3449/3598/3422 3448/3597/3421 3462/3619/3443 3463/3620/3444
f 3457/3599/3423 3456/3596/3420 3470/3618/3442 3471/3621/3445
f 3450/3600/3424 3449/3598/3422 3463/3620/3444 3464/3607/3431
f 3458/3601/3425 3457/3599/3423 3471/3621/3445 3472/3609/3433
f 3469/3617/3441 3468/3615/3439 3482/3622/3446 3483/3623/3447
f 3617/3616/3440 3419/3520/3109 3618/3624/3448
f 3470/3618/3442 3469/3617/3441 3483/3623/3447 3484/3625/3449
f 3463/3620/3444 3462/3619/3443 3476/3626/3450 3477/3627/3451
f 3471/3621/3445 3470/3618/3442 3484/3625/3449 3485/3628/3452
f 3464/3607/3431 3463/3620/3444 3477/3627/3451 3478/3629/3453
f 3472/3609/3433 3471/3621/3445 3485/3628/3452 3486/3630/3454
f 3465/3608/3432 3464/3607/3431 3478/3629/3453 3479/3631/3455
f 3473/3610/3434 3472/3609/3433 3486/3630/3454 3487/3632/3456
f 3466/3611/3435 3465/3608/3432 3479/3631/3455 3480/3633/3457
f 3474/3612/3436 3473/3610/3434 3487/3632/3456 3488/3634/3458
f 3467/3613/3437 3466/3611/3435 3480/3633/3457 3481/3635/3459
f 3475/3614/3438 3474/3612/3436 3488/3634/3458 3489/3636/3460
f 3468/3615/3439 3467/3613/3437 3481/3635/3459 3482/3622/3446
f 3334/3555/3111 3475/3614/3438 3489/3636/3460
f 3487/3632/3456 3486/3630/3454 3500/3637/3461 3501/3638/3462
f 3480/3633/3457 3479/3631/3455 3493/3639/3463 3494/3640/3464
f 3488/3634/3458 3487/3632/3456 3501/3638/3462 3502/3641/3465
f 3481/3635/3459 3480/3633/3457 3494/3640/3464 3495/3642/3466
f 3489/3636/3460 3488/3634/3458 3502/3641/3465 3503/3643/3467
f 3482/3622/3446 3481/3635/3459 3495/3642/3466 3496/3644/3468
f 3618/3624/3448 3419/3520/3109 3619/3645/3469
f 3334/3555/3111 3489/3636/3460 3503/3643/3467
f 3483/3623/3447 3482/3622/3446 3496/3644/3468 3497/3646/3470
f 3484/3625/3449 3483/3623/3447 3497/3646/3470 3498/3647/3471
f 3477/3627/3451 3476/3626/3450 3490/3648/3472 3491/3649/3473
f 3485/3628/3452 3484/3625/3449 3498/3647/3471 3499/3650/3474
f 3478/3629/3453 3477/3627/3451 3491/3649/3473 3492/3651/3475
f 3486/3630/3454 3485/3628/3452 3499/3650/3474 3500/3637/3461
f 3479/3631/3455 3478/3629/3453 3492/3651/3475 3493/3639/3463
f 3498/3647/3471 3497/3646/3470 3511/3652/3476 3512/3653/3477
f 3491/3649/3473 3490/3648/3472 3504/3654/3478 3505/3655/3479
f 3499/3650/3474 3498/3647/3471 3512/3653/3477 3513/3656/3480
f 3492/3651/3475 3491/3649/3473 3505/3655/3479 3506/3657/3481
f 3500/3637/3461 3499/3650/3474 3513/3656/3480 3514/3658/3482
f 3493/3639/3463 3492/3651/3475 3506/3657/3481 3507/3659/3483
f 3501/3638/3462 3500/3637/3461 3514/3658/3482 3515/3660/3484
f 3494/3640/3464 3493/3639/3463 3507/3659/3483 3508/3661/3485
f 3502/3641/3465 3501/3638/3462 3515/3660/3484 3516/3662/3486
f 3495/3642/3466 3494/3640/3464 3508/3661/3485 3509/3663/3487
f 3503/3643/3467 3502/3641/3465 3516/3662/3486 3517/3664/3488
f 3496/3644/3468 3495/3642/3466 3509/3663/3487 3510/3665/3489
f 3619/3666/3469 3419/3234/3109 3620/3667/3490
f 3334/3555/3111 3503/3643/3467 3517/3664/3488
f 3497/3646/3470 3496/3644/3468 3510/3665/3489 3511/3652/3476
f 3516/3668/3486 3515/3669/3484 3529/3670/3491 3530/3671/3492
f 3509/3672/3487 3508/3673/3485 3522/3674/3493 3523/3675/3494
f 3517/3676/3488 3516/3668/3486 3530/3671/3492 3531/3677/3495
f 3510/3678/3489 3509/3672/3487 3523/3675/3494 3524/3679/3496
f 3620/3667/3490 3419/3234/3109 3621/3680/3497
f 3334/3236/3111 3517/3676/3488 3531/3677/3495
f 3511/3681/3476 3510/3678/3489 3524/3679/3496 3525/3682/3498
f 3512/3683/3477 3511/3681/3476 3525/3682/3498 3526/3684/3499
f 3505/3685/3479 3504/3686/3478 3518/3687/3500 3519/3688/3501
f 3513/3689/3480 3512/3683/3477 3526/3684/3499 3527/3690/3502
f 3506/3691/3481 3505/3685/3479 3519/3688/3501 3520/3692/3503
f 3514/3693/3482 3513/3689/3480 3527/3690/3502 3528/3694/3504
f 3507/3695/3483 3506/3691/3481 3520/3692/3503 3521/3696/3505
f 3515/3669/3484 3514/3693/3482 3528/3694/3504 3529/3670/3491
f 3508/3673/3485 3507/3695/3483 3521/3696/3505 3522/3674/3493
f 3519/3688/3501 3518/3687/3500 3532/3697/3506 3533/3698/3507
f 3527/3690/3502 3526/3684/3499 3540/3699/3508 3541/3700/3509
f 3520/3692/3503 3519/3688/3501 3533/3698/3507 3534/3701/3510
f 3528/3694/3504 3527/3690/3502 3541/3700/3509 3542/3702/3511
f 3521/3696/3505 3520/3692/3503 3534/3701/3510 3535/3703/3512
f 3529/3670/3491 3528/3694/3504 3542/3702/3511 3543/3704/3513
f 3522/3674/3493 3521/3696/3505 3535/3703/3512 3536/3705/3514
f 3530/3671/3492 3529/3670/3491 3543/3704/3513 3544/3706/3515
f 3523/3675/3494 3522/3674/3493 3536/3705/3514 3537/3707/3516
f 3531/3677/3495 3530/3671/3492 3544/3706/3515 3545/3708/3517
f 3524/3679/3496 3523/3675/3494 3537/3707/3516 3538/3709/3518
f 3621/3680/3497 3419/3234/3109 3622/3710/3519
f 3334/3236/3111 3531/3677/3495 3545/3708/3517
f 3525/3682/3498 3524/3679/3496 3538/3709/3518 3539/3711/3520
f 3526/3684/3499 3525/3682/3498 3539/3711/3520 3540/3699/3508
f 3537/3707/3516 3536/3705/3514 3550/3712/3521 3551/3713/3522
f 3545/3708/3517 3544/3706/3515 3558/3714/3523 3559/3715/3524
f 3538/3709/3518 3537/3707/3516 3551/3713/3522 3552/3716/3525
f 3622/3710/3519 3419/3234/3109 3623/3717/3526
f 3334/3236/3111 3545/3708/3517 3559/3715/3524
f 3539/3711/3520 3538/3709/3518 3552/3716/3525 3553/3718/3527
f 3540/3699/3508 3539/3711/3520 3553/3718/3527 3554/3719/3528
f 3533/3698/3507 3532/3697/3506 3546/3720/3529 3547/3721/3530
f 3541/3700/3509 3540/3699/3508 3554/3719/3528 3555/3722/3531
f 3534/3701/3510 3533/3698/3507 3547/3721/3530 3548/3723/3532
f 3542/3702/3511 3541/3700/3509 3555/3722/3531 3556/3724/3533
f 3535/3703/3512 3534/3701/3510 3548/3723/3532 3549/3725/3534
f 3543/3704/3513 3542/3702/3511 3556/3724/3533 3557/3726/3535
f 3536/3705/3514 3535/3703/3512 3549/3725/3534 3550/3712/3521
f 3544/3706/3515 3543/3704/3513 3557/3726/3535 3558/3714/3523
f 3555/3722/3531 3554/3719/3528 3568/3727/3536 3569/3728/3537
f 3548/3723/3532 3547/3721/3530 3561/3729/3538 3562/3730/3539
f 3556/3724/3533 3555/3722/3531 3569/3728/3537 3570/3731/3540
f 3549/3725/3534 3548/3723/3532 3562/3730/3539 3563/3732/3541
f 3557/3726/3535 3556/3724/3533 3570/3731/3540 3571/3733/3542
f 3550/3712/3521 3549/3725/3534 3563/3732/3541 3564/3734/3543
f 3558/3714/3523 3557/3726/3535 3571/3733/3542 3572/3735/3544
f 3551/3713/3522 3550/3712/3521 3564/3734/3543 3565/3736/3545
f 3559/3715/3524 3558/3714/3523 3572/3735/3544 3573/3737/3546
f 3552/3716/3525 3551/3713/3522 3565/3736/3545 3566/3738/3547
f 3419/3234/3109 3624/3739/3548 3623/3717/3526
f 3334/3236/3111 3559/3715/3524 3573/3737/3546
f 3553/3718/3527 3552/3716/3525 3566/3738/3547 3567/3740/3549
f 3554/3719/3528 3553/3718/3527 3567/3740/3549 3568/3727/3536
f 3547/3721/3530 3546/3720/3529 3560/3741/3550 3561/3729/3538
f 3573/3737/3546 3572/3735/3544 3586/3742/3551 3587/3743/3552
f 3566/3738/3547 3565/3736/3545 3579/3744/3553 3580/3745/3554
f 3624/3739/3548 3419/3234/3109 3593/3746/3555
f 3334/3236/3111 3573/3737/3546 3587/3743/3552
f 3567/3740/3549 3566/3738/3547 3580/3745/3554 3581/3747/3556
f 3568/3727/3536 3567/3740/3549 3581/3747/3556 3582/3748/3557
f 3561/3729/3538 3560/3741/3550 3574/3749/3558 3575/3750/3559
f 3569/3728/3537 3568/3727/3536 3582/3748/3557 3583/3751/3560
f 3562/3730/3539 3561/3729/3538 3575/3750/3559 3576/3752/3561
f 3570/3731/3540 3569/3728/3537 3583/3751/3560 3584/3753/3562
f 3563/3732/3541 3562/3730/3539 3576/3752/3561 3577/3754/3563
f 3571/3733/3542 3570/3731/3540 3584/3753/3562 3585/3755/3564
f 3564/3734/3543 3563/3732/3541 3577/3754/3563 3578/3756/3565
f 3572/3735/3544 3571/3733/3542 3585/3755/3564 3586/3742/3551
f 3565/3736/3545 3564/3734/3543 3578/3756/3565 3579/3744/3553
f 3576/3752/3561 3575/3750/3559 3144/3214/3089 3145/3213/3088
f 3584/3753/3562 3583/3751/3560 3589/3209/3084 3590/3217/3092
f 3577/3754/3563 3576/3752/3561 3145/3213/3088 3146/3219/3094
f 3585/3755/3564 3584/3753/3562 3590/3217/3092 3151/3221/3096
f 3578/3756/3565 3577/3754/3563 3146/3219/3094 3147/3223/3098
f 3586/3742/3551 3585/3755/3564 3151/3221/3096 3591/3225/3100
f 3579/3744/3553 3578/3756/3565 3147/3223/3098 3148/3227/3102
f 3587/3743/3552 3586/3742/3551 3591/3225/3100 3592/3229/3104
f 3580/3745/3554 3579/3744/3553 3148/3227/3102 3149/3231/3106
f 3334/3236/3111 3587/3743/3552 3592/3229/3104
f 3581/3747/3556 3580/3745/3554 3149/3231/3106 3150/3237/3112
f 3582/3748/3557 3581/3747/3556 3150/3237/3112 3588/3210/3085
f 3575/3750/3559 3574/3749/3558 3143/3239/3114 3144/3214/3089
f 3583/3751/3560 3582/3748/3557 3588/3210/3085 3589/3209/3084
f 3574/3749/3558 3624/3739/3548 3593/3746/3555 3143/3239/3114
f 3560/3741/3550 3623/3717/3526 3624/3739/3548 3574/3749/3558
f 3546/3720/3529 3622/3710/3519 3623/3717/3526 3560/3741/3550
f 3532/3697/3506 3621/3680/3497 3622/3710/3519 3546/3720/3529
f 3518/3687/3500 3620/3667/3490 3621/3680/3497 3532/3697/3506
f 3504/3686/3478 3619/3666/3469 3620/3667/3490 3518/3687/3500
f 3490/3648/3472 3618/3624/3448 3619/3645/3469 3504/3654/3478
f 3476/3626/3450 3617/3616/3440 3618/3624/3448 3490/3648/3472
f 3462/3619/3443 3616/3592/3416 3617/3616/3440 3476/3626/3450
f 3448/3597/3421 3615/3587/3411 3616/3592/3416 3462/3619/3443
f 3434/3590/3414 3614/3564/3388 3615/3587/3411 3448/3597/3421
f 3420/3568/3392 3613/3554/3382 3614/3564/3388 3434/3590/3414
f 3405/3561/3385 3612/3521/3360 3613/3554/3382 3420/3568/3392
f 3391/3560/3363 3611/3519/3353 3612/3521/3360 3405/3561/3385
f 3377/3514/3355 3610/3491/3332 3611/3512/3353 3391/3524/3363
f 3363/3494/3335 3609/3484/3325 3610/3491/3332 3377/3514/3355
f 3349/3472/3313 3608/3462/3303 3609/3484/3325 3363/3494/3335
f 3335/3465/3306 3607/3440/3281 3608/3462/3303 3349/3472/3313
f 3320/3443/3284 3606/3433/3274 3607/3440/3281 3335/3465/3306
f 3306/3436/3277 3605/3399/3253 3606/3433/3274 3320/3443/3284
f 3292/3404/3255 3604/3388/3245 3605/3399/3253 3306/3436/3277
f 3278/3403/3248 3603/3389/3221 3604/3388/3245 3292/3404/3255
f 3264/3368/3226 3602/3358/3216 3603/3363/3221 3278/3392/3248
f 3250/3361/3219 3601/3337/3195 3602/3358/3216 3264/3368/3226
f 3236/3340/3198 3600/3330/3188 3601/3337/3195 3250/3361/3219
f 3222/3332/3190 3599/3308/3166 3600/3330/3188 3236/3340/3198
f 3208/3311/3169 3598/3301/3159 3599/3308/3166 3222/3332/3190
f 3194/3288/3146 3597/3270/3137 3598/3301/3159 3208/3311/3169
f 3180/3278/3140 3596/3257/3130 3597/3270/3137 3194/3288/3146
f 3166/3277/3118 3595/3255/3110 3596/3257/3130 3180/3278/3140
f 3152/3240/3115 3594/3233/3108 3595/3235/3110 3166/3243/3118
f 3143/3239/3114 3593/3746/3555 3594/3233/3108 3152/3240/3115
f 3593/3746/3555 3419/3234/3109 3594/3233/3108
o Stelo.000_Cylinder.005
v -0.014964 0.089234 0.011520
v -0.014907 0.097506 0.011734
v -0.015108 0.089207 0.012599
v -0.015051 0.097479 0.012813
v -0.015973 0.089196 0.013261
v -0.015915 0.097468 0.013475
v -0.017052 0.089207 0.013118
v -0.016995 0.097479 0.013332
v -0.017714 0.089234 0.012253
v -0.017657 0.097506 0.012467
v -0.017571 0.089261 0.011174
v -0.017514 0.097533 0.011388
v -0.016706 0.089272 0.010512
v -0.016649 0.097544 0.010726
v -0.015626 0.089261 0.010655
v -0.015569 0.097533 0.010869
v -0.014858 0.104558 0.011916
v -0.015014 0.104866 0.012949
v -0.015884 0.104993 0.013592
v -0.016959 0.104866 0.013468
v -0.017608 0.104558 0.012650
v -0.017453 0.104250 0.011617
v -0.016583 0.104122 0.010974
v -0.015508 0.104250 0.011098
v -0.015244 0.108009 0.010470
v -0.015449 0.108660 0.011318
v -0.016340 0.108930 0.011885
v -0.017394 0.108660 0.011837
v -0.017994 0.108009 0.011203
v -0.017789 0.107358 0.010355
v -0.016899 0.107088 0.009788
v -0.015845 0.107358 0.009836
v -0.015941 0.110625 0.007857
v -0.016225 0.111520 0.008409
v -0.017148 0.111891 0.008852
v -0.018170 0.111520 0.008927
v -0.018691 0.110625 0.008591
v -0.018407 0.109730 0.008039
v -0.017483 0.109359 0.007596
v -0.016462 0.109730 0.007521
v -0.016843 0.112897 0.004477
v -0.017224 0.113900 0.004663
v -0.018188 0.114316 0.004956
v -0.019169 0.113900 0.005182
v -0.019593 0.112897 0.005210
v -0.019211 0.111894 0.005023
v -0.018248 0.111479 0.004731
v -0.017267 0.111894 0.004505
v -0.017985 0.113321 0.000888
v -0.018375 0.114188 0.000838
v -0.019241 0.114547 0.001005
v -0.020076 0.114188 0.001291
v -0.020389 0.113321 0.001530
v -0.019999 0.112454 0.001580
v -0.019132 0.112094 0.001413
v -0.018298 0.112454 0.001127
v -0.019704 0.112293 -0.004825
v -0.020086 0.112965 -0.005058
v -0.020842 0.113244 -0.004996
v -0.021529 0.112965 -0.004674
v -0.021744 0.112293 -0.004281
v -0.021362 0.111620 -0.004048
v -0.020606 0.111342 -0.004110
v -0.019919 0.111620 -0.004432
v -0.020814 0.110218 -0.008987
v -0.021230 0.110809 -0.009348
v -0.022000 0.111053 -0.009338
v -0.022673 0.110809 -0.008963
v -0.022854 0.110218 -0.008443
v -0.022437 0.109627 -0.008082
v -0.021667 0.109382 -0.008091
v -0.020995 0.109627 -0.008466
v -0.022522 0.105583 -0.015393
v -0.022927 0.106208 -0.015708
v -0.023692 0.106466 -0.015680
v -0.024369 0.106208 -0.015324
v -0.024562 0.105583 -0.014848
v -0.024158 0.104959 -0.014532
v -0.023393 0.104701 -0.014561
v -0.022716 0.104959 -0.014917
v -0.023927 0.102007 -0.020660
v -0.024332 0.102631 -0.020976
v -0.025097 0.102890 -0.020948
v -0.025774 0.102631 -0.020591
v -0.025967 0.102007 -0.020116
v -0.025563 0.101383 -0.019800
v -0.024798 0.101124 -0.019829
v -0.024120 0.101383 -0.020185
v -0.024971 0.100168 -0.024575
v -0.025303 0.100903 -0.024620
v -0.026038 0.101208 -0.024479
v -0.026746 0.100903 -0.024235
v -0.027011 0.100168 -0.024031
v -0.026680 0.099432 -0.023986
v -0.025945 0.099128 -0.024127
v -0.025237 0.099432 -0.024371
v -0.026118 0.100084 -0.028874
v -0.026372 0.100810 -0.028627
v -0.027075 0.101111 -0.028365
v -0.027815 0.100810 -0.028242
v -0.028158 0.100084 -0.028330
v -0.027904 0.099357 -0.028577
v -0.027201 0.099057 -0.028838
v -0.026461 0.099357 -0.028961
v -0.027179 0.102173 -0.032853
v -0.027363 0.102771 -0.032342
v -0.028037 0.103019 -0.031971
v -0.028806 0.102771 -0.031957
v -0.029219 0.102173 -0.032309
v -0.029036 0.101575 -0.032820
v -0.028362 0.101327 -0.033191
v -0.027593 0.101575 -0.033205
v -0.027614 0.103432 -0.034483
v -0.027798 0.104030 -0.033972
v -0.028471 0.104278 -0.033601
v -0.029240 0.104030 -0.033587
v -0.029654 0.103432 -0.033939
v -0.029470 0.102834 -0.034450
v -0.028797 0.102586 -0.034821
v -0.028028 0.102834 -0.034835
vt 0.942214 0.576002
vt 0.942282 0.551172
vt 0.945527 0.551224
vt 0.945497 0.576016
vt 0.948810 0.551249
vt 0.948783 0.576025
vt 0.952093 0.551230
vt 0.952070 0.576027
vt 0.955337 0.551181
vt 0.955354 0.576023
vt 0.958550 0.551117
vt 0.958637 0.576015
vt 0.961833 0.551046
vt 0.961923 0.576004
vt 0.935648 0.575968
vt 0.935780 0.551029
vt 0.939066 0.551107
vt 0.938931 0.575986
vt 0.936691 0.531053
vt 0.940042 0.530963
vt 0.943117 0.530705
vt 0.939907 0.520511
vt 0.943065 0.520168
vt 0.946000 0.530462
vt 0.948824 0.530354
vt 0.954530 0.530714
vt 0.957604 0.530976
vt 0.951648 0.530466
vt 0.960955 0.531072
vt 0.951665 0.519886
vt 0.948832 0.519753
vt 0.948841 0.508596
vt 0.951886 0.508804
vt 0.957756 0.520525
vt 0.961166 0.520750
vt 0.954599 0.520177
vt 0.945999 0.519882
vt 0.936497 0.520730
vt 0.939525 0.509927
vt 0.936080 0.510182
vt 0.936795 0.498236
vt 0.940250 0.498065
vt 0.942715 0.509331
vt 0.945796 0.508799
vt 0.958155 0.509942
vt 0.961600 0.510202
vt 0.954965 0.509340
vt 0.954398 0.497379
vt 0.951601 0.496747
vt 0.951572 0.486203
vt 0.954323 0.486528
vt 0.957449 0.498078
vt 0.948851 0.496494
vt 0.943301 0.497370
vt 0.946100 0.496743
vt 0.960903 0.498255
vt 0.943394 0.486519
vt 0.940549 0.486822
vt 0.941597 0.468519
vt 0.944050 0.468256
vt 0.946145 0.486198
vt 0.948859 0.486066
vt 0.937559 0.486820
vt 0.957168 0.486835
vt 0.960157 0.486838
vt 0.956149 0.468530
vt 0.953695 0.468263
vt 0.953792 0.453624
vt 0.956271 0.453951
vt 0.958673 0.468585
vt 0.951283 0.467986
vt 0.946463 0.467982
vt 0.948873 0.467869
vt 0.939073 0.468570
vt 0.941497 0.453940
vt 0.938993 0.454087
vt 0.938724 0.428492
vt 0.941256 0.428481
vt 0.948884 0.453186
vt 0.951336 0.453314
vt 0.943976 0.453617
vt 0.946432 0.453311
vt 0.958775 0.454102
vt 0.959088 0.428502
vt 0.956569 0.428487
vt 0.956735 0.407902
vt 0.959326 0.408040
vt 0.954015 0.428498
vt 0.948892 0.428527
vt 0.951453 0.428518
vt 0.943792 0.428495
vt 0.946338 0.428517
vt 0.946251 0.407427
vt 0.943635 0.407676
vt 0.943143 0.392722
vt 0.945944 0.392786
vt 0.951559 0.407413
vt 0.954159 0.407652
vt 0.948909 0.407322
vt 0.938450 0.408075
vt 0.941043 0.407931
vt 0.940456 0.392677
vt 0.937811 0.392695
vt 0.937530 0.377025
vt 0.940155 0.377076
vt 0.957312 0.392670
vt 0.959954 0.392686
vt 0.951829 0.392784
vt 0.954628 0.392717
vt 0.948887 0.392799
vt 0.948882 0.377223
vt 0.945845 0.377196
vt 0.946174 0.361656
vt 0.948881 0.361761
vt 0.954832 0.377136
vt 0.957608 0.377074
vt 0.951918 0.377195
vt 0.942932 0.377137
vt 0.960232 0.377023
vt 0.943548 0.361366
vt 0.940952 0.361037
vt 0.941476 0.354469
vt 0.943980 0.354680
vt 0.938343 0.360802
vt 0.954214 0.361366
vt 0.956810 0.361037
vt 0.951588 0.361655
vt 0.959418 0.360801
vt 0.609044 0.814961
vt 0.606563 0.814961
vt 0.604809 0.813207
vt 0.604809 0.810726
vt 0.606563 0.808971
vt 0.609044 0.808971
vt 0.610798 0.810726
vt 0.610798 0.813207
vt 0.956286 0.354469
vt 0.958807 0.354234
vt 0.951308 0.354853
vt 0.953782 0.354680
vt 0.946454 0.354853
vt 0.948881 0.354933
vt 0.938955 0.354234
vn 0.9662 0.0000 -0.2577
vn 0.9662 0.0009 -0.2578
vn 0.8626 -0.0163 0.5056
vn 0.8654 -0.0189 0.5007
vn 0.2576 -0.0221 0.9660
vn 0.2576 -0.0267 0.9658
vn -0.4962 -0.0163 0.8680
vn -0.5011 -0.0189 0.8652
vn -0.9662 0.0009 0.2576
vn -0.9662 0.0000 0.2577
vn -0.8623 0.0221 -0.5058
vn -0.8654 0.0189 -0.5007
vn -0.2575 0.0319 -0.9657
vn -0.2576 0.0267 -0.9658
vn 0.4959 0.0221 -0.8681
vn 0.5011 0.0189 -0.8652
vn -0.2539 -0.1714 -0.9519
vn 0.5361 -0.1224 -0.8352
vn 0.9785 0.0056 -0.2064
vn 0.5597 -0.3825 -0.7351
vn 0.9756 0.0250 -0.2180
vn 0.8431 0.1453 0.5177
vn 0.2522 0.2058 0.9455
vn -0.9513 0.0056 0.3083
vn -0.8809 -0.1224 -0.4572
vn -0.4733 0.1453 0.8688
vn -0.5062 0.4214 0.7524
vn 0.2096 0.5817 0.7859
vn 0.1553 0.7978 0.5825
vn -0.5481 0.5776 0.6049
vn -0.8515 -0.3825 -0.3587
vn -0.2147 -0.5532 -0.8049
vn -0.9546 0.0250 0.2968
vn 0.8137 0.4214 0.4003
vn 0.5664 -0.5443 -0.6187
vn -0.1665 -0.7632 -0.6243
vn -0.1028 -0.9170 -0.3854
vn 0.6350 -0.6308 -0.4459
vn 0.9697 0.0171 -0.2435
vn 0.7765 0.5776 0.2516
vn -0.7993 -0.5443 -0.2545
vn -0.9622 0.0171 0.2717
vn -0.9632 0.0504 0.2638
vn -0.6036 0.6992 0.3830
vn -0.6826 0.7213 0.1173
vn -0.9745 0.0299 0.2222
vn -0.7727 -0.6308 -0.0704
vn 0.0734 0.9585 0.2754
vn 0.9667 0.0504 -0.2509
vn 0.7142 0.6992 0.0315
vn 0.9557 0.0299 -0.2926
vn 0.6889 -0.6933 -0.2114
vn 0.7481 -0.6636 -0.0013
vn 0.9600 0.0291 -0.2785
vn 0.6503 0.7213 -0.2381
vn -0.0199 0.9970 -0.0746
vn -0.0072 -0.9996 -0.0270
vn -0.7027 -0.6933 0.1598
vn -0.6494 -0.6636 0.3713
vn -0.9712 0.0291 0.2365
vn -0.9681 0.0182 0.2498
vn -0.6019 -0.6026 0.5240
vn 0.0718 -0.9604 0.2693
vn -0.7272 0.6845 -0.0516
vn 0.6049 0.6845 -0.4069
vn -0.0843 0.9450 -0.3159
vn 0.7829 -0.6026 0.1547
vn 0.1291 -0.8654 0.4841
vn 0.1445 -0.8280 0.5418
vn 0.7839 -0.5870 0.2024
vn -0.1311 0.8609 -0.4916
vn -0.7671 0.6183 -0.1712
vn 0.9639 0.0182 -0.2655
vn 0.5799 0.6183 -0.5305
vn -0.5789 -0.5870 0.5659
vn -0.5832 -0.6299 0.5129
vn 0.1242 -0.8762 0.4657
vn -0.9657 -0.0029 0.2597
vn -0.1445 0.8279 -0.5418
vn -0.7868 0.5840 -0.1995
vn 0.9667 -0.0029 -0.2557
vn 0.5829 0.5840 -0.5648
vn 0.6030 0.6125 -0.5111
vn 0.9680 -0.0176 -0.2503
vn 0.9683 -0.0479 -0.2452
vn 0.6682 0.6636 -0.3362
vn -0.7774 0.6125 -0.1429
vn -0.9641 -0.0176 0.2650
vn -0.1245 0.8756 -0.4667
vn 0.7612 -0.6299 0.1544
vn 0.7008 -0.7129 -0.0224
vn 0.0553 -0.9767 0.2075
vn -0.0579 -0.9745 -0.2170
vn 0.6157 -0.7136 -0.3340
vn -0.6189 -0.7129 0.3295
vn -0.7469 0.6636 0.0412
vn -0.9618 -0.0479 0.2696
vn -0.0586 0.9738 -0.2198
vn 0.0572 0.9750 0.2145
vn 0.7540 0.6553 -0.0461
vn 0.7866 0.5931 0.1717
vn 0.1357 0.8499 0.5090
vn -0.9678 -0.0575 0.2449
vn -0.7003 -0.7136 0.0170
vn -0.6768 0.6552 0.3355
vn 0.9612 -0.0575 -0.2696
vn 0.9636 -0.0191 -0.2668
vn 0.5740 -0.6114 -0.5446
vn 0.3157 -0.0630 -0.9468
vn 0.6200 0.3770 -0.6881
vn -0.1360 -0.8494 -0.5099
vn -0.9684 -0.0191 0.2485
vn -0.7690 -0.6114 -0.1864
vn -0.5965 0.5931 0.5406
vn 0.4849 0.8169 -0.3122
vn -0.2498 -0.2452 -0.9367
vn -0.7452 -0.0630 -0.6638
vn -0.8803 0.3770 -0.2879
vn -0.5760 0.8169 -0.0293
vn -0.0105 0.9991 -0.0393
usemtl material.baked
s 1
f 3625/3757/3566 3626/3758/3567 3628/3759/3568 3627/3760/3569
f 3627/3760/3569 3628/3759/3568 3630/3761/3570 3629/3762/3571
f 3629/3762/3571 3630/3761/3570 3632/3763/3572 3631/3764/3573
f 3631/3764/3573 3632/3763/3572 3634/3765/3574 3633/3766/3575
f 3633/3766/3575 3634/3765/3574 3636/3767/3576 3635/3768/3577
f 3635/3768/3577 3636/3767/3576 3638/3769/3578 3637/3770/3579
f 3637/3771/3579 3638/3772/3578 3640/3773/3580 3639/3774/3581
f 3639/3774/3581 3640/3773/3580 3626/3758/3567 3625/3757/3566
f 3640/3773/3580 3638/3772/3578 3647/3775/3582 3648/3776/3583
f 3641/3777/3584 3648/3776/3583 3656/3778/3585 3649/3779/3586
f 3630/3761/3570 3628/3759/3568 3642/3780/3587 3643/3781/3588
f 3636/3767/3576 3634/3765/3574 3645/3782/3589 3646/3783/3590
f 3626/3758/3567 3640/3773/3580 3648/3776/3583 3641/3777/3584
f 3628/3759/3568 3626/3758/3567 3641/3777/3584 3642/3780/3587
f 3632/3763/3572 3630/3761/3570 3643/3781/3588 3644/3784/3591
f 3638/3769/3578 3636/3767/3576 3646/3783/3590 3647/3785/3582
f 3634/3765/3574 3632/3763/3572 3644/3784/3591 3645/3782/3589
f 3652/3786/3592 3651/3787/3593 3659/3788/3594 3660/3789/3595
f 3647/3785/3582 3646/3783/3590 3654/3790/3596 3655/3791/3597
f 3645/3782/3589 3644/3784/3591 3652/3786/3592 3653/3792/3598
f 3643/3781/3588 3642/3780/3587 3650/3793/3599 3651/3787/3593
f 3648/3776/3583 3647/3775/3582 3655/3794/3597 3656/3778/3585
f 3646/3783/3590 3645/3782/3589 3653/3792/3598 3654/3790/3596
f 3644/3784/3591 3643/3781/3588 3651/3787/3593 3652/3786/3592
f 3642/3780/3587 3641/3777/3584 3649/3779/3586 3650/3793/3599
f 3664/3795/3600 3663/3796/3601 3671/3797/3602 3672/3798/3603
f 3650/3793/3599 3649/3779/3586 3657/3799/3604 3658/3800/3605
f 3649/3779/3586 3656/3778/3585 3664/3795/3600 3657/3799/3604
f 3655/3791/3597 3654/3790/3596 3662/3801/3606 3663/3802/3601
f 3653/3792/3598 3652/3786/3592 3660/3789/3595 3661/3803/3607
f 3651/3787/3593 3650/3793/3599 3658/3800/3605 3659/3788/3594
f 3656/3778/3585 3655/3794/3597 3663/3796/3601 3664/3795/3600
f 3654/3790/3596 3653/3792/3598 3661/3803/3607 3662/3801/3606
f 3669/3804/3608 3668/3805/3609 3676/3806/3610 3677/3807/3611
f 3662/3801/3606 3661/3803/3607 3669/3804/3608 3670/3808/3612
f 3660/3789/3595 3659/3788/3594 3667/3809/3613 3668/3805/3609
f 3658/3800/3605 3657/3799/3604 3665/3810/3614 3666/3811/3615
f 3657/3799/3604 3664/3795/3600 3672/3798/3603 3665/3810/3614
f 3663/3802/3601 3662/3801/3606 3670/3808/3612 3671/3812/3602
f 3661/3803/3607 3660/3789/3595 3668/3805/3609 3669/3804/3608
f 3659/3788/3594 3658/3800/3605 3666/3811/3615 3667/3809/3613
f 3673/3813/3616 3680/3814/3617 3688/3815/3618 3681/3816/3619
f 3667/3809/3613 3666/3811/3615 3674/3817/3620 3675/3818/3621
f 3672/3798/3603 3671/3797/3602 3679/3819/3622 3680/3814/3617
f 3670/3808/3612 3669/3804/3608 3677/3807/3611 3678/3820/3623
f 3668/3805/3609 3667/3809/3613 3675/3818/3621 3676/3806/3610
f 3666/3811/3615 3665/3810/3614 3673/3813/3616 3674/3817/3620
f 3665/3810/3614 3672/3798/3603 3680/3814/3617 3673/3813/3616
f 3671/3812/3602 3670/3808/3612 3678/3820/3623 3679/3821/3622
f 3686/3822/3624 3685/3823/3625 3693/3824/3626 3694/3825/3627
f 3679/3821/3622 3678/3820/3623 3686/3822/3624 3687/3826/3628
f 3677/3807/3611 3676/3806/3610 3684/3827/3629 3685/3823/3625
f 3675/3818/3621 3674/3817/3620 3682/3828/3630 3683/3829/3631
f 3680/3814/3617 3679/3819/3622 3687/3830/3628 3688/3815/3618
f 3678/3820/3623 3677/3807/3611 3685/3823/3625 3686/3822/3624
f 3676/3806/3610 3675/3818/3621 3683/3829/3631 3684/3827/3629
f 3674/3817/3620 3673/3813/3616 3681/3816/3619 3682/3828/3630
f 3696/3831/3632 3695/3832/3633 3703/3833/3634 3704/3834/3635
f 3684/3827/3629 3683/3829/3631 3691/3835/3636 3692/3836/3637
f 3682/3828/3630 3681/3816/3619 3689/3837/3638 3690/3838/3639
f 3681/3816/3619 3688/3815/3618 3696/3831/3632 3689/3837/3638
f 3687/3826/3628 3686/3822/3624 3694/3825/3627 3695/3839/3633
f 3685/3823/3625 3684/3827/3629 3692/3836/3637 3693/3824/3626
f 3683/3829/3631 3682/3828/3630 3690/3838/3639 3691/3835/3636
f 3688/3815/3618 3687/3830/3628 3695/3832/3633 3696/3831/3632
f 3703/3840/3634 3702/3841/3640 3710/3842/3641 3711/3843/3642
f 3694/3825/3627 3693/3824/3626 3701/3844/3643 3702/3841/3640
f 3692/3836/3637 3691/3835/3636 3699/3845/3644 3700/3846/3645
f 3690/3838/3639 3689/3837/3638 3697/3847/3646 3698/3848/3647
f 3689/3837/3638 3696/3831/3632 3704/3834/3635 3697/3847/3646
f 3695/3839/3633 3694/3825/3627 3702/3841/3640 3703/3840/3634
f 3693/3824/3626 3692/3836/3637 3700/3846/3645 3701/3844/3643
f 3691/3835/3636 3690/3838/3639 3698/3848/3647 3699/3845/3644
f 3706/3849/3648 3705/3850/3649 3713/3851/3650 3714/3852/3651
f 3701/3844/3643 3700/3846/3645 3708/3853/3652 3709/3854/3653
f 3699/3845/3644 3698/3848/3647 3706/3849/3648 3707/3855/3654
f 3704/3834/3635 3703/3833/3634 3711/3856/3642 3712/3857/3655
f 3702/3841/3640 3701/3844/3643 3709/3854/3653 3710/3842/3641
f 3700/3846/3645 3699/3845/3644 3707/3855/3654 3708/3853/3652
f 3698/3848/3647 3697/3847/3646 3705/3850/3649 3706/3849/3648
f 3697/3847/3646 3704/3834/3635 3712/3857/3655 3705/3850/3649
f 3720/3858/3656 3719/3859/3657 3727/3860/3658 3728/3861/3659
f 3705/3850/3649 3712/3857/3655 3720/3858/3656 3713/3851/3650
f 3711/3843/3642 3710/3842/3641 3718/3862/3660 3719/3863/3657
f 3709/3854/3653 3708/3853/3652 3716/3864/3661 3717/3865/3662
f 3707/3855/3654 3706/3849/3648 3714/3852/3651 3715/3866/3663
f 3712/3857/3655 3711/3856/3642 3719/3859/3657 3720/3858/3656
f 3710/3842/3641 3709/3854/3653 3717/3865/3662 3718/3862/3660
f 3708/3853/3652 3707/3855/3654 3715/3866/3663 3716/3864/3661
f 3723/3867/3664 3722/3868/3665 3730/3869/3666 3731/3870/3667
f 3718/3862/3660 3717/3865/3662 3725/3871/3668 3726/3872/3669
f 3716/3864/3661 3715/3866/3663 3723/3867/3664 3724/3873/3670
f 3714/3852/3651 3713/3851/3650 3721/3874/3671 3722/3868/3665
f 3713/3851/3650 3720/3858/3656 3728/3861/3659 3721/3874/3671
f 3719/3863/3657 3718/3862/3660 3726/3872/3669 3727/3875/3658
f 3717/3865/3662 3716/3864/3661 3724/3873/3670 3725/3871/3668
f 3715/3866/3663 3714/3852/3651 3722/3868/3665 3723/3867/3664
f 3729/3876/3672 3736/3877/3673 3744/3878/3674 3737/3879/3675
f 3728/3861/3659 3727/3860/3658 3735/3880/3676 3736/3877/3673
f 3726/3872/3669 3725/3871/3668 3733/3881/3677 3734/3882/3678
f 3724/3873/3670 3723/3867/3664 3731/3870/3667 3732/3883/3679
f 3722/3868/3665 3721/3874/3671 3729/3876/3672 3730/3869/3666
f 3721/3874/3671 3728/3861/3659 3736/3877/3673 3729/3876/3672
f 3727/3875/3658 3726/3872/3669 3734/3882/3678 3735/3884/3676
f 3725/3871/3668 3724/3873/3670 3732/3883/3679 3733/3881/3677
f 3738/3885/3680 3737/3886/3675 3744/3887/3674 3743/3888/3681 3742/3889/3682 3741/3890/3683 3740/3891/3684 3739/3892/3685
f 3735/3884/3676 3734/3882/3678 3742/3893/3682 3743/3894/3681
f 3733/3881/3677 3732/3883/3679 3740/3895/3684 3741/3896/3683
f 3731/3870/3667 3730/3869/3666 3738/3897/3680 3739/3898/3685
f 3736/3877/3673 3735/3880/3676 3743/3899/3681 3744/3878/3674
f 3734/3882/3678 3733/3881/3677 3741/3896/3683 3742/3893/3682
f 3732/3883/3679 3731/3870/3667 3739/3898/3685 3740/3895/3684
f 3730/3869/3666 3729/3876/3672 3737/3879/3675 3738/3897/3680
o Stelo.001_Cylinder.013
v -0.027955 0.092633 0.001104
v -0.027672 0.092890 0.001907
v -0.028026 0.092997 0.002701
v -0.028809 0.092890 0.003023
v -0.029564 0.092633 0.002683
v -0.029849 0.092375 0.001881
v -0.029495 0.092269 0.001085
v -0.028710 0.092375 0.000763
v -0.030462 0.103974 0.001251
v -0.030182 0.104136 0.002019
v -0.030511 0.104203 0.002775
v -0.031257 0.104136 0.003075
v -0.031983 0.103974 0.002744
v -0.032263 0.103812 0.001976
v -0.031933 0.103745 0.001219
v -0.031187 0.103812 0.000920
v -0.032844 0.115453 0.002442
v -0.032561 0.115519 0.003172
v -0.032870 0.115546 0.003894
v -0.033590 0.115519 0.004183
v -0.034300 0.115453 0.003871
v -0.034584 0.115388 0.003140
v -0.034274 0.115360 0.002418
v -0.033554 0.115388 0.002129
v -0.035189 0.126983 0.004587
v -0.034910 0.127022 0.005290
v -0.035207 0.127039 0.005988
v -0.035906 0.127022 0.006268
v -0.036598 0.126983 0.005970
v -0.036875 0.126943 0.005265
v -0.036577 0.126927 0.004567
v -0.035879 0.126943 0.004287
v -0.040177 0.145727 0.008826
v -0.039931 0.145839 0.009524
v -0.040228 0.145886 0.010205
v -0.040892 0.145839 0.010468
v -0.041537 0.145727 0.010161
v -0.041781 0.145614 0.009461
v -0.041481 0.145568 0.008778
v -0.040819 0.145614 0.008517
v -0.048543 0.168714 0.015055
v -0.048270 0.168731 0.015725
v -0.048549 0.168738 0.016388
v -0.049217 0.168731 0.016655
v -0.049882 0.168714 0.016370
v -0.050155 0.168697 0.015699
v -0.049876 0.168690 0.015037
v -0.049208 0.168697 0.014769
v -0.052216 0.178041 0.018334
v -0.051943 0.178058 0.019004
v -0.052223 0.178065 0.019667
v -0.052891 0.178058 0.019934
v -0.053556 0.178041 0.019649
v -0.053829 0.178024 0.018978
v -0.053550 0.178017 0.018315
v -0.052882 0.178024 0.018048
vt 0.879727 0.448492
vt 0.882411 0.448091
vt 0.881621 0.483502
vt 0.879080 0.483894
vt 0.884133 0.483471
vt 0.886585 0.483786
vt 0.885988 0.520407
vt 0.883626 0.519990
vt 0.885070 0.448012
vt 0.866565 0.447726
vt 0.869217 0.448133
vt 0.869112 0.484149
vt 0.866618 0.483630
vt 0.871891 0.448717
vt 0.874514 0.449073
vt 0.874136 0.484757
vt 0.871638 0.484637
vt 0.877101 0.448905
vt 0.876592 0.484420
vt 0.887675 0.448206
vt 0.876380 0.520758
vt 0.878760 0.520172
vt 0.878643 0.557553
vt 0.876354 0.558230
vt 0.871584 0.521380
vt 0.869166 0.521007
vt 0.874012 0.521265
vt 0.881195 0.519859
vt 0.866789 0.520442
vt 0.881010 0.557220
vt 0.883387 0.557350
vt 0.883540 0.619657
vt 0.881268 0.619701
vt 0.885671 0.557887
vt 0.871719 0.559072
vt 0.869378 0.558586
vt 0.874077 0.558854
vt 0.867098 0.557764
vt 0.874731 0.621733
vt 0.876840 0.621000
vt 0.881303 0.699380
vt 0.879344 0.700450
vt 0.870175 0.620765
vt 0.867960 0.619448
vt 0.872480 0.621848
vt 0.878981 0.620046
vt 0.885695 0.620108
vt 0.887724 0.697921
vt 0.889807 0.698368
vt 0.892537 0.731535
vt 0.890414 0.730730
vt 0.885505 0.697876
vt 0.883295 0.698349
vt 0.874912 0.700746
vt 0.872783 0.699899
vt 0.877168 0.701036
vt 0.596680 0.808986
vt 0.598242 0.810568
vt 0.598242 0.812792
vt 0.596680 0.814354
vt 0.594471 0.814339
vt 0.592909 0.812757
vt 0.592909 0.810533
vt 0.594471 0.808971
vt 0.879891 0.733933
vt 0.877652 0.733716
vt 0.883994 0.732231
vt 0.882064 0.733354
vt 0.888133 0.730518
vt 0.885934 0.731102
vt 0.875549 0.732917
vn 0.9743 0.2177 -0.0579
vn 0.6654 0.1564 -0.7299
vn 0.6877 0.1878 -0.7012
vn 0.9769 0.2136 -0.0082
vn 0.0057 0.0578 -0.9983
vn -0.6908 -0.1014 -0.7159
vn -0.6951 -0.0342 -0.7180
vn 0.0012 0.1420 -0.9898
vn 0.0061 0.0152 -0.9998
vn -0.6635 -0.1322 -0.7364
vn -0.9769 -0.2059 -0.0573
vn -0.9800 -0.1985 -0.0146
vn -0.7268 -0.1586 0.6683
vn -0.0154 -0.0078 0.9998
vn -0.0091 -0.0551 0.9984
vn -0.7016 -0.1814 0.6890
vn 0.7165 0.1545 0.6802
vn 0.6993 0.1133 0.7058
vn 0.7040 0.0465 0.7086
vn 0.9789 0.2045 -0.0018
vn 0.9738 0.2274 0.0068
vn 0.7061 0.0250 0.7076
vn -0.6930 -0.2355 0.6814
vn -0.9814 -0.1909 -0.0187
vn -0.0026 -0.1404 0.9901
vn 0.6819 0.2388 -0.6914
vn 0.6776 0.2950 -0.6737
vn 0.0060 0.2038 -0.9790
vn 0.0051 0.2426 -0.9701
vn 0.6589 0.3655 -0.6575
vn -0.6943 -0.0095 -0.7196
vn -0.6753 -0.2955 0.6758
vn -0.9750 -0.2214 -0.0168
vn 0.0084 -0.1960 0.9806
vn 0.0161 -0.2345 0.9720
vn 0.7063 0.0533 0.7059
vn 0.7043 0.0512 0.7080
vn 0.0118 -0.2943 0.9556
vn -0.9555 -0.2945 -0.0165
vn -0.6911 -0.0317 -0.7220
vn -0.6507 -0.3713 0.6623
vn 0.9544 0.2983 0.0077
vn -0.0078 0.2921 -0.9563
vn -0.6937 -0.0343 -0.7194
vn -0.6312 0.5848 -0.5094
vn -0.0662 0.7344 -0.6755
vn 0.6299 0.4346 -0.6437
vn 0.9351 0.3542 0.0056
vn -0.9378 -0.3464 -0.0214
vn -0.6334 -0.4407 0.6360
vn 0.6479 0.7599 0.0519
vn 0.4128 0.8011 -0.4334
vn -0.8823 0.4681 0.0496
vn -0.6478 0.4419 0.6205
vn -0.0828 0.4967 0.8639
vn 0.4764 0.6245 0.6189
usemtl material.baked
s 1
f 3746/3900/3686 3745/3901/3687 3753/3902/3688 3754/3903/3689
f 3760/3904/3690 3759/3905/3691 3767/3906/3692 3768/3907/3693
f 3745/3901/3687 3752/3908/3694 3760/3904/3690 3753/3902/3688
f 3751/3909/3695 3750/3910/3696 3758/3911/3697 3759/3912/3691
f 3749/3913/3698 3748/3914/3699 3756/3915/3700 3757/3916/3701
f 3747/3917/3702 3746/3900/3686 3754/3903/3689 3755/3918/3703
f 3752/3908/3694 3751/3919/3695 3759/3905/3691 3760/3904/3690
f 3750/3910/3696 3749/3913/3698 3757/3916/3701 3758/3911/3697
f 3748/3914/3699 3747/3917/3702 3755/3918/3703 3756/3915/3700
f 3763/3920/3704 3762/3921/3705 3770/3922/3706 3771/3923/3707
f 3758/3911/3697 3757/3916/3701 3765/3924/3708 3766/3925/3709
f 3756/3915/3700 3755/3918/3703 3763/3920/3704 3764/3926/3710
f 3754/3903/3689 3753/3902/3688 3761/3927/3711 3762/3921/3705
f 3753/3902/3688 3760/3904/3690 3768/3907/3693 3761/3927/3711
f 3759/3912/3691 3758/3911/3697 3766/3925/3709 3767/3928/3692
f 3757/3916/3701 3756/3915/3700 3764/3926/3710 3765/3924/3708
f 3755/3918/3703 3754/3903/3689 3762/3921/3705 3763/3920/3704
f 3769/3929/3712 3776/3930/3713 3784/3931/3714 3777/3932/3715
f 3768/3907/3693 3767/3906/3692 3775/3933/3716 3776/3930/3713
f 3766/3925/3709 3765/3924/3708 3773/3934/3717 3774/3935/3718
f 3764/3926/3710 3763/3920/3704 3771/3923/3707 3772/3936/3719
f 3762/3921/3705 3761/3927/3711 3769/3929/3712 3770/3922/3706
f 3761/3927/3711 3768/3907/3693 3776/3930/3713 3769/3929/3712
f 3767/3928/3692 3766/3925/3709 3774/3935/3718 3775/3937/3716
f 3765/3924/3708 3764/3926/3710 3772/3936/3719 3773/3934/3717
f 3780/3938/3720 3779/3939/3721 3787/3940/3722 3788/3941/3723
f 3775/3937/3716 3774/3935/3718 3782/3942/3724 3783/3943/3725
f 3773/3934/3717 3772/3936/3719 3780/3938/3720 3781/3944/3726
f 3771/3923/3707 3770/3922/3706 3778/3945/3727 3779/3939/3721
f 3776/3930/3713 3775/3933/3716 3783/3946/3725 3784/3931/3714
f 3774/3935/3718 3773/3934/3717 3781/3944/3726 3782/3942/3724
f 3772/3936/3719 3771/3923/3707 3779/3939/3721 3780/3938/3720
f 3770/3922/3706 3769/3929/3712 3777/3932/3715 3778/3945/3727
f 3792/3947/3728 3791/3948/3729 3799/3949/3730 3800/3950/3731
f 3778/3945/3727 3777/3932/3715 3785/3951/3732 3786/3952/3733
f 3777/3932/3715 3784/3931/3714 3792/3947/3728 3785/3951/3732
f 3783/3943/3725 3782/3942/3724 3790/3953/3734 3791/3954/3729
f 3781/3944/3726 3780/3938/3720 3788/3941/3723 3789/3955/3735
f 3779/3939/3721 3778/3945/3727 3786/3952/3733 3787/3940/3722
f 3784/3931/3714 3783/3946/3725 3791/3948/3729 3792/3947/3728
f 3782/3942/3724 3781/3944/3726 3789/3955/3735 3790/3953/3734
f 3794/3956/3736 3793/3957/3737 3800/3958/3731 3799/3959/3730 3798/3960/3738 3797/3961/3739 3796/3962/3740 3795/3963/3741
f 3790/3953/3734 3789/3955/3735 3797/3964/3739 3798/3965/3738
f 3788/3941/3723 3787/3940/3722 3795/3966/3741 3796/3967/3740
f 3786/3952/3733 3785/3951/3732 3793/3968/3737 3794/3969/3736
f 3785/3951/3732 3792/3947/3728 3800/3950/3731 3793/3968/3737
f 3791/3954/3729 3790/3953/3734 3798/3965/3738 3799/3970/3730
f 3789/3955/3735 3788/3941/3723 3796/3967/3740 3797/3964/3739
f 3787/3940/3722 3786/3952/3733 3794/3969/3736 3795/3966/3741
o Stelo.002_Cylinder.014
v -0.008854 0.082822 0.013536
v -0.008537 0.083554 0.012929
v -0.007825 0.084218 0.012963
v -0.007135 0.084424 0.013619
v -0.006871 0.084051 0.014512
v -0.007188 0.083319 0.015120
v -0.007900 0.082655 0.015085
v -0.008590 0.082449 0.014430
v -0.020742 0.097786 0.019229
v -0.020436 0.098395 0.018682
v -0.019799 0.098964 0.018706
v -0.019205 0.099159 0.019288
v -0.019001 0.098866 0.020086
v -0.019308 0.098257 0.020633
v -0.019944 0.097688 0.020609
v -0.020539 0.097493 0.020027
v -0.026056 0.104428 0.021734
v -0.025759 0.105021 0.021202
v -0.025139 0.105574 0.021225
v -0.024562 0.105763 0.021791
v -0.024364 0.105478 0.022567
v -0.024662 0.104886 0.023099
v -0.025281 0.104333 0.023075
v -0.025859 0.104143 0.022510
v -0.031042 0.110547 0.024665
v -0.030799 0.111030 0.024231
v -0.030293 0.111482 0.024250
v -0.029822 0.111636 0.024712
v -0.029660 0.111404 0.025345
v -0.029903 0.110920 0.025780
v -0.030409 0.110469 0.025760
v -0.030880 0.110314 0.025299
v -0.031357 0.112186 0.022725
v -0.030862 0.112501 0.022143
v -0.030162 0.112940 0.022146
v -0.029665 0.113244 0.022733
v -0.029664 0.113236 0.023559
v -0.030159 0.112921 0.024141
v -0.030859 0.112483 0.024138
v -0.031356 0.112179 0.023552
v -0.034696 0.114919 0.026578
v -0.034453 0.115403 0.026144
v -0.033948 0.115854 0.026163
v -0.033476 0.116009 0.026625
v -0.033315 0.115776 0.027259
v -0.033558 0.115293 0.027693
v -0.034063 0.114841 0.027674
v -0.034535 0.114687 0.027212
v -0.041913 0.124047 0.030036
v -0.041746 0.124520 0.029681
v -0.041325 0.124933 0.029708
v -0.040897 0.125046 0.030099
v -0.040713 0.124792 0.030627
v -0.040880 0.124320 0.030981
v -0.041301 0.123906 0.030955
v -0.041729 0.123793 0.030563
v -0.053094 0.136939 0.036700
v -0.052944 0.137364 0.036381
v -0.052564 0.137737 0.036405
v -0.052179 0.137839 0.036758
v -0.052013 0.137610 0.037233
v -0.052164 0.137184 0.037552
v -0.052543 0.136812 0.037528
v -0.052929 0.136710 0.037175
v -0.054538 0.138590 0.037553
v -0.054388 0.139016 0.037234
v -0.054008 0.139389 0.037257
v -0.053623 0.139490 0.037610
v -0.053457 0.139261 0.038085
v -0.053608 0.138836 0.038404
v -0.053987 0.138463 0.038381
v -0.054373 0.138361 0.038028
v -0.036834 0.121205 0.022893
v -0.036411 0.121474 0.022396
v -0.035812 0.121849 0.022398
v -0.035388 0.122109 0.022900
v -0.035387 0.122103 0.023606
v -0.035810 0.121833 0.024104
v -0.036409 0.121459 0.024101
v -0.036833 0.121199 0.023600
vt 0.961423 0.804979
vt 0.960884 0.808010
vt 0.899844 0.808367
vt 0.900185 0.805700
vt 0.900185 0.816277
vt 0.900514 0.818943
vt 0.873280 0.818704
vt 0.872950 0.816117
vt 0.960659 0.810989
vt 0.960884 0.813968
vt 0.899844 0.813611
vt 0.899702 0.810989
vt 0.961945 0.820031
vt 0.962118 0.823016
vt 0.900622 0.821563
vt 0.961945 0.801946
vt 0.900514 0.803034
vt 0.961423 0.816998
vt 0.962118 0.798962
vt 0.900622 0.800414
vt 0.735380 0.845737
vt 0.735301 0.848358
vt 0.709195 0.849240
vt 0.709325 0.847082
vt 0.873280 0.803273
vt 0.873399 0.800728
vt 0.872612 0.808446
vt 0.872950 0.805860
vt 0.872612 0.813532
vt 0.872471 0.810989
vt 0.873399 0.821249
vt 0.709325 0.859963
vt 0.709330 0.862058
vt 0.690845 0.861936
vt 0.690779 0.859853
vt 0.735178 0.850972
vt 0.735121 0.853522
vt 0.708982 0.853522
vt 0.709045 0.851403
vt 0.735178 0.856073
vt 0.735301 0.858687
vt 0.709195 0.857805
vt 0.709045 0.855642
vt 0.735380 0.861307
vt 0.735304 0.843175
vt 0.709330 0.844986
vt 0.735304 0.863870
vt 0.797505 0.869238
vt 0.768490 0.869128
vt 0.768332 0.866604
vt 0.798329 0.866739
vt 0.796349 0.874223
vt 0.768694 0.874223
vt 0.768635 0.871666
vt 0.796686 0.871716
vt 0.797505 0.879208
vt 0.768490 0.879317
vt 0.768635 0.876779
vt 0.796686 0.876729
vt 0.798329 0.881707
vt 0.768332 0.881842
vt 0.768235 0.864076
vt 0.798673 0.864217
vt 0.798673 0.884228
vt 0.768235 0.884370
vt 0.690332 0.855617
vt 0.690562 0.857740
vt 0.653290 0.857137
vt 0.652920 0.855308
vt 0.690562 0.849305
vt 0.690779 0.847192
vt 0.690236 0.853522
vt 0.690332 0.851428
vt 0.690845 0.845109
vt 0.653656 0.858976
vt 0.653783 0.860785
vt 0.597890 0.860103
vt 0.597787 0.858490
vt 0.653656 0.848068
vt 0.653783 0.846260
vt 0.652920 0.851737
vt 0.653290 0.849908
vt 0.652767 0.853522
vt 0.597138 0.853523
vt 0.597250 0.855153
vt 0.590060 0.855143
vt 0.589946 0.853523
vt 0.597520 0.850220
vt 0.597786 0.848555
vt 0.597250 0.851892
vt 0.597520 0.856825
vt 0.597890 0.846942
vt 0.592308 0.810128
vt 0.592308 0.811826
vt 0.591153 0.813070
vt 0.589520 0.813132
vt 0.588365 0.811975
vt 0.588365 0.810278
vt 0.589520 0.809033
vt 0.591153 0.808971
vt 0.590718 0.860088
vt 0.590607 0.858470
vt 0.590334 0.850239
vt 0.590607 0.848575
vt 0.590060 0.851903
vt 0.590334 0.856807
vt 0.590718 0.846958
vt 0.736070 0.867724
vt 0.735981 0.865565
vt 0.627947 0.809071
vt 0.629480 0.810605
vt 0.629480 0.812774
vt 0.627947 0.814307
vt 0.625778 0.814307
vt 0.624244 0.812774
vt 0.624244 0.810605
vt 0.625778 0.809071
vt 0.736181 0.872073
vt 0.736138 0.869907
vt 0.736181 0.876373
vt 0.736196 0.874223
vt 0.735981 0.882881
vt 0.736070 0.880721
vt 0.736138 0.878539
vn 0.7710 0.4692 0.4306
vn 0.6746 0.6709 -0.3076
vn 0.6618 0.6688 -0.3388
vn 0.7804 0.4900 0.3884
vn -0.7874 -0.4825 -0.3836
vn -0.6680 -0.6603 0.3433
vn -0.6812 -0.6334 0.3670
vn -0.7955 -0.4863 -0.3615
vn 0.1461 0.4598 -0.8759
vn -0.4799 -0.0452 -0.8761
vn -0.4564 -0.0248 -0.8894
vn 0.1479 0.4575 -0.8768
vn -0.6524 -0.6580 0.3759
vn -0.1556 -0.4481 0.8803
vn -0.1548 -0.4490 0.8800
vn 0.4237 0.0094 0.9058
vn 0.4487 0.0323 0.8931
vn -0.7950 -0.5021 -0.3404
vn 0.4168 0.0477 0.9077
vn 0.7717 0.4859 0.4103
vn 0.7761 0.4930 0.3932
vn 0.4678 0.0093 0.8838
vn -0.1804 -0.4165 0.8910
vn 0.6851 0.6481 -0.3325
vn -0.4498 -0.0559 -0.8914
vn 0.1751 0.4233 -0.8889
vn -0.6491 -0.6835 0.3338
vn -0.1260 -0.4841 0.8658
vn -0.1415 -0.4654 0.8737
vn -0.6575 -0.6716 0.3415
vn 0.1115 0.5013 -0.8580
vn 0.6371 0.7008 -0.3210
vn -0.7917 -0.4794 -0.3787
vn -0.4859 0.0042 -0.8740
vn 0.7766 0.4885 0.3977
vn 0.3341 0.1626 0.9284
vn 0.2906 0.2621 -0.9203
vn 0.7608 0.5318 -0.3719
vn -0.7911 -0.4839 -0.3742
vn -0.3546 -0.1601 -0.9212
vn -0.7624 -0.5175 0.3884
vn -0.2983 -0.2502 0.9211
vn -0.4674 -0.0174 -0.8839
vn -0.7880 -0.4850 -0.3792
vn -0.7852 -0.4779 -0.3936
vn -0.4733 0.0032 -0.8809
vn 0.7798 0.4874 0.3928
vn 0.4559 0.0190 0.8898
vn 0.1362 0.4719 -0.8711
vn 0.6553 0.6789 -0.3311
vn -0.6543 -0.6830 0.3247
vn -0.1296 -0.4799 0.8677
vn -0.0961 -0.5192 0.8492
vn -0.6290 -0.7102 0.3162
vn 0.4741 0.0169 0.8803
vn 0.6391 0.6932 -0.3331
vn 0.7825 0.4945 0.3783
vn 0.1176 0.4942 -0.8613
vn 0.0934 0.5222 -0.8477
vn -0.4970 0.0161 -0.8676
vn -0.8156 0.4417 -0.3737
vn -0.3594 0.8624 -0.3564
vn 0.7826 0.4875 0.3870
vn 0.4942 -0.0135 0.8693
vn 0.6266 0.7131 -0.3143
vn -0.7852 -0.4849 -0.3850
vn -0.9998 0.0210 -0.0052
vn -0.8411 -0.1770 0.5110
vn -0.4192 -0.0440 0.9068
vn 0.0183 0.3562 0.9342
vn 0.2162 0.7752 0.5935
vn 0.0762 0.9949 0.0654
vn -0.0854 0.6887 0.7200
vn -0.5863 0.3753 0.7179
vn -0.5889 0.3894 -0.7082
vn -0.9422 0.1637 -0.2922
vn -0.9412 0.1578 0.2986
vn 0.2679 0.9143 0.3037
vn 0.2666 0.9201 -0.2869
vn -0.0882 0.7027 -0.7060
usemtl material.baked
s 1
f 3805/3971/3742 3804/3972/3743 3812/3973/3744 3813/3974/3745
f 3809/3975/3746 3816/3976/3747 3824/3977/3748 3817/3978/3749
f 3803/3979/3750 3802/3980/3751 3810/3981/3752 3811/3982/3753
f 3808/3983/3754 3807/3984/3755 3815/3985/3756 3816/3976/3747
f 3806/3986/3757 3805/3971/3742 3813/3974/3745 3814/3987/3758
f 3804/3972/3743 3803/3979/3750 3811/3982/3753 3812/3973/3744
f 3802/3980/3751 3801/3988/3759 3809/3975/3746 3810/3981/3752
f 3801/3988/3759 3808/3983/3754 3816/3976/3747 3809/3975/3746
f 3807/3989/3755 3806/3986/3757 3814/3987/3758 3815/3990/3756
f 3822/3991/3760 3821/3992/3761 3829/3993/3762 3830/3994/3763
f 3815/3990/3756 3814/3987/3758 3822/3995/3760 3823/3996/3764
f 3813/3974/3745 3812/3973/3744 3820/3997/3765 3821/3998/3761
f 3811/3982/3753 3810/3981/3752 3818/3999/3766 3819/4000/3767
f 3816/3976/3747 3815/3985/3756 3823/4001/3764 3824/3977/3748
f 3814/3987/3758 3813/3974/3745 3821/3998/3761 3822/3995/3760
f 3812/3973/3744 3811/3982/3753 3819/4000/3767 3820/3997/3765
f 3810/3981/3752 3809/3975/3746 3817/3978/3749 3818/3999/3766
f 3832/4002/3768 3831/4003/3769 3847/4004/3770 3848/4005/3771
f 3820/4006/3765 3819/4007/3767 3827/4008/3772 3828/4009/3773
f 3818/4010/3766 3817/4011/3749 3825/4012/3774 3826/4013/3775
f 3817/4011/3749 3824/4014/3748 3832/4002/3768 3825/4012/3774
f 3823/4015/3764 3822/3991/3760 3830/3994/3763 3831/4016/3769
f 3821/3992/3761 3820/4006/3765 3828/4009/3773 3829/3993/3762
f 3819/4007/3767 3818/4010/3766 3826/4013/3775 3827/4008/3772
f 3824/4014/3748 3823/4017/3764 3831/4003/3769 3832/4002/3768
f 3821/4018/3761 3837/4019/3776 3838/4020/3777 3822/4021/3760
f 3819/4022/3767 3835/4023/3778 3836/4024/3779 3820/4025/3765
f 3817/4026/3749 3833/4027/3780 3834/4028/3781 3818/4029/3766
f 3824/4030/3748 3840/4031/3782 3833/4027/3780 3817/4026/3749
f 3822/4021/3760 3838/4020/3777 3839/4032/3783 3823/4033/3764
f 3820/4025/3765 3836/4024/3779 3837/4019/3776 3821/4018/3761
f 3818/4029/3766 3834/4028/3781 3835/4023/3778 3819/4022/3767
f 3823/4034/3764 3839/4035/3783 3840/4031/3782 3824/4030/3748
f 3842/4036/3784 3841/4037/3785 3849/4038/3786 3850/4039/3787
f 3830/3994/3763 3829/3993/3762 3845/4040/3788 3846/4041/3789
f 3828/4009/3773 3827/4008/3772 3843/4042/3790 3844/4043/3791
f 3826/4013/3775 3825/4012/3774 3841/4037/3785 3842/4036/3784
f 3825/4012/3774 3832/4002/3768 3848/4005/3771 3841/4037/3785
f 3831/4016/3769 3830/3994/3763 3846/4041/3789 3847/4044/3770
f 3829/3993/3762 3828/4009/3773 3844/4043/3791 3845/4040/3788
f 3827/4008/3772 3826/4013/3775 3842/4036/3784 3843/4042/3790
f 3856/4045/3792 3855/4046/3793 3863/4047/3794 3864/4048/3795
f 3841/4037/3785 3848/4005/3771 3856/4045/3792 3849/4038/3786
f 3847/4044/3770 3846/4041/3789 3854/4049/3796 3855/4050/3793
f 3845/4040/3788 3844/4043/3791 3852/4051/3797 3853/4052/3798
f 3843/4042/3790 3842/4036/3784 3850/4039/3787 3851/4053/3799
f 3848/4005/3771 3847/4004/3770 3855/4046/3793 3856/4045/3792
f 3846/4041/3789 3845/4040/3788 3853/4052/3798 3854/4049/3796
f 3844/4043/3791 3843/4042/3790 3851/4053/3799 3852/4051/3797
f 3859/4054/3800 3858/4055/3801 3866/4056/3802 3867/4057/3803
f 3854/4049/3796 3853/4052/3798 3861/4058/3804 3862/4059/3805
f 3852/4051/3797 3851/4053/3799 3859/4054/3800 3860/4060/3806
f 3850/4039/3787 3849/4038/3786 3857/4061/3807 3858/4055/3801
f 3849/4038/3786 3856/4045/3792 3864/4048/3795 3857/4061/3807
f 3855/4050/3793 3854/4049/3796 3862/4059/3805 3863/4062/3794
f 3853/4052/3798 3852/4051/3797 3860/4060/3806 3861/4058/3804
f 3851/4053/3799 3850/4039/3787 3858/4055/3801 3859/4054/3800
f 3866/4063/3802 3865/4064/3808 3872/4065/3809 3871/4066/3810 3870/4067/3811 3869/4068/3812 3868/4069/3813 3867/4070/3803
f 3864/4048/3795 3863/4047/3794 3871/4071/3810 3872/4072/3809
f 3862/4059/3805 3861/4058/3804 3869/4073/3812 3870/4074/3811
f 3860/4060/3806 3859/4054/3800 3867/4057/3803 3868/4075/3813
f 3858/4055/3801 3857/4061/3807 3865/4076/3808 3866/4056/3802
f 3857/4061/3807 3864/4048/3795 3872/4072/3809 3865/4076/3808
f 3863/4062/3794 3862/4059/3805 3870/4074/3811 3871/4077/3810
f 3861/4058/3804 3860/4060/3806 3868/4075/3813 3869/4073/3812
f 3839/4032/3783 3838/4020/3777 3878/4078/3814 3879/4079/3815
f 3874/4080/3816 3873/4081/3817 3880/4082/3818 3879/4083/3815 3878/4084/3814 3877/4085/3819 3876/4086/3820 3875/4087/3821
f 3837/4019/3776 3836/4024/3779 3876/4088/3820 3877/4089/3819
f 3835/4023/3778 3834/4028/3781 3874/4090/3816 3875/4091/3821
f 3840/4031/3782 3839/4035/3783 3879/4092/3815 3880/4093/3818
f 3838/4020/3777 3837/4019/3776 3877/4089/3819 3878/4078/3814
f 3836/4024/3779 3835/4023/3778 3875/4091/3821 3876/4088/3820
f 3834/4028/3781 3833/4027/3780 3873/4094/3817 3874/4090/3816
f 3833/4027/3780 3840/4031/3782 3880/4093/3818 3873/4094/3817
o Stelo.003_Cylinder.015
v -0.021621 0.083620 0.002798
v -0.026902 0.090963 0.001395
v -0.020916 0.084284 0.003513
v -0.026387 0.091565 0.001954
v -0.020910 0.084559 0.004685
v -0.026404 0.091814 0.002890
v -0.021606 0.084284 0.005627
v -0.026943 0.091565 0.003656
v -0.022598 0.083620 0.005788
v -0.027688 0.090963 0.003803
v -0.023304 0.082957 0.005073
v -0.028203 0.090361 0.003244
v -0.023310 0.082682 0.003901
v -0.028186 0.090111 0.002308
v -0.022613 0.082957 0.002958
v -0.027647 0.090361 0.001542
v -0.031272 0.096872 0.000067
v -0.030732 0.097443 0.000633
v -0.030739 0.097680 0.001572
v -0.031288 0.097443 0.002334
v -0.032058 0.096872 0.002473
v -0.032597 0.096301 0.001907
v -0.032590 0.096064 0.000968
v -0.032041 0.096301 0.000206
v -0.036542 0.103491 -0.001654
v -0.036207 0.104250 -0.001155
v -0.036298 0.104564 -0.000244
v -0.036762 0.104250 0.000546
v -0.037328 0.103491 0.000751
v -0.037663 0.102732 0.000251
v -0.037572 0.102418 -0.000660
v -0.037107 0.102732 -0.001449
v -0.043524 0.107330 -0.003935
v -0.043438 0.108200 -0.003518
v -0.043633 0.108560 -0.002640
v -0.043994 0.108200 -0.001817
v -0.044309 0.107330 -0.001530
v -0.044395 0.106461 -0.001948
v -0.044200 0.106101 -0.002825
v -0.043839 0.106461 -0.003649
v -0.051566 0.110028 -0.006365
v -0.051551 0.110780 -0.006028
v -0.051741 0.111092 -0.005289
v -0.052024 0.110780 -0.004580
v -0.052235 0.110028 -0.004317
v -0.052251 0.109276 -0.004654
v -0.052061 0.108964 -0.005394
v -0.051778 0.109276 -0.006102
v -0.058002 0.111796 -0.008377
v -0.057988 0.112488 -0.008067
v -0.058162 0.112775 -0.007387
v -0.058423 0.112488 -0.006735
v -0.058617 0.111796 -0.006493
v -0.058631 0.111104 -0.006803
v -0.058457 0.110818 -0.007483
v -0.058196 0.111104 -0.008135
v -0.066120 0.112684 -0.011029
v -0.066241 0.113384 -0.010763
v -0.066471 0.113674 -0.010101
v -0.066676 0.113384 -0.009431
v -0.066735 0.112684 -0.009145
v -0.066614 0.111985 -0.009411
v -0.066384 0.111695 -0.010073
v -0.066179 0.111985 -0.010743
v -0.072368 0.112381 -0.012929
v -0.072656 0.112945 -0.012759
v -0.072931 0.113179 -0.012212
v -0.073032 0.112945 -0.011608
v -0.072900 0.112381 -0.011301
v -0.072612 0.111817 -0.011471
v -0.072337 0.111583 -0.012018
v -0.072236 0.111817 -0.012622
v -0.077374 0.108902 -0.014565
v -0.077833 0.109357 -0.014451
v -0.078179 0.109545 -0.013926
v -0.078209 0.109357 -0.013299
v -0.077906 0.108902 -0.012936
v -0.077448 0.108448 -0.013050
v -0.077102 0.108259 -0.013575
v -0.077071 0.108448 -0.014202
v -0.080948 0.103832 -0.015732
v -0.081531 0.104122 -0.015659
v -0.081928 0.104242 -0.015152
v -0.081907 0.104122 -0.014507
v -0.081480 0.103832 -0.014104
v -0.080896 0.103542 -0.014177
v -0.080499 0.103422 -0.014684
v -0.080520 0.103542 -0.015329
v -0.082657 0.097782 -0.016291
v -0.083304 0.097872 -0.016238
v -0.083728 0.097910 -0.015739
v -0.083680 0.097872 -0.015087
v -0.083189 0.097782 -0.014662
v -0.082542 0.097691 -0.014715
v -0.082118 0.097653 -0.015213
v -0.082166 0.097691 -0.015866
v -0.083374 0.092801 -0.016525
v -0.084028 0.092791 -0.016475
v -0.084454 0.092786 -0.015977
v -0.084404 0.092791 -0.015323
v -0.083906 0.092801 -0.014896
v -0.083253 0.092812 -0.014947
v -0.082826 0.092817 -0.015445
v -0.082876 0.092812 -0.016098
v -0.083325 0.089907 -0.016509
v -0.083979 0.089896 -0.016459
v -0.084405 0.089892 -0.015961
v -0.084355 0.089896 -0.015307
v -0.083857 0.089907 -0.014880
v -0.083203 0.089918 -0.014931
v -0.082777 0.089922 -0.015429
v -0.082827 0.089918 -0.016082
v -0.041198 0.109957 -0.000580
v -0.040390 0.110480 -0.000474
v -0.039808 0.110697 0.000268
v -0.039791 0.110480 0.001212
v -0.040351 0.109957 0.001804
v -0.041159 0.109434 0.001698
v -0.041742 0.109218 0.000956
v -0.041758 0.109434 0.000012
v -0.047376 0.120109 0.001703
v -0.046701 0.120556 0.001794
v -0.046212 0.120741 0.002419
v -0.046197 0.120556 0.003212
v -0.046663 0.120109 0.003709
v -0.047339 0.119663 0.003618
v -0.047827 0.119478 0.002993
v -0.047842 0.119663 0.002200
v -0.051678 0.126303 0.003232
v -0.051003 0.126750 0.003323
v -0.050515 0.126935 0.003948
v -0.050499 0.126750 0.004741
v -0.050966 0.126303 0.005237
v -0.051641 0.125857 0.005147
v -0.052129 0.125672 0.004521
v -0.052145 0.125857 0.003728
v -0.054100 0.128850 0.004092
v -0.053712 0.129540 0.004285
v -0.053342 0.129825 0.004952
v -0.053208 0.129540 0.005703
v -0.053388 0.128850 0.006098
v -0.053776 0.128160 0.005905
v -0.054146 0.127875 0.005238
v -0.054280 0.128160 0.004487
v -0.057398 0.129770 0.005264
v -0.057372 0.130518 0.005585
v -0.057153 0.130828 0.006306
v -0.056868 0.130518 0.007004
v -0.056685 0.129770 0.007269
v -0.056710 0.129022 0.006948
v -0.056930 0.128713 0.006227
v -0.057214 0.129022 0.005529
v -0.060687 0.128818 0.006432
v -0.061003 0.129423 0.006876
v -0.060926 0.129674 0.007647
v -0.060499 0.129423 0.008294
v -0.059974 0.128818 0.008438
v -0.059658 0.128212 0.007995
v -0.059735 0.127961 0.007224
v -0.060162 0.128212 0.006577
v -0.063086 0.126247 0.007285
v -0.063632 0.126549 0.007809
v -0.063649 0.126674 0.008614
v -0.063128 0.126549 0.009228
v -0.062374 0.126247 0.009291
v -0.061828 0.125946 0.008766
v -0.061811 0.125821 0.007961
v -0.062332 0.125946 0.007348
v -0.064335 0.122748 0.007728
v -0.064934 0.122845 0.008272
v -0.064973 0.122885 0.009085
v -0.064430 0.122845 0.009690
v -0.063622 0.122748 0.009734
v -0.063024 0.122651 0.009191
v -0.062984 0.122611 0.008378
v -0.063527 0.122651 0.007772
v -0.064971 0.119112 0.007954
v -0.065570 0.119209 0.008498
v -0.065609 0.119250 0.009311
v -0.065066 0.119209 0.009916
v -0.064258 0.119112 0.009960
v -0.063660 0.119015 0.009417
v -0.063620 0.118975 0.008604
v -0.064163 0.119015 0.007998
v -0.065584 0.114110 0.008172
v -0.066189 0.114109 0.008718
v -0.066230 0.114108 0.009531
v -0.065685 0.114109 0.010136
v -0.064871 0.114110 0.010178
v -0.064266 0.114110 0.009632
v -0.064225 0.114111 0.008819
v -0.064770 0.114110 0.008214
v -0.065575 0.106084 0.008169
v -0.066179 0.106083 0.008714
v -0.066221 0.106082 0.009528
v -0.065675 0.106083 0.010133
v -0.064862 0.106084 0.010175
v -0.064257 0.106085 0.009629
v -0.064215 0.106085 0.008815
v -0.064761 0.106085 0.008211
vt 0.950939 0.845720
vt 0.922782 0.843360
vt 0.922696 0.840356
vt 0.951203 0.842040
vt 0.922706 0.837341
vt 0.951378 0.838351
vt 0.922877 0.834324
vt 0.951465 0.834666
vt 0.923163 0.831321
vt 0.951465 0.830986
vt 0.923423 0.828327
vt 0.951378 0.827312
vt 0.923508 0.825338
vt 0.951198 0.823616
vt 0.950139 0.853058
vt 0.922650 0.849337
vt 0.922813 0.846354
vt 0.950586 0.849386
vt 0.899722 0.845353
vt 0.899809 0.842395
vt 0.899878 0.839447
vt 0.899952 0.836509
vt 0.900054 0.833576
vt 0.900322 0.827698
vt 0.900441 0.824746
vt 0.920247 0.753980
vt 0.920865 0.717749
vt 0.923336 0.717757
vt 0.923128 0.753965
vt 0.900183 0.830641
vt 0.899595 0.848311
vt 0.874417 0.847186
vt 0.874189 0.844242
vt 0.794788 0.633214
vt 0.798097 0.632865
vt 0.798904 0.661389
vt 0.795770 0.661107
vt 0.873867 0.829773
vt 0.874811 0.826961
vt 0.872471 0.835535
vt 0.872923 0.832593
vt 0.873451 0.841377
vt 0.872713 0.838502
vt 0.875253 0.824037
vt 0.808287 0.660871
vt 0.811454 0.660383
vt 0.810920 0.689877
vt 0.808188 0.690168
vt 0.801449 0.632676
vt 0.804813 0.632704
vt 0.805162 0.661314
vt 0.802034 0.661523
vt 0.811408 0.633142
vt 0.814720 0.633233
vt 0.814720 0.660217
vt 0.791531 0.633567
vt 0.792590 0.660735
vt 0.808134 0.632918
vt 0.788230 0.633792
vt 0.789321 0.660717
vt 0.794376 0.690192
vt 0.797118 0.690376
vt 0.798253 0.713368
vt 0.795821 0.713428
vt 0.791617 0.690255
vt 0.799881 0.690573
vt 0.805436 0.690478
vt 0.802659 0.690639
vt 0.813678 0.689819
vt 0.810374 0.713158
vt 0.812839 0.713197
vt 0.812697 0.739858
vt 0.810375 0.739844
vt 0.803099 0.713363
vt 0.800678 0.713344
vt 0.807941 0.713185
vt 0.805520 0.713256
vt 0.793360 0.713565
vt 0.794523 0.740162
vt 0.796817 0.740060
vt 0.798626 0.758639
vt 0.796771 0.758674
vt 0.799040 0.740102
vt 0.803576 0.740179
vt 0.801298 0.740147
vt 0.808133 0.739961
vt 0.805869 0.740101
vt 0.805669 0.758960
vt 0.807443 0.758840
vt 0.807519 0.775889
vt 0.805770 0.775852
vt 0.802179 0.758746
vt 0.800423 0.758783
vt 0.803922 0.758854
vt 0.811110 0.758835
vt 0.809238 0.758810
vt 0.809244 0.775985
vt 0.811054 0.776019
vt 0.810862 0.792937
vt 0.809048 0.792895
vt 0.798790 0.775729
vt 0.796985 0.775730
vt 0.802260 0.775624
vt 0.800521 0.775717
vt 0.804024 0.775677
vt 0.803882 0.792542
vt 0.805594 0.792735
vt 0.805285 0.810081
vt 0.803452 0.810085
vt 0.800425 0.792534
vt 0.798679 0.792516
vt 0.802155 0.792468
vt 0.807319 0.792787
vt 0.796859 0.792478
vt 0.807098 0.810004
vt 0.808893 0.809919
vt 0.808639 0.824069
vt 0.806774 0.824219
vt 0.810753 0.809895
vt 0.799817 0.809858
vt 0.798023 0.809664
vt 0.801620 0.810009
vt 0.796159 0.809543
vt 0.801317 0.824235
vt 0.803126 0.824347
vt 0.802927 0.832508
vt 0.800988 0.832443
vt 0.797629 0.823793
vt 0.795746 0.823641
vt 0.799487 0.824033
vt 0.804940 0.824339
vt 0.810527 0.823994
vt 0.633518 0.813931
vt 0.631504 0.813931
vt 0.630081 0.812508
vt 0.630081 0.810495
vt 0.631504 0.809071
vt 0.633518 0.809071
vt 0.634941 0.810495
vt 0.634941 0.812508
vt 0.806808 0.832533
vt 0.804869 0.832540
vt 0.808707 0.832510
vt 0.797157 0.832228
vt 0.795239 0.832113
vt 0.799052 0.832342
vt 0.810631 0.832486
vt 0.930121 0.776115
vt 0.927384 0.775010
vt 0.926005 0.754108
vt 0.928885 0.754323
vt 0.921809 0.776576
vt 0.924425 0.775192
vt 0.913643 0.779100
vt 0.911540 0.754370
vt 0.914467 0.754267
vt 0.916598 0.779297
vt 0.931785 0.754491
vt 0.932481 0.777876
vt 0.919371 0.778262
vt 0.917363 0.754098
vt 0.934722 0.754508
vt 0.935048 0.779339
vt 0.928295 0.717856
vt 0.930763 0.717886
vt 0.925817 0.717800
vt 0.915921 0.717779
vt 0.918391 0.717768
vt 0.933218 0.717852
vt 0.913462 0.717740
vt 0.913916 0.694381
vt 0.916406 0.694557
vt 0.917028 0.684652
vt 0.919314 0.684490
vt 0.918767 0.694840
vt 0.928177 0.694888
vt 0.930540 0.694631
vt 0.923475 0.695207
vt 0.925838 0.695122
vt 0.921106 0.695101
vt 0.933031 0.694483
vt 0.927741 0.684534
vt 0.927830 0.674475
vt 0.930118 0.674726
vt 0.930025 0.684720
vt 0.932559 0.684777
vt 0.925615 0.684355
vt 0.921442 0.684334
vt 0.923529 0.684264
vt 0.914493 0.684682
vt 0.914503 0.674778
vt 0.914341 0.664655
vt 0.916932 0.664485
vt 0.917041 0.674657
vt 0.923582 0.674156
vt 0.925687 0.674258
vt 0.919332 0.674430
vt 0.921477 0.674236
vt 0.932654 0.674874
vt 0.930335 0.664556
vt 0.930762 0.654122
vt 0.933394 0.654426
vt 0.932924 0.664753
vt 0.927989 0.664260
vt 0.923636 0.663905
vt 0.925792 0.664016
vt 0.919281 0.664214
vt 0.921480 0.663994
vt 0.919063 0.653584
vt 0.918658 0.641998
vt 0.921213 0.641617
vt 0.921392 0.653198
vt 0.925994 0.653223
vt 0.928319 0.653633
vt 0.923694 0.653053
vt 0.913980 0.654324
vt 0.916615 0.654047
vt 0.913371 0.642684
vt 0.912982 0.630113
vt 0.915721 0.630051
vt 0.916054 0.642430
vt 0.931445 0.642511
vt 0.934125 0.642794
vt 0.926295 0.641644
vt 0.928846 0.642052
vt 0.923755 0.641472
vt 0.921125 0.629878
vt 0.921236 0.613031
vt 0.923905 0.612973
vt 0.923816 0.629855
vt 0.929204 0.630015
vt 0.931909 0.630137
vt 0.926507 0.629906
vt 0.918428 0.629958
vt 0.934647 0.630228
vt 0.915823 0.613349
vt 0.915790 0.586313
vt 0.918510 0.586309
vt 0.918549 0.613187
vt 0.913076 0.613413
vt 0.929261 0.613242
vt 0.931985 0.613434
vt 0.926576 0.613056
vt 0.934731 0.613528
vt 0.932329 0.586412
vt 0.935048 0.586445
vt 0.926838 0.586347
vt 0.929610 0.586377
vt 0.921283 0.586311
vt 0.924067 0.586323
vt 0.913069 0.586314
vn 0.2904 0.0262 -0.9565
vn 0.2984 0.0192 -0.9543
vn 0.7432 0.4440 -0.5004
vn 0.7396 0.4484 -0.5018
vn 0.7485 0.6171 0.2428
vn 0.7435 0.6231 0.2429
vn 0.3117 0.4379 0.8432
vn 0.3007 0.4484 0.8417
vn -0.3149 0.0096 0.9491
vn -0.3304 0.0262 0.9434
vn -0.7628 -0.4167 0.4944
vn -0.7786 -0.3948 0.4878
vn -0.7673 -0.5896 -0.2522
vn -0.7821 -0.5683 -0.2555
vn -0.3274 -0.4090 -0.8518
vn -0.3404 -0.3948 -0.8534
vn -0.3101 -0.4398 -0.8429
vn 0.3098 0.0081 -0.9507
vn 0.7424 0.4522 -0.4943
vn 0.7383 0.6292 0.2428
vn 0.3111 0.4445 0.8400
vn -0.7418 -0.4457 0.5010
vn -0.7429 -0.6245 -0.2411
vn 0.4166 0.4105 -0.8111
vn 0.3119 0.4081 -0.8580
vn 0.7699 0.5759 -0.2748
vn 0.8287 0.5347 -0.1652
vn -0.3034 -0.0014 0.9528
vn -0.6894 -0.7057 -0.1630
vn -0.3453 -0.4871 -0.8021
vn -0.1700 -0.0332 0.9849
vn 0.4109 0.4719 0.7800
vn 0.0369 0.6669 0.7442
vn -0.3100 0.0207 0.9505
vn -0.6362 -0.5146 0.5749
vn 0.7093 0.6985 0.0951
vn 0.1667 0.0248 -0.9857
vn 0.5828 0.5161 -0.6276
vn 0.3109 0.0207 -0.9502
vn -0.0449 -0.6405 -0.7667
vn 0.0164 -0.6727 -0.7397
vn 0.2972 0.0095 -0.9547
vn 0.4691 0.6669 -0.5789
vn 0.3527 0.9286 0.1152
vn -0.3809 -0.9162 -0.1245
vn -0.4889 -0.6405 0.5922
vn -0.4235 -0.6727 0.6067
vn -0.3238 0.0095 0.9460
vn -0.3128 0.0193 0.9496
vn -0.3473 -0.6858 0.6395
vn -0.2828 -0.9547 -0.0924
vn -0.0446 0.6872 0.7251
vn 0.3920 0.6872 -0.6116
vn 0.2497 0.9648 0.0816
vn 0.0972 -0.6858 -0.7212
vn -0.1770 -0.9825 -0.0578
vn -0.0418 -0.9990 -0.0136
vn 0.1903 -0.7017 -0.6866
vn 0.1637 0.9850 0.0535
vn -0.1004 0.7064 0.7006
vn 0.3081 0.0193 -0.9511
vn 0.3326 0.7064 -0.6248
vn -0.2518 -0.7017 0.6665
vn -0.0470 -0.6370 0.7694
vn 0.2785 -0.9561 0.0910
vn -0.3189 0.0164 0.9476
vn 0.0132 0.9999 0.0043
vn -0.2080 0.7183 0.6639
vn 0.3020 0.0164 -0.9531
vn 0.2241 0.7183 -0.6587
vn -0.0145 0.6940 -0.7198
vn 0.2844 0.0602 -0.9568
vn 0.2816 0.0299 -0.9590
vn -0.2616 0.5286 -0.8075
vn -0.4367 0.6940 0.5724
vn -0.3353 0.0602 0.9402
vn -0.3081 0.9460 -0.1006
vn 0.4162 -0.6370 -0.6488
vn 0.6745 -0.4966 -0.5463
vn 0.6558 -0.7239 0.2142
vn 0.8516 -0.4443 0.2782
vn 0.8089 -0.3053 -0.5024
vn 0.2219 -0.4966 0.8391
vn -0.6879 0.5286 0.4973
vn -0.3389 0.0299 0.9403
vn -0.6516 0.7280 -0.2129
vn -0.8490 0.4496 -0.2774
vn -0.4048 0.3259 -0.8543
vn -0.4496 0.1563 -0.8795
vn -0.9280 0.2164 -0.3032
vn -0.3469 0.0178 0.9377
vn 0.3563 -0.3053 0.8831
vn -0.8311 0.3259 0.4505
vn 0.2736 0.0178 -0.9617
vn 0.2949 0.0048 -0.9555
vn 0.8718 -0.1530 -0.4654
vn 0.8834 -0.0468 -0.4663
vn 0.2911 0.0029 -0.9567
vn 0.9274 -0.2193 0.3030
vn -0.3261 0.0048 0.9453
vn 0.4288 -0.1530 0.8903
vn -0.8821 0.1563 0.4444
vn -0.8965 0.0469 0.4405
vn -0.9486 0.0635 -0.3099
vn -0.7272 -0.6440 -0.2376
vn -0.6815 -0.6399 0.3549
vn 0.4377 -0.0468 0.8979
vn 0.9483 -0.0690 0.3098
vn -0.3298 0.0029 0.9440
vn -0.4635 0.0469 -0.8848
vn -0.3406 -0.6400 -0.6888
vn 0.2518 -0.6301 -0.7345
vn 0.7029 -0.6203 -0.3479
vn 0.7486 -0.6163 0.2445
vn 0.3619 -0.6203 0.6958
vn -0.2304 -0.6301 0.7415
vn 0.7564 0.3499 0.5526
vn 0.2532 -0.0260 0.9670
vn -0.8319 -0.5326 0.1554
vn -0.7464 -0.3540 -0.5635
vn -0.4256 -0.4006 0.8114
vn -0.2462 0.0309 -0.9687
vn 0.3332 0.0147 0.9427
vn -0.3144 -0.3909 0.8651
vn 0.7802 0.4142 0.4687
vn -0.7854 -0.3959 -0.4757
vn -0.3309 0.0067 -0.9436
vn -0.7799 -0.5619 0.2758
vn -0.7171 -0.6488 0.2547
vn -0.7418 -0.4565 -0.4912
vn -0.5694 -0.5812 -0.5813
vn -0.3006 0.0529 -0.9523
vn -0.3226 0.0147 -0.9464
vn 0.3468 0.0147 0.9378
vn -0.2656 -0.4565 0.8491
vn 0.7101 0.6573 -0.2523
vn 0.7434 0.4744 0.4714
vn 0.2793 0.4744 -0.8348
vn 0.3676 0.0529 0.9285
vn 0.3381 0.0636 0.9389
vn 0.2420 -0.6743 0.6977
vn -0.0750 -0.5812 0.8103
vn -0.4864 -0.8565 0.1728
vn 0.5642 0.6441 0.5165
vn 0.1119 0.6441 -0.7567
vn 0.4521 0.8774 -0.1606
vn -0.0177 -0.9998 0.0063
vn 0.4557 -0.8752 -0.1619
vn 0.0660 -0.5867 -0.8071
vn -0.2524 -0.6743 -0.6940
vn -0.0218 0.9997 0.0078
vn 0.2154 0.7372 0.6404
vn -0.3300 0.0636 -0.9418
vn -0.2369 0.7372 -0.6328
vn 0.5604 -0.5867 0.5846
vn 0.7813 -0.3740 0.4996
vn 0.7821 -0.5577 -0.2779
vn 0.3076 0.0573 0.9498
vn -0.4899 0.8542 0.1740
vn -0.1304 0.6327 0.7633
vn -0.3606 0.0573 -0.9309
vn -0.5828 0.6327 -0.5099
vn -0.3717 0.0334 -0.9277
vn -0.3540 0.0084 -0.9352
vn -0.8851 0.1919 -0.4239
vn -0.8107 0.3912 -0.4354
vn -0.3543 0.3912 0.8494
vn 0.2969 0.0334 0.9543
vn -0.8009 0.5268 0.2845
vn 0.2909 -0.3740 -0.8806
vn 0.9057 -0.2758 -0.3218
vn 0.9306 -0.1567 -0.3306
vn 0.4181 -0.1102 -0.9017
vn 0.3914 -0.1896 -0.9004
vn 0.8718 -0.1896 0.4516
vn -0.4193 0.1919 0.8873
vn 0.3154 0.0084 0.9489
vn -0.9089 0.2637 0.3229
vn -0.8973 0.1103 -0.4274
vn -0.9063 0.0453 -0.4201
vn -0.9405 0.0622 0.3341
vn -0.9309 0.1548 0.3307
vn 0.3286 0.0011 0.9445
vn 0.8932 -0.1102 0.4358
vn -0.4265 0.1103 0.8977
vn -0.3409 0.0011 -0.9401
vn 0.4178 -0.0452 -0.9074
vn 0.4296 0.0009 -0.9030
vn -0.3348 0.0000 -0.9423
vn -0.3497 0.0019 -0.9369
vn 0.9402 -0.0658 -0.3340
vn 0.3198 0.0019 0.9474
vn 0.8966 -0.0452 0.4404
vn -0.4381 0.0453 0.8978
vn 0.9030 0.0009 0.4295
vn 0.9423 0.0012 -0.3348
vn -0.4296 -0.0009 0.9030
vn 0.3348 0.0000 0.9423
vn -0.9030 -0.0009 -0.4296
vn -0.9423 -0.0012 0.3348
usemtl material.baked
s 1
f 3881/4095/3822 3882/4096/3823 3884/4097/3824 3883/4098/3825
f 3883/4098/3825 3884/4097/3824 3886/4099/3826 3885/4100/3827
f 3885/4100/3827 3886/4099/3826 3888/4101/3828 3887/4102/3829
f 3887/4102/3829 3888/4101/3828 3890/4103/3830 3889/4104/3831
f 3889/4104/3831 3890/4103/3830 3892/4105/3832 3891/4106/3833
f 3891/4106/3833 3892/4105/3832 3894/4107/3834 3893/4108/3835
f 3893/4109/3835 3894/4110/3834 3896/4111/3836 3895/4112/3837
f 3895/4112/3837 3896/4111/3836 3882/4096/3823 3881/4095/3822
f 3896/4111/3836 3904/4113/3838 3897/4114/3839 3882/4096/3823
f 3882/4096/3823 3897/4114/3839 3898/4115/3840 3884/4097/3824
f 3886/4099/3826 3899/4116/3841 3900/4117/3842 3888/4101/3828
f 3892/4105/3832 3902/4118/3843 3903/4119/3844 3894/4107/3834
f 3994/4120/3845 4002/4121/3846 4003/4122/3847 3995/4123/3848
f 3884/4097/3824 3898/4115/3840 3899/4116/3841 3886/4099/3826
f 3888/4101/3828 3900/4117/3842 3901/4124/3849 3890/4103/3830
f 3894/4110/3834 3903/4125/3844 3904/4113/3838 3896/4111/3836
f 3890/4103/3830 3901/4124/3849 3902/4118/3843 3892/4105/3832
f 3904/4113/3838 3903/4125/3844 3911/4126/3850 3912/4127/3851
f 3909/4128/3852 3908/4129/3853 3916/4130/3854 3917/4131/3855
f 3902/4118/3843 3901/4124/3849 3909/4132/3852 3910/4133/3856
f 3900/4117/3842 3899/4116/3841 3907/4134/3857 3908/4135/3853
f 3898/4115/3840 3897/4114/3839 3905/4136/3858 3906/4137/3859
f 3897/4114/3839 3904/4113/3838 3912/4127/3851 3905/4136/3858
f 3903/4119/3844 3902/4118/3843 3910/4133/3856 3911/4138/3850
f 3901/4124/3849 3900/4117/3842 3908/4135/3853 3909/4132/3852
f 3899/4116/3841 3898/4115/3840 3906/4137/3859 3907/4134/3857
f 3913/4139/3860 3920/4140/3861 3928/4141/3862 3921/4142/3863
f 3907/4143/3857 3906/4144/3859 3914/4145/3864 3915/4146/3865
f 3912/4147/3851 3911/4148/3850 3919/4149/3866 3920/4140/3861
f 3910/4150/3856 3909/4128/3852 3917/4131/3855 3918/4151/3867
f 3908/4129/3853 3907/4143/3857 3915/4146/3865 3916/4130/3854
f 3906/4144/3859 3905/4152/3858 3913/4139/3860 3914/4145/3864
f 3905/4152/3858 3912/4147/3851 3920/4140/3861 3913/4139/3860
f 3911/4153/3850 3910/4150/3856 3918/4151/3867 3919/4154/3866
f 3926/4155/3868 3925/4156/3869 3933/4157/3870 3934/4158/3871
f 3919/4154/3866 3918/4151/3867 3926/4155/3868 3927/4159/3872
f 3917/4131/3855 3916/4130/3854 3924/4160/3873 3925/4156/3869
f 3915/4146/3865 3914/4145/3864 3922/4161/3874 3923/4162/3875
f 3920/4140/3861 3919/4149/3866 3927/4163/3872 3928/4141/3862
f 3918/4151/3867 3917/4131/3855 3925/4156/3869 3926/4155/3868
f 3916/4130/3854 3915/4146/3865 3923/4162/3875 3924/4160/3873
f 3914/4145/3864 3913/4139/3860 3921/4142/3863 3922/4161/3874
f 3936/4164/3876 3935/4165/3877 3943/4166/3878 3944/4167/3879
f 3924/4160/3873 3923/4162/3875 3931/4168/3880 3932/4169/3881
f 3922/4161/3874 3921/4142/3863 3929/4170/3882 3930/4171/3883
f 3921/4142/3863 3928/4141/3862 3936/4164/3876 3929/4170/3882
f 3927/4159/3872 3926/4155/3868 3934/4158/3871 3935/4172/3877
f 3925/4156/3869 3924/4160/3873 3932/4169/3881 3933/4157/3870
f 3923/4162/3875 3922/4161/3874 3930/4171/3883 3931/4168/3880
f 3928/4141/3862 3927/4163/3872 3935/4165/3877 3936/4164/3876
f 3943/4173/3878 3942/4174/3884 3950/4175/3885 3951/4176/3886
f 3934/4158/3871 3933/4157/3870 3941/4177/3887 3942/4174/3884
f 3932/4169/3881 3931/4168/3880 3939/4178/3888 3940/4179/3889
f 3930/4171/3883 3929/4170/3882 3937/4180/3890 3938/4181/3891
f 3929/4170/3882 3936/4164/3876 3944/4167/3879 3937/4180/3890
f 3935/4172/3877 3934/4158/3871 3942/4174/3884 3943/4173/3878
f 3933/4157/3870 3932/4169/3881 3940/4179/3889 3941/4177/3887
f 3931/4168/3880 3930/4171/3883 3938/4181/3891 3939/4178/3888
f 3946/4182/3892 3945/4183/3893 3953/4184/3894 3954/4185/3895
f 3941/4177/3887 3940/4179/3889 3948/4186/3896 3949/4187/3897
f 3939/4178/3888 3938/4181/3891 3946/4182/3892 3947/4188/3898
f 3944/4167/3879 3943/4166/3878 3951/4189/3886 3952/4190/3899
f 3942/4174/3884 3941/4177/3887 3949/4187/3897 3950/4175/3885
f 3940/4179/3889 3939/4178/3888 3947/4188/3898 3948/4186/3896
f 3938/4181/3891 3937/4180/3890 3945/4183/3893 3946/4182/3892
f 3937/4180/3890 3944/4167/3879 3952/4190/3899 3945/4183/3893
f 3960/4191/3900 3959/4192/3901 3967/4193/3902 3968/4194/3903
f 3945/4183/3893 3952/4190/3899 3960/4191/3900 3953/4184/3894
f 3951/4176/3886 3950/4175/3885 3958/4195/3904 3959/4196/3901
f 3949/4187/3897 3948/4186/3896 3956/4197/3905 3957/4198/3906
f 3947/4188/3898 3946/4182/3892 3954/4185/3895 3955/4199/3907
f 3952/4190/3899 3951/4189/3886 3959/4192/3901 3960/4191/3900
f 3950/4175/3885 3949/4187/3897 3957/4198/3906 3958/4195/3904
f 3948/4186/3896 3947/4188/3898 3955/4199/3907 3956/4197/3905
f 3963/4200/3908 3962/4201/3909 3970/4202/3910 3971/4203/3911
f 3958/4195/3904 3957/4198/3906 3965/4204/3912 3966/4205/3913
f 3956/4197/3905 3955/4199/3907 3963/4200/3908 3964/4206/3914
f 3954/4185/3895 3953/4184/3894 3961/4207/3915 3962/4201/3909
f 3953/4184/3894 3960/4191/3900 3968/4194/3903 3961/4207/3915
f 3959/4196/3901 3958/4195/3904 3966/4205/3913 3967/4208/3902
f 3957/4198/3906 3956/4197/3905 3964/4206/3914 3965/4204/3912
f 3955/4199/3907 3954/4185/3895 3962/4201/3909 3963/4200/3908
f 3969/4209/3916 3976/4210/3917 3984/4211/3918 3977/4212/3919
f 3968/4194/3903 3967/4193/3902 3975/4213/3920 3976/4210/3917
f 3966/4205/3913 3965/4204/3912 3973/4214/3921 3974/4215/3922
f 3964/4206/3914 3963/4200/3908 3971/4203/3911 3972/4216/3923
f 3962/4201/3909 3961/4207/3915 3969/4209/3916 3970/4202/3910
f 3961/4207/3915 3968/4194/3903 3976/4210/3917 3969/4209/3916
f 3967/4208/3902 3966/4205/3913 3974/4215/3922 3975/4217/3920
f 3965/4204/3912 3964/4206/3914 3972/4216/3923 3973/4214/3921
f 3980/4218/3924 3979/4219/3925 3987/4220/3926 3988/4221/3927
f 3975/4217/3920 3974/4215/3922 3982/4222/3928 3983/4223/3929
f 3973/4214/3921 3972/4216/3923 3980/4218/3924 3981/4224/3930
f 3971/4203/3911 3970/4202/3910 3978/4225/3931 3979/4219/3925
f 3976/4210/3917 3975/4213/3920 3983/4226/3929 3984/4211/3918
f 3974/4215/3922 3973/4214/3921 3981/4224/3930 3982/4222/3928
f 3972/4216/3923 3971/4203/3911 3979/4219/3925 3980/4218/3924
f 3970/4202/3910 3969/4209/3916 3977/4212/3919 3978/4225/3931
f 3986/4227/3932 3985/4228/3933 3992/4229/3934 3991/4230/3935 3990/4231/3936 3989/4232/3937 3988/4233/3927 3987/4234/3926
f 3978/4225/3931 3977/4212/3919 3985/4235/3933 3986/4236/3932
f 3977/4212/3919 3984/4211/3918 3992/4237/3934 3985/4235/3933
f 3983/4223/3929 3982/4222/3928 3990/4238/3936 3991/4239/3935
f 3981/4224/3930 3980/4218/3924 3988/4221/3927 3989/4240/3937
f 3979/4219/3925 3978/4225/3931 3986/4236/3932 3987/4220/3926
f 3984/4211/3918 3983/4226/3929 3991/4241/3935 3992/4237/3934
f 3982/4222/3928 3981/4224/3930 3989/4240/3937 3990/4238/3936
f 3909/4242/3852 3908/4243/3853 3996/4244/3938 3997/4245/3939
f 3906/4246/3859 3994/4120/3845 3995/4123/3848 3907/4247/3857
f 3911/4248/3850 3999/4249/3940 4000/4250/3941 3912/4251/3851
f 3909/4242/3852 3997/4245/3939 3998/4252/3942 3910/4253/3856
f 3907/4247/3857 3995/4123/3848 3996/4244/3938 3908/4243/3853
f 3905/4254/3858 3993/4255/3943 3994/4120/3845 3906/4246/3859
f 3912/4251/3851 4000/4250/3941 3993/4255/3943 3905/4254/3858
f 3910/4253/3856 3998/4252/3942 3999/4256/3940 3911/4257/3850
f 3997/4245/3939 4005/4258/3944 4006/4259/3945 3998/4252/3942
f 3995/4123/3848 4003/4122/3847 4004/4260/3946 3996/4244/3938
f 4000/4250/3941 4008/4261/3947 4001/4262/3948 3993/4255/3943
f 3998/4252/3942 4006/4259/3945 4007/4263/3949 3999/4256/3940
f 3996/4244/3938 4004/4260/3946 4005/4258/3944 3997/4245/3939
f 3999/4249/3940 4007/4264/3949 4008/4261/3947 4000/4250/3941
f 4007/4264/3949 4015/4265/3950 4016/4266/3951 4008/4261/3947
f 4016/4266/3951 4024/4267/3952 4017/4268/3953 4009/4269/3954
f 4005/4258/3944 4013/4270/3955 4014/4271/3956 4006/4259/3945
f 4003/4122/3847 4011/4272/3957 4012/4273/3958 4004/4260/3946
f 4001/4262/3948 4009/4269/3954 4010/4274/3959 4002/4121/3846
f 4008/4261/3947 4016/4266/3951 4009/4269/3954 4001/4262/3948
f 4006/4259/3945 4014/4271/3956 4015/4275/3950 4007/4263/3949
f 4004/4260/3946 4012/4273/3958 4013/4270/3955 4005/4258/3944
f 4002/4121/3846 4010/4274/3959 4011/4272/3957 4003/4122/3847
f 4021/4276/3960 4029/4277/3961 4030/4278/3962 4022/4279/3963
f 4014/4271/3956 4022/4279/3963 4023/4280/3964 4015/4275/3950
f 4012/4273/3958 4020/4281/3965 4021/4276/3960 4013/4270/3955
f 4010/4274/3959 4018/4282/3966 4019/4283/3967 4011/4272/3957
f 4015/4265/3950 4023/4284/3964 4024/4267/3952 4016/4266/3951
f 4013/4270/3955 4021/4276/3960 4022/4279/3963 4014/4271/3956
f 4011/4272/3957 4019/4283/3967 4020/4281/3965 4012/4273/3958
f 4009/4269/3954 4017/4268/3953 4018/4282/3966 4010/4274/3959
f 4031/4285/3968 4039/4286/3969 4040/4287/3970 4032/4288/3971
f 4019/4283/3967 4027/4289/3972 4028/4290/3973 4020/4281/3965
f 4017/4268/3953 4025/4291/3974 4026/4292/3975 4018/4282/3966
f 4024/4267/3952 4032/4288/3971 4025/4291/3974 4017/4268/3953
f 4022/4279/3963 4030/4278/3962 4031/4293/3968 4023/4280/3964
f 4020/4281/3965 4028/4290/3973 4029/4277/3961 4021/4276/3960
f 4018/4282/3966 4026/4292/3975 4027/4289/3972 4019/4283/3967
f 4023/4284/3964 4031/4285/3968 4032/4288/3971 4024/4267/3952
f 4038/4294/3976 4046/4295/3977 4047/4296/3978 4039/4297/3969
f 4029/4277/3961 4037/4298/3979 4038/4294/3976 4030/4278/3962
f 4027/4289/3972 4035/4299/3980 4036/4300/3981 4028/4290/3973
f 4025/4291/3974 4033/4301/3982 4034/4302/3983 4026/4292/3975
f 4032/4288/3971 4040/4287/3970 4033/4301/3982 4025/4291/3974
f 4030/4278/3962 4038/4294/3976 4039/4297/3969 4031/4293/3968
f 4028/4290/3973 4036/4300/3981 4037/4298/3979 4029/4277/3961
f 4026/4292/3975 4034/4302/3983 4035/4299/3980 4027/4289/3972
f 4041/4303/3984 4049/4304/3985 4050/4305/3986 4042/4306/3987
f 4036/4300/3981 4044/4307/3988 4045/4308/3989 4037/4298/3979
f 4034/4302/3983 4042/4306/3987 4043/4309/3990 4035/4299/3980
f 4039/4286/3969 4047/4310/3978 4048/4311/3991 4040/4287/3970
f 4037/4298/3979 4045/4308/3989 4046/4295/3977 4038/4294/3976
f 4035/4299/3980 4043/4309/3990 4044/4307/3988 4036/4300/3981
f 4033/4301/3982 4041/4303/3984 4042/4306/3987 4034/4302/3983
f 4040/4287/3970 4048/4311/3991 4041/4303/3984 4033/4301/3982
f 4055/4312/3992 4063/4313/3993 4064/4314/3994 4056/4315/3995
f 4048/4311/3991 4056/4315/3995 4049/4304/3985 4041/4303/3984
f 4046/4295/3977 4054/4316/3996 4055/4317/3992 4047/4296/3978
f 4044/4307/3988 4052/4318/3997 4053/4319/3998 4045/4308/3989
f 4042/4306/3987 4050/4305/3986 4051/4320/3999 4043/4309/3990
f 4047/4310/3978 4055/4312/3992 4056/4315/3995 4048/4311/3991
f 4045/4308/3989 4053/4319/3998 4054/4316/3996 4046/4295/3977
f 4043/4309/3990 4051/4320/3999 4052/4318/3997 4044/4307/3988
f 4058/4321/4000 4066/4322/4001 4067/4323/4002 4059/4324/4003
f 4053/4319/3998 4061/4325/4004 4062/4326/4005 4054/4316/3996
f 4051/4320/3999 4059/4324/4003 4060/4327/4006 4052/4318/3997
f 4049/4304/3985 4057/4328/4007 4058/4321/4000 4050/4305/3986
f 4056/4315/3995 4064/4314/3994 4057/4328/4007 4049/4304/3985
f 4054/4316/3996 4062/4326/4005 4063/4329/3993 4055/4317/3992
f 4052/4318/3997 4060/4327/4006 4061/4325/4004 4053/4319/3998
f 4050/4305/3986 4058/4321/4000 4059/4324/4003 4051/4320/3999
f 4072/4330/4008 4080/4331/4009 4073/4332/4010 4065/4333/4011
f 4063/4313/3993 4071/4334/4012 4072/4330/4008 4064/4314/3994
f 4061/4325/4004 4069/4335/4013 4070/4336/4014 4062/4326/4005
f 4059/4324/4003 4067/4323/4002 4068/4337/4015 4060/4327/4006
f 4057/4328/4007 4065/4333/4011 4066/4322/4001 4058/4321/4000
f 4064/4314/3994 4072/4330/4008 4065/4333/4011 4057/4328/4007
f 4062/4326/4005 4070/4336/4014 4071/4338/4012 4063/4329/3993
f 4060/4327/4006 4068/4337/4015 4069/4335/4013 4061/4325/4004
f 4070/4336/4014 4078/4339/4016 4079/4340/4017 4071/4338/4012
f 4068/4337/4015 4076/4341/4018 4077/4342/4019 4069/4335/4013
f 4066/4322/4001 4074/4343/4020 4075/4344/4021 4067/4323/4002
f 4071/4334/4012 4079/4345/4017 4080/4331/4009 4072/4330/4008
f 4069/4335/4013 4077/4342/4019 4078/4339/4016 4070/4336/4014
f 4067/4323/4002 4075/4344/4021 4076/4341/4018 4068/4337/4015
f 4065/4333/4011 4073/4332/4010 4074/4343/4020 4066/4322/4001
f 3993/4255/3943 4001/4262/3948 4002/4121/3846 3994/4120/3845
o Stelo.004_Cylinder.016
v -0.022678 0.081575 0.003659
v -0.023025 0.082019 0.004489
v -0.023909 0.082203 0.004854
v -0.024812 0.082019 0.004540
v -0.025205 0.081575 0.003731
v -0.024858 0.081132 0.002901
v -0.023974 0.080948 0.002536
v -0.023071 0.081132 0.002850
v -0.022794 0.096415 -0.000424
v -0.023140 0.096859 0.000406
v -0.024025 0.097043 0.000771
v -0.024928 0.096859 0.000457
v -0.025321 0.096415 -0.000352
v -0.024974 0.095971 -0.001182
v -0.024090 0.095787 -0.001547
v -0.023187 0.095971 -0.001233
v -0.023113 0.115483 -0.006252
v -0.023417 0.115829 -0.005509
v -0.024194 0.115973 -0.005183
v -0.024987 0.115829 -0.005465
v -0.025333 0.115483 -0.006189
v -0.025029 0.115137 -0.006933
v -0.024252 0.114994 -0.007259
v -0.023459 0.115137 -0.006977
v -0.023217 0.123967 -0.008832
v -0.023513 0.124303 -0.008110
v -0.024268 0.124442 -0.007793
v -0.025039 0.124303 -0.008066
v -0.025375 0.123967 -0.008771
v -0.025080 0.123630 -0.009494
v -0.024325 0.123491 -0.009811
v -0.023553 0.123630 -0.009537
v -0.023500 0.131837 -0.011809
v -0.023741 0.132112 -0.011219
v -0.024358 0.132226 -0.010960
v -0.024987 0.132112 -0.011183
v -0.025262 0.131837 -0.011759
v -0.025020 0.131563 -0.012348
v -0.024404 0.131449 -0.012607
v -0.023775 0.131563 -0.012384
v -0.023244 0.133368 -0.009773
v -0.023538 0.133364 -0.009001
v -0.024292 0.133363 -0.008664
v -0.025064 0.133364 -0.008958
v -0.025402 0.133368 -0.009712
v -0.025108 0.133372 -0.010484
v -0.024354 0.133373 -0.010822
v -0.023582 0.133372 -0.010527
v -0.023557 0.137508 -0.013801
v -0.023798 0.137783 -0.013211
v -0.024414 0.137897 -0.012952
v -0.025044 0.137783 -0.013176
v -0.025318 0.137508 -0.013751
v -0.025077 0.137234 -0.014341
v -0.024461 0.137120 -0.014600
v -0.023831 0.137234 -0.014376
v -0.023773 0.149121 -0.017331
v -0.023983 0.149427 -0.016842
v -0.024518 0.149554 -0.016627
v -0.025065 0.149427 -0.016812
v -0.025303 0.149121 -0.017287
v -0.025093 0.148815 -0.017776
v -0.024557 0.148688 -0.017991
v -0.024010 0.148815 -0.017806
v -0.024046 0.166071 -0.024278
v -0.024235 0.166347 -0.023838
v -0.024718 0.166461 -0.023644
v -0.025210 0.166347 -0.023810
v -0.025425 0.166071 -0.024239
v -0.025235 0.165795 -0.024679
v -0.024753 0.165681 -0.024873
v -0.024260 0.165795 -0.024707
v -0.024071 0.168248 -0.025171
v -0.024261 0.168524 -0.024731
v -0.024743 0.168638 -0.024537
v -0.025236 0.168524 -0.024703
v -0.025450 0.168248 -0.025132
v -0.025260 0.167972 -0.025572
v -0.024778 0.167858 -0.025765
v -0.024285 0.167972 -0.025599
v -0.023400 0.143919 -0.009735
v -0.023651 0.143916 -0.009075
v -0.024296 0.143915 -0.008787
v -0.024956 0.143916 -0.009038
v -0.025245 0.143919 -0.009683
v -0.024993 0.143923 -0.010343
v -0.024348 0.143924 -0.010632
v -0.023688 0.143923 -0.010380
v -0.025014 0.141989 -0.010369
v -0.024349 0.141990 -0.010666
v -0.024976 0.141982 -0.009024
v -0.025273 0.141986 -0.009688
v -0.023631 0.141982 -0.009062
v -0.024295 0.141981 -0.008764
v -0.023669 0.141989 -0.010407
v -0.023371 0.141986 -0.009742
vt 0.931897 0.439473
vt 0.934870 0.439201
vt 0.934853 0.486399
vt 0.931878 0.486621
vt 0.916938 0.487263
vt 0.919942 0.487797
vt 0.920184 0.548620
vt 0.917514 0.548268
vt 0.913922 0.439474
vt 0.916926 0.440137
vt 0.913928 0.486670
vt 0.919933 0.440783
vt 0.922911 0.441047
vt 0.922901 0.488008
vt 0.925889 0.440780
vt 0.928895 0.440127
vt 0.928867 0.487203
vt 0.925860 0.487783
vt 0.910948 0.439201
vt 0.910954 0.486439
vt 0.928114 0.548291
vt 0.930782 0.547965
vt 0.930479 0.575233
vt 0.927888 0.575559
vt 0.925442 0.548629
vt 0.922812 0.548770
vt 0.933401 0.547859
vt 0.914848 0.547929
vt 0.912231 0.547814
vt 0.735380 0.824442
vt 0.735301 0.827063
vt 0.709196 0.827945
vt 0.709326 0.825787
vt 0.915031 0.575198
vt 0.912484 0.575073
vt 0.920208 0.575880
vt 0.917620 0.575536
vt 0.925299 0.575892
vt 0.922753 0.576027
vt 0.933028 0.575119
vt 0.709326 0.838668
vt 0.709331 0.840763
vt 0.690846 0.840641
vt 0.690779 0.838558
vt 0.735178 0.829677
vt 0.735122 0.832227
vt 0.708982 0.832227
vt 0.709046 0.830108
vt 0.735178 0.834778
vt 0.735301 0.837392
vt 0.709196 0.836510
vt 0.709046 0.834347
vt 0.735380 0.840012
vt 0.735305 0.821880
vt 0.709331 0.823691
vt 0.735305 0.842574
vt 0.797506 0.848339
vt 0.768483 0.848227
vt 0.768325 0.845703
vt 0.798330 0.845839
vt 0.796350 0.853325
vt 0.768687 0.853325
vt 0.768628 0.850766
vt 0.796688 0.850818
vt 0.797506 0.858311
vt 0.768483 0.858423
vt 0.768628 0.855884
vt 0.796688 0.855832
vt 0.798330 0.860811
vt 0.768325 0.860947
vt 0.768228 0.843175
vt 0.798674 0.843317
vt 0.798674 0.863333
vt 0.768228 0.863475
vt 0.690333 0.834322
vt 0.690562 0.836444
vt 0.653290 0.835842
vt 0.652920 0.834013
vt 0.690562 0.828010
vt 0.690779 0.825897
vt 0.690236 0.832227
vt 0.690333 0.830133
vt 0.690846 0.823814
vt 0.653656 0.837681
vt 0.653783 0.839489
vt 0.597890 0.838808
vt 0.597786 0.837194
vt 0.653656 0.826773
vt 0.653783 0.824965
vt 0.652920 0.830441
vt 0.653290 0.828613
vt 0.652767 0.832227
vt 0.597138 0.832227
vt 0.597250 0.833857
vt 0.590060 0.833847
vt 0.589946 0.832227
vt 0.597520 0.828925
vt 0.597786 0.827260
vt 0.597250 0.830597
vt 0.597520 0.835529
vt 0.597890 0.825647
vt 0.641904 0.813169
vt 0.640749 0.811925
vt 0.640749 0.810228
vt 0.641904 0.809071
vt 0.643537 0.809133
vt 0.644692 0.810377
vt 0.644692 0.812075
vt 0.643537 0.813231
vt 0.590718 0.838792
vt 0.590607 0.837174
vt 0.590334 0.828943
vt 0.590607 0.827280
vt 0.590060 0.830607
vt 0.590334 0.835511
vt 0.590718 0.825662
vt 0.741901 0.844400
vt 0.741994 0.846628
vt 0.736071 0.846838
vt 0.735981 0.844676
vt 0.623644 0.812774
vt 0.622110 0.814307
vt 0.619941 0.814307
vt 0.618407 0.812774
vt 0.618407 0.810605
vt 0.619941 0.809071
vt 0.622110 0.809071
vt 0.623644 0.810605
vt 0.742063 0.848868
vt 0.742104 0.851100
vt 0.736180 0.851164
vt 0.736138 0.849002
vt 0.742118 0.853325
vt 0.742104 0.855550
vt 0.736180 0.855486
vt 0.736195 0.853325
vt 0.741994 0.860022
vt 0.741901 0.862250
vt 0.735981 0.861974
vt 0.736071 0.859812
vt 0.742063 0.857782
vt 0.736138 0.857648
vn 0.6611 -0.1942 -0.7247
vn -0.0273 -0.2654 -0.9637
vn -0.0273 -0.2747 -0.9611
vn 0.6938 -0.1920 -0.6941
vn -0.9995 0.0038 0.0303
vn -0.6911 0.2002 0.6945
vn -0.6939 0.2099 0.6887
vn -0.9996 0.0051 0.0258
vn -0.7012 -0.1942 -0.6860
vn -0.9996 -0.0145 -0.0244
vn -0.7321 -0.1920 -0.6536
vn -0.7185 0.1792 0.6720
vn 0.0273 0.2654 0.9637
vn 0.0272 0.2837 0.9585
vn 0.7555 0.1792 0.6301
vn 0.9966 -0.0145 -0.0811
vn 0.9996 0.0038 -0.0264
vn 0.7293 0.2002 0.6542
vn 0.9995 0.0051 -0.0309
vn 0.6928 -0.1994 -0.6930
vn 0.6804 -0.1693 -0.7130
vn 0.9985 0.0065 -0.0547
vn 0.7319 0.2099 0.6483
vn 0.0271 0.2973 0.9544
vn -0.0272 -0.2864 -0.9577
vn -0.7310 -0.1994 -0.6525
vn -0.7197 -0.1693 -0.6733
vn -1.0000 0.0065 0.0020
vn -0.9997 0.0100 0.0206
vn -0.7309 -0.2293 -0.6428
vn -0.0275 -0.2450 -0.9691
vn -0.7047 0.1801 0.6862
vn 0.7425 0.1801 0.6452
vn 0.0274 0.2536 0.9669
vn 0.6933 -0.2293 -0.6832
vn -0.0268 -0.3316 -0.9430
vn -0.0270 -0.3074 -0.9512
vn 0.6908 -0.2146 -0.6904
vn 0.0265 0.3540 0.9349
vn -0.6975 0.2504 0.6713
vn 0.9993 0.0100 -0.0361
vn 0.7345 0.2504 0.6307
vn -0.9998 0.0060 0.0157
vn -0.7194 -0.0277 -0.6941
vn 0.0283 0.0553 0.9980
vn -0.6912 0.0408 0.7214
vn 0.9991 0.0060 -0.0410
vn 0.7311 0.0408 0.6811
vn 0.6788 -0.0277 -0.7338
vn -0.0284 -0.0412 -0.9987
vn 0.7345 0.2221 0.6411
vn 0.9993 0.0033 -0.0357
vn 0.9998 0.0076 -0.0200
vn 0.7280 0.2428 0.6411
vn -0.9998 0.0033 0.0210
vn -0.7289 -0.2146 -0.6501
vn 0.0269 0.3157 0.9485
vn -0.6970 0.2221 0.6818
vn 0.7008 -0.2262 -0.6765
vn -0.0268 -0.3261 -0.9449
vn -0.0263 -0.3774 -0.9257
vn 0.6977 -0.2627 -0.6664
vn -0.7380 -0.2262 -0.6357
vn -0.6904 0.2428 0.6814
vn -0.9993 0.0076 0.0368
vn 0.0266 0.3446 0.9383
vn 0.0262 0.3814 0.9240
vn 0.7347 0.2665 0.6238
vn 0.5737 0.8028 0.1623
vn 0.0113 0.9167 0.3993
vn -0.9996 0.0018 0.0273
vn -0.7344 -0.2627 -0.6258
vn -0.6981 0.2665 0.6645
vn 0.9995 0.0018 -0.0295
vn 0.7664 0.5493 -0.3329
vn 0.5259 0.3041 -0.7943
vn -0.0278 0.1975 -0.9799
vn -0.5701 0.3041 -0.7632
vn -0.7841 0.5493 -0.2889
vn -0.5635 0.8028 0.1946
vn -0.0284 0.0180 -0.9994
vn -0.7268 0.0171 -0.6866
vn -0.5611 0.6380 -0.5273
vn -0.0218 0.6390 -0.7689
vn 0.5610 0.6336 0.5327
vn 0.7716 0.6358 -0.0191
vn 0.5302 0.6380 -0.5583
vn -0.7714 0.6358 0.0247
vn -0.5299 0.6336 0.5637
vn 0.0220 0.6326 0.7741
vn -0.9995 0.0148 0.0284
vn -0.6867 0.0126 0.7269
vn 0.0284 0.0117 0.9995
vn 0.7268 0.0126 0.6867
vn 0.6867 0.0171 -0.7267
vn 0.9995 0.0148 -0.0283
usemtl material.baked
s 1
f 4088/4346/4022 4087/4347/4023 4095/4348/4024 4096/4349/4025
f 4093/4350/4026 4092/4351/4027 4100/4352/4028 4101/4353/4029
f 4086/4354/4030 4085/4355/4031 4093/4350/4026 4094/4356/4032
f 4084/4357/4033 4083/4358/4034 4091/4359/4035 4092/4351/4027
f 4082/4360/4036 4081/4361/4037 4089/4362/4038 4090/4363/4039
f 4081/4361/4037 4088/4346/4022 4096/4349/4025 4089/4362/4038
f 4087/4364/4023 4086/4354/4030 4094/4356/4032 4095/4365/4024
f 4085/4355/4031 4084/4357/4033 4092/4351/4027 4093/4350/4026
f 4083/4358/4034 4082/4360/4036 4090/4363/4039 4091/4359/4035
f 4097/4366/4040 4104/4367/4041 4112/4368/4042 4105/4369/4043
f 4091/4359/4035 4090/4363/4039 4098/4370/4044 4099/4371/4045
f 4096/4349/4025 4095/4348/4024 4103/4372/4046 4104/4367/4041
f 4094/4356/4032 4093/4350/4026 4101/4353/4029 4102/4373/4047
f 4092/4351/4027 4091/4359/4035 4099/4371/4045 4100/4352/4028
f 4090/4363/4039 4089/4362/4038 4097/4366/4040 4098/4370/4044
f 4089/4362/4038 4096/4349/4025 4104/4367/4041 4097/4366/4040
f 4095/4365/4024 4094/4356/4032 4102/4373/4047 4103/4374/4046
f 4110/4375/4048 4109/4376/4049 4117/4377/4050 4118/4378/4051
f 4103/4374/4046 4102/4373/4047 4110/4379/4048 4111/4380/4052
f 4101/4353/4029 4100/4352/4028 4108/4381/4053 4109/4382/4049
f 4099/4371/4045 4098/4370/4044 4106/4383/4054 4107/4384/4055
f 4104/4367/4041 4103/4372/4046 4111/4385/4052 4112/4368/4042
f 4102/4373/4047 4101/4353/4029 4109/4382/4049 4110/4379/4048
f 4100/4352/4028 4099/4371/4045 4107/4384/4055 4108/4381/4053
f 4098/4370/4044 4097/4366/4040 4105/4369/4043 4106/4383/4054
f 4120/4386/4056 4119/4387/4057 4135/4388/4058 4136/4389/4059
f 4108/4390/4053 4107/4391/4055 4115/4392/4060 4116/4393/4061
f 4106/4394/4054 4105/4395/4043 4113/4396/4062 4114/4397/4063
f 4105/4395/4043 4112/4398/4042 4120/4386/4056 4113/4396/4062
f 4111/4399/4052 4110/4375/4048 4118/4378/4051 4119/4400/4057
f 4109/4376/4049 4108/4390/4053 4116/4393/4061 4117/4377/4050
f 4107/4391/4055 4106/4394/4054 4114/4397/4063 4115/4392/4060
f 4112/4398/4042 4111/4401/4052 4119/4387/4057 4120/4386/4056
f 4109/4402/4049 4125/4403/4064 4126/4404/4065 4110/4405/4048
f 4107/4406/4055 4123/4407/4066 4124/4408/4067 4108/4409/4053
f 4105/4410/4043 4121/4411/4068 4122/4412/4069 4106/4413/4054
f 4112/4414/4042 4128/4415/4070 4121/4411/4068 4105/4410/4043
f 4110/4405/4048 4126/4404/4065 4127/4416/4071 4111/4417/4052
f 4108/4409/4053 4124/4408/4067 4125/4403/4064 4109/4402/4049
f 4106/4413/4054 4122/4412/4069 4123/4407/4066 4107/4406/4055
f 4111/4418/4052 4127/4419/4071 4128/4415/4070 4112/4414/4042
f 4130/4420/4072 4129/4421/4073 4137/4422/4074 4138/4423/4075
f 4118/4378/4051 4117/4377/4050 4133/4424/4076 4134/4425/4077
f 4116/4393/4061 4115/4392/4060 4131/4426/4078 4132/4427/4079
f 4114/4397/4063 4113/4396/4062 4129/4421/4073 4130/4420/4072
f 4113/4396/4062 4120/4386/4056 4136/4389/4059 4129/4421/4073
f 4119/4400/4057 4118/4378/4051 4134/4425/4077 4135/4428/4058
f 4117/4377/4050 4116/4393/4061 4132/4427/4079 4133/4424/4076
f 4115/4392/4060 4114/4397/4063 4130/4420/4072 4131/4426/4078
f 4144/4429/4080 4143/4430/4081 4151/4431/4082 4152/4432/4083
f 4129/4421/4073 4136/4389/4059 4144/4429/4080 4137/4422/4074
f 4135/4428/4058 4134/4425/4077 4142/4433/4084 4143/4434/4081
f 4133/4424/4076 4132/4427/4079 4140/4435/4085 4141/4436/4086
f 4131/4426/4078 4130/4420/4072 4138/4423/4075 4139/4437/4087
f 4136/4389/4059 4135/4388/4058 4143/4430/4081 4144/4429/4080
f 4134/4425/4077 4133/4424/4076 4141/4436/4086 4142/4433/4084
f 4132/4427/4079 4131/4426/4078 4139/4437/4087 4140/4435/4085
f 4147/4438/4088 4146/4439/4089 4154/4440/4090 4155/4441/4091
f 4142/4433/4084 4141/4436/4086 4149/4442/4092 4150/4443/4093
f 4140/4435/4085 4139/4437/4087 4147/4438/4088 4148/4444/4094
f 4138/4423/4075 4137/4422/4074 4145/4445/4095 4146/4439/4089
f 4137/4422/4074 4144/4429/4080 4152/4432/4083 4145/4445/4095
f 4143/4434/4081 4142/4433/4084 4150/4443/4093 4151/4446/4082
f 4141/4436/4086 4140/4435/4085 4148/4444/4094 4149/4442/4092
f 4139/4437/4087 4138/4423/4075 4146/4439/4089 4147/4438/4088
f 4154/4447/4090 4153/4448/4096 4160/4449/4097 4159/4450/4098 4158/4451/4099 4157/4452/4100 4156/4453/4101 4155/4454/4091
f 4152/4432/4083 4151/4431/4082 4159/4455/4098 4160/4456/4097
f 4150/4443/4093 4149/4442/4092 4157/4457/4100 4158/4458/4099
f 4148/4444/4094 4147/4438/4088 4155/4441/4091 4156/4459/4101
f 4146/4439/4089 4145/4445/4095 4153/4460/4096 4154/4440/4090
f 4145/4445/4095 4152/4432/4083 4160/4456/4097 4153/4460/4096
f 4151/4446/4082 4150/4443/4093 4158/4458/4099 4159/4461/4098
f 4149/4442/4092 4148/4444/4094 4156/4459/4101 4157/4457/4100
f 4170/4462/4102 4169/4463/4103 4166/4464/4104 4167/4465/4105
f 4162/4466/4106 4161/4467/4107 4168/4468/4108 4167/4469/4105 4166/4470/4104 4165/4471/4109 4164/4472/4110 4163/4473/4111
f 4172/4474/4112 4171/4475/4113 4164/4476/4110 4165/4477/4109
f 4174/4478/4114 4173/4479/4115 4162/4480/4106 4163/4481/4111
f 4175/4482/4116 4170/4483/4102 4167/4484/4105 4168/4485/4108
f 4169/4463/4103 4172/4474/4112 4165/4477/4109 4166/4464/4104
f 4171/4475/4113 4174/4478/4114 4163/4481/4111 4164/4476/4110
f 4173/4479/4115 4176/4486/4117 4161/4487/4107 4162/4480/4106
f 4176/4486/4117 4175/4482/4116 4168/4485/4108 4161/4487/4107
f 4121/4411/4068 4128/4415/4070 4175/4482/4116 4176/4486/4117
f 4122/4412/4069 4121/4411/4068 4176/4486/4117 4173/4479/4115
f 4124/4408/4067 4123/4407/4066 4174/4478/4114 4171/4475/4113
f 4126/4404/4065 4125/4403/4064 4172/4474/4112 4169/4463/4103
f 4128/4415/4070 4127/4419/4071 4170/4483/4102 4175/4482/4116
f 4123/4407/4066 4122/4412/4069 4173/4479/4115 4174/4478/4114
f 4125/4403/4064 4124/4408/4067 4171/4475/4113 4172/4474/4112
f 4127/4416/4071 4126/4404/4065 4169/4463/4103 4170/4462/4102
o Stelo.005_Cylinder.017
v -0.008998 0.089730 0.006970
v -0.008535 0.089602 0.006732
v -0.008054 0.089549 0.006887
v -0.007835 0.089602 0.007343
v -0.008008 0.089730 0.007834
v -0.008471 0.089858 0.008071
v -0.008952 0.089911 0.007917
v -0.009171 0.089858 0.007461
v -0.005219 0.111698 0.002638
v -0.004757 0.111570 0.002400
v -0.004275 0.111517 0.002554
v -0.004057 0.111570 0.003010
v -0.004229 0.111698 0.003501
v -0.004692 0.111825 0.003739
v -0.005174 0.111878 0.003585
v -0.005392 0.111825 0.003128
v -0.000808 0.139682 -0.002421
v -0.000369 0.139425 -0.002632
v 0.000103 0.139319 -0.002466
v 0.000331 0.139425 -0.002021
v 0.000182 0.139682 -0.001558
v -0.000257 0.139938 -0.001347
v -0.000728 0.140045 -0.001513
v -0.000957 0.139938 -0.001958
v 0.001284 0.150734 -0.004819
v 0.001745 0.150595 -0.005055
v 0.002226 0.150538 -0.004900
v 0.002445 0.150595 -0.004445
v 0.002274 0.150734 -0.003956
v 0.001813 0.150873 -0.003720
v 0.001332 0.150931 -0.003875
v 0.001113 0.150873 -0.004330
v 0.000620 0.148267 -0.003765
v 0.000785 0.148100 -0.004248
v 0.001320 0.148267 -0.003154
v 0.000841 0.148336 -0.003312
v 0.001941 0.147933 -0.003867
v 0.001775 0.148100 -0.003384
v 0.001241 0.147933 -0.004478
v 0.001720 0.147864 -0.004320
vt 0.850905 0.607805
vt 0.852465 0.607806
vt 0.852474 0.677604
vt 0.850907 0.677596
vt 0.855688 0.677575
vt 0.857331 0.677555
vt 0.857314 0.765641
vt 0.855679 0.766054
vt 0.854025 0.607804
vt 0.855671 0.607800
vt 0.854041 0.677595
vt 0.857320 0.607796
vt 0.858886 0.607795
vt 0.858890 0.677547
vt 0.847613 0.607797
vt 0.849259 0.607801
vt 0.849259 0.677577
vt 0.847613 0.677558
vt 0.860453 0.607796
vt 0.860448 0.677555
vt 0.849283 0.792826
vt 0.850928 0.792917
vt 0.850929 0.801234
vt 0.849285 0.801232
vt 0.860434 0.765639
vt 0.858875 0.765469
vt 0.852496 0.766633
vt 0.850945 0.766464
vt 0.854048 0.766464
vt 0.849314 0.766054
vt 0.847679 0.765642
vt 0.647955 0.809153
vt 0.649058 0.810376
vt 0.649058 0.812022
vt 0.647955 0.813128
vt 0.646396 0.813045
vt 0.645293 0.811823
vt 0.645293 0.810177
vt 0.646396 0.809071
vt 0.852489 0.792955
vt 0.854051 0.792918
vt 0.854049 0.801233
vt 0.852489 0.801234
vt 0.855695 0.792828
vt 0.857337 0.792738
vt 0.857336 0.801229
vt 0.855692 0.801231
vt 0.858892 0.792701
vt 0.860450 0.792737
vt 0.860453 0.801228
vt 0.858894 0.801228
vt 0.847641 0.792734
vt 0.847641 0.801231
vn -0.9844 0.1742 0.0247
vn -0.6359 0.2532 0.7291
vn -0.6375 0.2433 0.7310
vn -0.9856 0.1673 0.0256
vn 0.7552 -0.0005 0.6555
vn 0.9854 -0.1678 -0.0292
vn 0.9843 -0.1749 -0.0217
vn 0.7500 0.0001 0.6614
vn 0.1094 0.1742 0.9786
vn 0.7540 -0.0001 0.6568
vn 0.1086 0.1673 0.9799
vn 0.9843 -0.1744 -0.0255
vn 0.6359 -0.2532 -0.7291
vn 0.6375 -0.2431 -0.7310
vn -0.1085 -0.1744 -0.9787
vn -0.7533 -0.0001 -0.6577
vn -0.7521 -0.0005 -0.6590
vn -0.1050 -0.1678 -0.9802
vn -0.7536 0.0000 -0.6573
vn -0.9814 0.1904 0.0214
vn -0.6471 0.7537 -0.1150
vn -0.4669 0.6097 -0.6405
vn -0.1123 -0.1749 -0.9781
vn 0.6358 -0.2534 -0.7290
vn -0.6352 0.2566 0.7284
vn -0.9839 0.1763 0.0293
vn 0.1047 0.1763 0.9787
vn -0.7572 0.0001 -0.6531
vn 0.0277 0.4577 -0.8886
vn -0.3786 0.8174 0.4341
vn 0.2019 0.7537 0.6254
vn 0.6980 0.6097 0.3754
vn 0.8766 0.4577 -0.1483
vn 0.6065 0.3853 -0.6955
vn -0.6316 0.2767 0.7242
vn 0.1122 0.1904 0.9752
vn 0.7536 0.0000 0.6572
vn 0.9815 -0.1903 -0.0214
vn 0.6316 -0.2766 -0.7242
vn -0.1122 -0.1903 -0.9753
usemtl material.baked
s 1
f 4184/4488/4118 4183/4489/4119 4191/4490/4120 4192/4491/4121
f 4189/4492/4122 4188/4493/4123 4196/4494/4124 4197/4495/4125
f 4182/4496/4126 4181/4497/4127 4189/4492/4122 4190/4498/4128
f 4180/4499/4129 4179/4500/4130 4187/4501/4131 4188/4493/4123
f 4178/4502/4132 4177/4503/4133 4185/4504/4134 4186/4505/4135
f 4177/4503/4133 4184/4488/4118 4192/4491/4121 4185/4504/4134
f 4183/4489/4119 4182/4496/4126 4190/4498/4128 4191/4490/4120
f 4181/4497/4127 4180/4499/4129 4188/4493/4123 4189/4492/4122
f 4179/4500/4130 4178/4506/4132 4186/4507/4135 4187/4501/4131
f 4210/4508/4136 4209/4509/4137 4208/4510/4138 4201/4511/4139
f 4187/4501/4131 4186/4507/4135 4194/4512/4140 4195/4513/4141
f 4192/4491/4121 4191/4490/4120 4199/4514/4142 4200/4515/4143
f 4190/4498/4128 4189/4492/4122 4197/4495/4125 4198/4516/4144
f 4188/4493/4123 4187/4501/4131 4195/4513/4141 4196/4494/4124
f 4186/4505/4135 4185/4504/4134 4193/4517/4145 4194/4518/4140
f 4185/4504/4134 4192/4491/4121 4200/4515/4143 4193/4517/4145
f 4191/4490/4120 4190/4498/4128 4198/4516/4144 4199/4514/4142
f 4202/4519/4146 4201/4520/4139 4208/4521/4138 4207/4522/4147 4206/4523/4148 4205/4524/4149 4204/4525/4150 4203/4526/4151
f 4212/4527/4152 4211/4528/4153 4206/4529/4148 4207/4530/4147
f 4214/4531/4154 4213/4532/4155 4204/4533/4150 4205/4534/4149
f 4216/4535/4156 4215/4536/4157 4202/4537/4146 4203/4538/4151
f 4209/4509/4137 4212/4527/4152 4207/4530/4147 4208/4510/4138
f 4211/4528/4153 4214/4531/4154 4205/4534/4149 4206/4529/4148
f 4213/4532/4155 4216/4535/4156 4203/4538/4151 4204/4533/4150
f 4215/4539/4157 4210/4508/4136 4201/4511/4139 4202/4540/4146
f 4194/4518/4140 4193/4517/4145 4210/4508/4136 4215/4539/4157
f 4196/4494/4124 4195/4513/4141 4216/4535/4156 4213/4532/4155
f 4198/4516/4144 4197/4495/4125 4214/4531/4154 4211/4528/4153
f 4200/4515/4143 4199/4514/4142 4212/4527/4152 4209/4509/4137
f 4195/4513/4141 4194/4512/4140 4215/4536/4157 4216/4535/4156
f 4197/4495/4125 4196/4494/4124 4213/4532/4155 4214/4531/4154
f 4199/4514/4142 4198/4516/4144 4211/4528/4153 4212/4527/4152
f 4193/4517/4145 4200/4515/4143 4209/4509/4137 4210/4508/4136
o Stelo.006_Cylinder.018
v -0.023580 0.088735 0.005959
v -0.023134 0.088120 0.005908
v -0.022717 0.087749 0.006370
v -0.022574 0.087839 0.007074
v -0.022788 0.088338 0.007608
v -0.023235 0.088953 0.007659
v -0.023652 0.089324 0.007198
v -0.023795 0.089234 0.006494
v 0.000173 0.109114 -0.000545
v 0.000686 0.108557 -0.000614
v 0.001130 0.108210 -0.000159
v 0.001245 0.108276 0.000552
v 0.000965 0.108718 0.001104
v 0.000453 0.109276 0.001173
v 0.000008 0.109623 0.000719
v -0.000107 0.109556 0.000007
v 0.021127 0.127446 -0.006197
v 0.021640 0.126888 -0.006266
v 0.022084 0.126541 -0.005812
v 0.022199 0.126608 -0.005100
v 0.021919 0.127050 -0.004548
v 0.021407 0.127607 -0.004479
v 0.020962 0.127954 -0.004933
v 0.020847 0.127888 -0.005645
v 0.038452 0.144280 -0.010467
v 0.038964 0.143722 -0.010536
v 0.039408 0.143375 -0.010082
v 0.039524 0.143442 -0.009370
v 0.039243 0.143884 -0.008818
v 0.038731 0.144441 -0.008749
v 0.038287 0.144788 -0.009203
v 0.038171 0.144722 -0.009915
v 0.043184 0.149227 -0.011549
v 0.043791 0.148768 -0.011640
v 0.044274 0.148462 -0.011195
v 0.044351 0.148488 -0.010474
v 0.043976 0.148831 -0.009901
v 0.043370 0.149289 -0.009810
v 0.042887 0.149596 -0.010256
v 0.042810 0.149570 -0.010976
vt 0.874720 0.908573
vt 0.874783 0.910794
vt 0.776348 0.910791
vt 0.776393 0.908564
vt 0.776611 0.899475
vt 0.776656 0.901690
vt 0.689204 0.901690
vt 0.689189 0.899464
vt 0.874720 0.894806
vt 0.874566 0.897140
vt 0.776502 0.897147
vt 0.776393 0.894815
vt 0.874413 0.899471
vt 0.874350 0.901690
vt 0.874413 0.903908
vt 0.776611 0.903905
vt 0.874566 0.906240
vt 0.776502 0.906232
vt 0.874783 0.892586
vt 0.776348 0.892589
vt 0.689153 0.906256
vt 0.689118 0.908598
vt 0.613811 0.908574
vt 0.613740 0.906242
vt 0.689189 0.903916
vt 0.689103 0.910821
vt 0.689153 0.897123
vt 0.689118 0.894781
vt 0.689103 0.892558
vt 0.613740 0.897137
vt 0.613668 0.899468
vt 0.592816 0.899484
vt 0.592503 0.897164
vt 0.613811 0.894806
vt 0.613840 0.892584
vt 0.613638 0.901690
vt 0.613668 0.903911
vt 0.613840 0.910796
vt 0.602636 0.809094
vt 0.604208 0.810843
vt 0.604208 0.813195
vt 0.602636 0.814771
vt 0.600414 0.814649
vt 0.598843 0.812899
vt 0.598843 0.810548
vt 0.600414 0.808971
vt 0.592816 0.903895
vt 0.592945 0.901690
vt 0.592189 0.908542
vt 0.592503 0.906215
vt 0.592189 0.894837
vt 0.592057 0.892626
vt 0.592057 0.910753
vn 0.6650 -0.6691 0.3317
vn 0.5185 -0.7407 -0.4272
vn 0.5225 -0.7373 -0.4282
vn 0.6667 -0.6623 0.3417
vn -0.6666 0.6616 -0.3434
vn -0.5224 0.7374 0.4282
vn -0.5471 0.7153 0.4348
vn -0.6832 0.6447 -0.3429
vn 0.0597 -0.3659 -0.9287
vn -0.4146 0.1999 -0.8878
vn -0.4225 0.2110 -0.8815
vn 0.0546 -0.3557 -0.9330
vn -0.6629 0.6595 -0.3544
vn -0.5185 0.7407 0.4272
vn -0.0431 0.3490 0.9361
vn -0.0533 0.3544 0.9335
vn 0.4313 -0.2239 0.8739
vn 0.4236 -0.2128 0.8805
vn 0.4266 -0.2167 0.8781
vn 0.6842 -0.6485 0.3336
vn 0.7080 -0.6249 0.3289
vn 0.4258 -0.2150 0.8789
vn -0.0674 0.3362 0.9394
vn 0.5473 -0.7151 -0.4348
vn -0.4195 0.2071 -0.8838
vn 0.0743 -0.3429 -0.9364
vn -0.4202 0.2089 -0.8830
vn -0.7071 0.6225 -0.3355
vn -0.1830 0.9301 -0.3186
vn 0.0644 0.6568 -0.7513
vn 0.0974 -0.3190 -0.9427
vn 0.5817 -0.6819 -0.4434
vn -0.5819 0.6818 0.4434
vn -0.0923 0.3145 0.9448
vn 0.4982 0.2775 -0.8214
vn -0.1027 0.9548 0.2790
vn 0.2868 0.6948 0.6596
vn 0.7191 0.3288 0.6121
vn 0.9819 0.0352 0.1858
vn 0.9013 -0.0016 -0.4332
usemtl material.baked
s 1
f 4220/4541/4158 4219/4542/4159 4227/4543/4160 4228/4544/4161
f 4232/4545/4162 4231/4546/4163 4239/4547/4164 4240/4548/4165
f 4218/4549/4166 4217/4550/4167 4225/4551/4168 4226/4552/4169
f 4217/4550/4167 4224/4553/4170 4232/4545/4162 4225/4551/4168
f 4223/4554/4171 4222/4555/4172 4230/4556/4173 4231/4546/4163
f 4221/4557/4174 4220/4541/4158 4228/4544/4161 4229/4558/4175
f 4219/4559/4159 4218/4549/4166 4226/4552/4169 4227/4560/4160
f 4224/4553/4170 4223/4554/4171 4231/4546/4163 4232/4545/4162
f 4222/4555/4172 4221/4557/4174 4229/4558/4175 4230/4556/4173
f 4237/4561/4176 4236/4562/4177 4244/4563/4178 4245/4564/4179
f 4230/4556/4173 4229/4558/4175 4237/4561/4176 4238/4565/4180
f 4228/4544/4161 4227/4543/4160 4235/4566/4181 4236/4562/4177
f 4226/4552/4169 4225/4551/4168 4233/4567/4182 4234/4568/4183
f 4225/4551/4168 4232/4545/4162 4240/4548/4165 4233/4567/4182
f 4231/4546/4163 4230/4556/4173 4238/4565/4180 4239/4547/4164
f 4229/4558/4175 4228/4544/4161 4236/4562/4177 4237/4561/4176
f 4227/4560/4160 4226/4552/4169 4234/4568/4183 4235/4569/4181
f 4241/4570/4184 4248/4571/4185 4256/4572/4186 4249/4573/4187
f 4235/4569/4181 4234/4568/4183 4242/4574/4188 4243/4575/4189
f 4240/4548/4165 4239/4547/4164 4247/4576/4190 4248/4571/4185
f 4238/4565/4180 4237/4561/4176 4245/4564/4179 4246/4577/4191
f 4236/4562/4177 4235/4566/4181 4243/4578/4189 4244/4563/4178
f 4234/4568/4183 4233/4567/4182 4241/4570/4184 4242/4574/4188
f 4233/4567/4182 4240/4548/4165 4248/4571/4185 4241/4570/4184
f 4239/4547/4164 4238/4565/4180 4246/4577/4191 4247/4576/4190
f 4250/4579/4192 4249/4580/4187 4256/4581/4186 4255/4582/4193 4254/4583/4194 4253/4584/4195 4252/4585/4196 4251/4586/4197
f 4247/4576/4190 4246/4577/4191 4254/4587/4194 4255/4588/4193
f 4245/4564/4179 4244/4563/4178 4252/4589/4196 4253/4590/4195
f 4243/4575/4189 4242/4574/4188 4250/4591/4192 4251/4592/4197
f 4248/4571/4185 4247/4576/4190 4255/4588/4193 4256/4572/4186
f 4246/4577/4191 4245/4564/4179 4253/4590/4195 4254/4587/4194
f 4244/4563/4178 4243/4578/4189 4251/4593/4197 4252/4589/4196
f 4242/4574/4188 4241/4570/4184 4249/4573/4187 4250/4591/4192
o Stelo.007_Cylinder.019
v -0.010568 0.079505 0.015244
v -0.009662 0.084722 0.018673
v -0.010713 0.079074 0.015938
v -0.009808 0.084291 0.019368
v -0.011388 0.078895 0.016388
v -0.010482 0.084112 0.019818
v -0.012197 0.079074 0.016330
v -0.011291 0.084291 0.019760
v -0.012666 0.079505 0.015798
v -0.011760 0.084722 0.019227
v -0.012521 0.079937 0.015103
v -0.011615 0.085154 0.018533
v -0.011846 0.080115 0.014653
v -0.010940 0.085332 0.018083
v -0.011037 0.079937 0.014712
v -0.010132 0.085154 0.018141
v -0.008690 0.090323 0.022355
v -0.008851 0.089815 0.022993
v -0.009531 0.089605 0.023419
v -0.010334 0.089815 0.023384
v -0.010788 0.090323 0.022909
v -0.010628 0.090831 0.022272
v -0.009947 0.091041 0.021846
v -0.009144 0.090831 0.021881
v -0.007291 0.096529 0.027653
v -0.007458 0.095993 0.028265
v -0.008142 0.095771 0.028681
v -0.008942 0.095993 0.028657
v -0.009389 0.096529 0.028207
v -0.009222 0.097064 0.027595
v -0.008539 0.097286 0.027179
v -0.007739 0.097064 0.027203
v -0.005686 0.103060 0.033814
v -0.005874 0.102453 0.034322
v -0.006555 0.102201 0.034692
v -0.007329 0.102453 0.034706
v -0.007744 0.103060 0.034357
v -0.007556 0.103668 0.033848
v -0.006875 0.103920 0.033479
v -0.006101 0.103668 0.033464
v -0.003032 0.111346 0.044853
v -0.003175 0.110882 0.045241
v -0.003695 0.110690 0.045523
v -0.004286 0.110882 0.045534
v -0.004602 0.111346 0.045268
v -0.004459 0.111809 0.044880
v -0.003939 0.112002 0.044597
v -0.003348 0.111809 0.044586
vt 0.589946 0.879946
vt 0.609527 0.879955
vt 0.609535 0.882519
vt 0.589946 0.882525
vt 0.609544 0.885098
vt 0.589947 0.885105
vt 0.589958 0.864470
vt 0.609552 0.864495
vt 0.609541 0.867074
vt 0.589955 0.867049
vt 0.609531 0.869639
vt 0.589952 0.869628
vt 0.609524 0.872213
vt 0.589949 0.872207
vt 0.609520 0.874797
vt 0.589947 0.874787
vt 0.609521 0.877381
vt 0.589946 0.877367
vt 0.630598 0.874806
vt 0.630534 0.877316
vt 0.630385 0.879835
vt 0.655820 0.877392
vt 0.655766 0.879954
vt 0.630237 0.882378
vt 0.630177 0.884951
vt 0.630390 0.869776
vt 0.630536 0.872295
vt 0.630186 0.864660
vt 0.630244 0.867234
vt 0.655722 0.867133
vt 0.655710 0.864571
vt 0.683524 0.864943
vt 0.683535 0.867452
vt 0.655822 0.872243
vt 0.655844 0.874817
vt 0.655770 0.869681
vt 0.655715 0.882501
vt 0.655700 0.885063
vt 0.683838 0.877280
vt 0.683909 0.874836
vt 0.726499 0.874830
vt 0.726511 0.876772
vt 0.683674 0.879732
vt 0.683526 0.882210
vt 0.683842 0.872391
vt 0.683681 0.869934
vt 0.683513 0.884716
vt 0.635542 0.812329
vt 0.635542 0.810420
vt 0.636891 0.809071
vt 0.638799 0.809071
vt 0.640149 0.810420
vt 0.640149 0.812329
vt 0.638799 0.813678
vt 0.636891 0.813678
vt 0.726543 0.870988
vt 0.726509 0.872897
vt 0.726689 0.867194
vt 0.726603 0.869103
vt 0.726547 0.878705
vt 0.726605 0.880613
vt 0.726689 0.882497
vn 0.9669 0.0000 -0.2553
vn 0.9669 0.0001 -0.2552
vn 0.8326 -0.3976 0.3856
vn 0.8329 -0.3976 0.3848
vn 0.2112 -0.5618 0.7998
vn 0.2111 -0.5622 0.7995
vn -0.5337 -0.3976 0.7464
vn -0.5344 -0.3976 0.7459
vn -0.9668 0.0001 0.2553
vn -0.9669 0.0000 0.2553
vn -0.8325 0.3981 -0.3852
vn -0.8329 0.3976 -0.3848
vn -0.2110 0.5627 -0.7992
vn -0.2111 0.5622 -0.7995
vn 0.5338 0.3981 -0.7460
vn 0.5344 0.3976 -0.7459
vn -0.2014 0.6145 -0.7627
vn 0.5322 0.4386 -0.7241
vn 0.9635 0.0087 -0.2675
vn 0.5471 0.4847 -0.6824
vn 0.9659 0.0048 -0.2587
vn 0.8322 -0.4285 0.3518
vn 0.2019 -0.6120 0.7646
vn -0.9700 0.0087 0.2430
vn -0.8203 0.4386 -0.3670
vn -0.5501 -0.4285 0.7168
vn -0.5534 -0.4784 0.6818
vn 0.1875 -0.6786 0.7101
vn 0.1697 -0.7472 0.6426
vn -0.5748 -0.5195 0.6322
vn -0.8127 0.4847 -0.3233
vn -0.1868 0.6816 -0.7074
vn -0.9677 0.0048 0.2519
vn 0.8178 -0.4784 0.3198
vn 0.5565 0.5481 -0.6243
vn -0.1648 0.7635 -0.6243
vn 0.0153 0.9982 0.0580
vn 0.5763 0.8158 0.0475
vn 0.9649 0.0205 -0.2616
vn 0.8119 -0.5195 0.2661
vn -0.7922 0.5481 -0.2682
vn -0.9683 0.0205 0.2489
vn 0.7404 -0.0647 0.6690
vn 0.8767 0.3755 0.3006
vn -0.4777 0.8158 0.3259
vn -0.6140 0.3755 0.6942
vn -0.3136 -0.0647 0.9473
vn 0.2474 -0.2471 0.9369
usemtl material.baked
s 1
f 4257/4594/4198 4258/4595/4199 4260/4596/4200 4259/4597/4201
f 4259/4597/4201 4260/4596/4200 4262/4598/4202 4261/4599/4203
f 4261/4600/4203 4262/4601/4202 4264/4602/4204 4263/4603/4205
f 4263/4603/4205 4264/4602/4204 4266/4604/4206 4265/4605/4207
f 4265/4605/4207 4266/4604/4206 4268/4606/4208 4267/4607/4209
f 4267/4607/4209 4268/4606/4208 4270/4608/4210 4269/4609/4211
f 4269/4609/4211 4270/4608/4210 4272/4610/4212 4271/4611/4213
f 4271/4611/4213 4272/4610/4212 4258/4595/4199 4257/4594/4198
f 4272/4610/4212 4270/4608/4210 4279/4612/4214 4280/4613/4215
f 4273/4614/4216 4280/4613/4215 4288/4615/4217 4281/4616/4218
f 4262/4598/4202 4260/4596/4200 4274/4617/4219 4275/4618/4220
f 4268/4606/4208 4266/4604/4206 4277/4619/4221 4278/4620/4222
f 4258/4595/4199 4272/4610/4212 4280/4613/4215 4273/4614/4216
f 4260/4596/4200 4258/4595/4199 4273/4614/4216 4274/4617/4219
f 4264/4602/4204 4262/4601/4202 4275/4621/4220 4276/4622/4223
f 4270/4608/4210 4268/4606/4208 4278/4620/4222 4279/4612/4214
f 4266/4604/4206 4264/4602/4204 4276/4622/4223 4277/4619/4221
f 4284/4623/4224 4283/4624/4225 4291/4625/4226 4292/4626/4227
f 4279/4612/4214 4278/4620/4222 4286/4627/4228 4287/4628/4229
f 4277/4619/4221 4276/4622/4223 4284/4623/4224 4285/4629/4230
f 4275/4618/4220 4274/4617/4219 4282/4630/4231 4283/4631/4225
f 4280/4613/4215 4279/4612/4214 4287/4628/4229 4288/4615/4217
f 4278/4620/4222 4277/4619/4221 4285/4629/4230 4286/4627/4228
f 4276/4622/4223 4275/4621/4220 4283/4624/4225 4284/4623/4224
f 4274/4617/4219 4273/4614/4216 4281/4616/4218 4282/4630/4231
f 4296/4632/4232 4295/4633/4233 4303/4634/4234 4304/4635/4235
f 4282/4630/4231 4281/4616/4218 4289/4636/4236 4290/4637/4237
f 4281/4616/4218 4288/4615/4217 4296/4632/4232 4289/4636/4236
f 4287/4628/4229 4286/4627/4228 4294/4638/4238 4295/4633/4233
f 4285/4629/4230 4284/4623/4224 4292/4626/4227 4293/4639/4239
f 4283/4631/4225 4282/4630/4231 4290/4637/4237 4291/4640/4226
f 4288/4615/4217 4287/4628/4229 4295/4633/4233 4296/4632/4232
f 4286/4627/4228 4285/4629/4230 4293/4639/4239 4294/4638/4238
f 4298/4641/4240 4297/4642/4241 4304/4643/4235 4303/4644/4234 4302/4645/4242 4301/4646/4243 4300/4647/4244 4299/4648/4245
f 4294/4638/4238 4293/4639/4239 4301/4649/4243 4302/4650/4242
f 4292/4626/4227 4291/4625/4226 4299/4651/4245 4300/4652/4244
f 4290/4637/4237 4289/4636/4236 4297/4653/4241 4298/4654/4240
f 4289/4636/4236 4296/4632/4232 4304/4635/4235 4297/4653/4241
f 4295/4633/4233 4294/4638/4238 4302/4650/4242 4303/4634/4234
f 4293/4639/4239 4292/4626/4227 4300/4652/4244 4301/4649/4243
f 4291/4640/4226 4290/4637/4237 4298/4654/4240 4299/4655/4245
o Stelo.008_Cylinder.020
v -0.032997 0.078409 0.005559
v -0.027787 0.083302 0.006977
v -0.032520 0.077752 0.006069
v -0.027380 0.082586 0.007468
v -0.032515 0.077480 0.006989
v -0.027404 0.082289 0.008380
v -0.032985 0.077752 0.007779
v -0.027845 0.082586 0.009178
v -0.033656 0.078409 0.007977
v -0.028445 0.083302 0.009395
v -0.034133 0.079065 0.007467
v -0.028853 0.084018 0.008904
v -0.034138 0.079337 0.006547
v -0.028829 0.084314 0.007992
v -0.033668 0.079065 0.005757
v -0.028387 0.084018 0.007194
v -0.021214 0.088269 0.008766
v -0.020866 0.087512 0.009241
v -0.020914 0.087198 0.010146
v -0.021331 0.087512 0.010951
v -0.021872 0.088269 0.011184
v -0.022220 0.089026 0.010709
v -0.022171 0.089340 0.009804
v -0.021754 0.089026 0.008999
v -0.015809 0.091675 0.010237
v -0.015542 0.090874 0.010690
v -0.015623 0.090541 0.011586
v -0.016007 0.090874 0.012400
v -0.016467 0.091675 0.012655
v -0.016735 0.092477 0.012202
v -0.016653 0.092809 0.011306
v -0.016270 0.092477 0.010492
v -0.007676 0.095074 0.012564
v -0.007432 0.094343 0.012977
v -0.007506 0.094039 0.013795
v -0.007856 0.094343 0.014538
v -0.008277 0.095074 0.014771
v -0.008521 0.095806 0.014357
v -0.008446 0.096109 0.013539
v -0.008096 0.095806 0.012797
v -0.000325 0.098662 0.014579
v 0.000031 0.098008 0.015019
v 0.000004 0.097737 0.015839
v -0.000389 0.098008 0.016560
v -0.000918 0.098662 0.016759
v -0.001273 0.099316 0.016319
v -0.001247 0.099587 0.015499
v -0.000854 0.099316 0.014778
v 0.008126 0.104801 0.016879
v 0.008508 0.104167 0.017326
v 0.008493 0.103905 0.018150
v 0.008089 0.104167 0.018867
v 0.007533 0.104801 0.019059
v 0.007151 0.105435 0.018612
v 0.007167 0.105697 0.017789
v 0.007571 0.105435 0.017071
v 0.017781 0.112473 0.019507
v 0.018184 0.111857 0.019960
v 0.018178 0.111602 0.020785
v 0.017765 0.111857 0.021501
v 0.017187 0.112473 0.021686
v 0.016784 0.113089 0.021234
v 0.016790 0.113344 0.020408
v 0.017203 0.113089 0.019693
v 0.024674 0.118369 0.021383
v 0.025127 0.117799 0.021849
v 0.025140 0.117562 0.022680
v 0.024707 0.117799 0.023390
v 0.024081 0.118369 0.023563
v 0.023629 0.118940 0.023097
v 0.023615 0.119176 0.022265
v 0.024048 0.118940 0.021556
v 0.028508 0.123426 0.022427
v 0.028981 0.122876 0.022898
v 0.029003 0.122649 0.023732
v 0.028561 0.122876 0.024439
v 0.027915 0.123426 0.024606
v 0.027442 0.123975 0.024135
v 0.027420 0.124202 0.023301
v 0.027862 0.123975 0.022593
v 0.032826 0.129548 0.023602
v 0.033298 0.128999 0.024073
v 0.033320 0.128771 0.024907
v 0.032879 0.128999 0.025614
v 0.032233 0.129548 0.025781
v 0.031760 0.130097 0.025310
v 0.031738 0.130325 0.024476
v 0.032180 0.130097 0.023769
vt 0.841234 0.873852
vt 0.841126 0.851998
vt 0.843977 0.852132
vt 0.844110 0.873833
vt 0.846867 0.852169
vt 0.847012 0.873815
vt 0.823793 0.873744
vt 0.824074 0.852089
vt 0.826964 0.852065
vt 0.826697 0.873781
vt 0.829816 0.851942
vt 0.829576 0.873817
vt 0.832648 0.851818
vt 0.832481 0.873849
vt 0.835474 0.851738
vt 0.835409 0.873867
vt 0.838295 0.851850
vt 0.838333 0.873866
vt 0.835559 0.826739
vt 0.838399 0.826831
vt 0.841239 0.826949
vt 0.838372 0.807573
vt 0.841161 0.807626
vt 0.844080 0.827052
vt 0.846956 0.827081
vt 0.829871 0.826889
vt 0.832715 0.826799
vt 0.824151 0.826994
vt 0.827027 0.826979
vt 0.827246 0.807581
vt 0.824368 0.807572
vt 0.825031 0.780123
vt 0.827704 0.780189
vt 0.832871 0.807521
vt 0.835622 0.807527
vt 0.830085 0.807526
vt 0.843998 0.807680
vt 0.846876 0.807673
vt 0.838410 0.780368
vt 0.835718 0.780367
vt 0.835803 0.754493
vt 0.838534 0.754410
vt 0.841083 0.780308
vt 0.843741 0.780233
vt 0.833026 0.780355
vt 0.830359 0.780283
vt 0.846419 0.780187
vt 0.830382 0.754200
vt 0.827714 0.753997
vt 0.827799 0.720799
vt 0.830502 0.720866
vt 0.833074 0.754430
vt 0.825056 0.753900
vt 0.841225 0.754203
vt 0.843896 0.754006
vt 0.846554 0.753925
vt 0.841238 0.720878
vt 0.838547 0.720923
vt 0.838625 0.681503
vt 0.841314 0.681472
vt 0.843942 0.720826
vt 0.846625 0.720804
vt 0.835871 0.720925
vt 0.833194 0.720917
vt 0.825116 0.720765
vt 0.833257 0.681497
vt 0.830570 0.681460
vt 0.830406 0.652163
vt 0.833181 0.652105
vt 0.835941 0.681501
vt 0.827863 0.681412
vt 0.844025 0.681437
vt 0.846746 0.681429
vt 0.825144 0.681392
vt 0.838817 0.652063
vt 0.835997 0.652059
vt 0.836045 0.631464
vt 0.838731 0.631562
vt 0.824979 0.652206
vt 0.827673 0.652196
vt 0.841591 0.652113
vt 0.844322 0.652177
vt 0.847012 0.652235
vt 0.833361 0.631562
vt 0.833426 0.607920
vt 0.836093 0.607795
vt 0.830689 0.631828
vt 0.825300 0.632161
vt 0.828004 0.632072
vt 0.841398 0.631833
vt 0.844078 0.632090
vt 0.846777 0.632195
vt 0.615930 0.808971
vt 0.617807 0.810848
vt 0.617807 0.813502
vt 0.615930 0.815379
vt 0.613276 0.815379
vt 0.611399 0.813502
vt 0.611399 0.810848
vt 0.613276 0.808971
vt 0.828108 0.608528
vt 0.830771 0.608226
vt 0.844071 0.608561
vt 0.846754 0.608689
vt 0.838759 0.607931
vt 0.825423 0.608644
vt 0.841411 0.608248
vn 0.2627 0.0001 -0.9648
vn 0.2542 0.0096 -0.9671
vn 0.6144 -0.5433 -0.5721
vn 0.6445 -0.5242 -0.5566
vn 0.6100 -0.7748 0.1660
vn 0.6485 -0.7405 0.1765
vn 0.2397 -0.5433 0.8046
vn 0.2735 -0.5242 0.8064
vn -0.2709 0.0096 0.9626
vn -0.2625 0.0001 0.9649
vn -0.6183 0.5537 0.5577
vn -0.6438 0.5249 0.5568
vn -0.6081 0.7764 -0.1655
vn -0.6473 0.7416 -0.1762
vn -0.2504 0.5537 -0.7941
vn -0.2728 0.5249 -0.8062
vn -0.5345 0.8325 -0.1455
vn -0.1969 0.5929 -0.7808
vn 0.2569 0.0083 -0.9664
vn -0.1209 0.6434 -0.7559
vn 0.2588 0.0202 -0.9657
vn 0.5633 -0.5841 -0.5844
vn 0.5363 -0.8313 0.1459
vn -0.2683 0.0083 0.9633
vn -0.5654 0.5929 0.5733
vn 0.1894 -0.5841 0.7893
vn 0.1180 -0.6200 0.7757
vn 0.4381 -0.8910 0.1192
vn 0.3924 -0.9136 0.1068
vn 0.0962 -0.6494 0.7543
vn -0.4874 0.6434 0.5904
vn -0.4261 0.8972 -0.1160
vn -0.2663 0.0202 0.9637
vn 0.4948 -0.6200 -0.6089
vn -0.0788 0.6490 -0.7566
vn -0.3784 0.9199 -0.1030
vn -0.4811 0.8668 -0.1309
vn -0.1474 0.6031 -0.7839
vn 0.2712 -0.0035 -0.9625
vn 0.4653 -0.6494 -0.6015
vn -0.4514 0.6490 0.6123
vn -0.2539 -0.0035 0.9672
vn -0.2531 -0.0185 0.9673
vn 0.1653 -0.6197 0.7672
vn 0.2200 -0.5723 0.7900
vn -0.2597 -0.0042 0.9657
vn -0.5244 0.6031 0.6011
vn 0.4870 -0.8633 0.1325
vn 0.2720 -0.0185 -0.9621
vn 0.5313 -0.6197 -0.5776
vn 0.2655 -0.0042 -0.9641
vn -0.2156 0.5681 -0.7942
vn -0.2373 0.5519 -0.7994
vn 0.2652 -0.0034 -0.9642
vn 0.5900 -0.5723 -0.5695
vn 0.5707 -0.8063 0.1553
vn -0.5705 0.8065 -0.1552
vn -0.5883 0.5681 0.5754
vn -0.6097 0.5519 0.5689
vn -0.2600 -0.0034 0.9656
vn -0.2441 -0.0178 0.9696
vn -0.6679 0.4841 0.5653
vn -0.6005 0.7827 -0.1634
vn 0.2412 -0.5551 0.7960
vn 0.6114 -0.5551 -0.5639
vn 0.6009 -0.7823 0.1635
vn -0.2893 0.4841 -0.8258
vn -0.6909 0.6980 -0.1880
vn -0.7694 0.6034 -0.2094
vn -0.3578 0.4268 -0.8305
vn 0.6899 -0.6991 0.1877
vn 0.3141 -0.5025 0.8055
vn 0.2809 -0.0178 -0.9595
vn 0.6790 -0.5025 -0.5352
vn -0.7294 0.4268 0.5346
vn -0.1572 0.8311 0.5334
vn -0.1834 0.9817 -0.0499
vn -0.2590 -0.0023 0.9658
vn 0.7685 -0.6047 0.2091
vn 0.3619 -0.4296 0.8273
vn 0.2661 -0.0023 -0.9639
vn 0.7313 -0.4296 -0.5297
vn 0.9444 0.1256 -0.3038
vn 0.6044 0.4729 -0.6410
vn 0.1347 0.8311 -0.5395
vn 0.1962 0.4729 0.8589
vn 0.6601 0.1256 0.7405
vn 0.9648 -0.0141 0.2626
usemtl material.baked
s 1
f 4305/4656/4246 4306/4657/4247 4308/4658/4248 4307/4659/4249
f 4307/4659/4249 4308/4658/4248 4310/4660/4250 4309/4661/4251
f 4309/4662/4251 4310/4663/4250 4312/4664/4252 4311/4665/4253
f 4311/4665/4253 4312/4664/4252 4314/4666/4254 4313/4667/4255
f 4313/4667/4255 4314/4666/4254 4316/4668/4256 4315/4669/4257
f 4315/4669/4257 4316/4668/4256 4318/4670/4258 4317/4671/4259
f 4317/4671/4259 4318/4670/4258 4320/4672/4260 4319/4673/4261
f 4319/4673/4261 4320/4672/4260 4306/4657/4247 4305/4656/4246
f 4320/4672/4260 4318/4670/4258 4327/4674/4262 4328/4675/4263
f 4321/4676/4264 4328/4675/4263 4336/4677/4265 4329/4678/4266
f 4310/4660/4250 4308/4658/4248 4322/4679/4267 4323/4680/4268
f 4316/4668/4256 4314/4666/4254 4325/4681/4269 4326/4682/4270
f 4306/4657/4247 4320/4672/4260 4328/4675/4263 4321/4676/4264
f 4308/4658/4248 4306/4657/4247 4321/4676/4264 4322/4679/4267
f 4312/4664/4252 4310/4663/4250 4323/4683/4268 4324/4684/4271
f 4318/4670/4258 4316/4668/4256 4326/4682/4270 4327/4674/4262
f 4314/4666/4254 4312/4664/4252 4324/4684/4271 4325/4681/4269
f 4332/4685/4272 4331/4686/4273 4339/4687/4274 4340/4688/4275
f 4327/4674/4262 4326/4682/4270 4334/4689/4276 4335/4690/4277
f 4325/4681/4269 4324/4684/4271 4332/4685/4272 4333/4691/4278
f 4323/4680/4268 4322/4679/4267 4330/4692/4279 4331/4693/4273
f 4328/4675/4263 4327/4674/4262 4335/4690/4277 4336/4677/4265
f 4326/4682/4270 4325/4681/4269 4333/4691/4278 4334/4689/4276
f 4324/4684/4271 4323/4683/4268 4331/4686/4273 4332/4685/4272
f 4322/4679/4267 4321/4676/4264 4329/4678/4266 4330/4692/4279
f 4344/4694/4280 4343/4695/4281 4351/4696/4282 4352/4697/4283
f 4330/4692/4279 4329/4678/4266 4337/4698/4284 4338/4699/4285
f 4329/4678/4266 4336/4677/4265 4344/4694/4280 4337/4698/4284
f 4335/4690/4277 4334/4689/4276 4342/4700/4286 4343/4695/4281
f 4333/4691/4278 4332/4685/4272 4340/4688/4275 4341/4701/4287
f 4331/4693/4273 4330/4692/4279 4338/4699/4285 4339/4702/4274
f 4336/4677/4265 4335/4690/4277 4343/4695/4281 4344/4694/4280
f 4334/4689/4276 4333/4691/4278 4341/4701/4287 4342/4700/4286
f 4349/4703/4288 4348/4704/4289 4356/4705/4290 4357/4706/4291
f 4342/4700/4286 4341/4701/4287 4349/4703/4288 4350/4707/4292
f 4340/4688/4275 4339/4687/4274 4347/4708/4293 4348/4704/4289
f 4338/4699/4285 4337/4698/4284 4345/4709/4294 4346/4710/4295
f 4337/4698/4284 4344/4694/4280 4352/4697/4283 4345/4709/4294
f 4343/4695/4281 4342/4700/4286 4350/4707/4292 4351/4696/4282
f 4341/4701/4287 4340/4688/4275 4348/4704/4289 4349/4703/4288
f 4339/4702/4274 4338/4699/4285 4346/4710/4295 4347/4711/4293
f 4353/4712/4296 4360/4713/4297 4368/4714/4298 4361/4715/4299
f 4347/4711/4293 4346/4710/4295 4354/4716/4300 4355/4717/4301
f 4352/4697/4283 4351/4696/4282 4359/4718/4302 4360/4713/4297
f 4350/4707/4292 4349/4703/4288 4357/4706/4291 4358/4719/4303
f 4348/4704/4289 4347/4708/4293 4355/4720/4301 4356/4705/4290
f 4346/4710/4295 4345/4709/4294 4353/4712/4296 4354/4716/4300
f 4345/4709/4294 4352/4697/4283 4360/4713/4297 4353/4712/4296
f 4351/4696/4282 4350/4707/4292 4358/4719/4303 4359/4718/4302
f 4366/4721/4304 4365/4722/4305 4373/4723/4306 4374/4724/4307
f 4359/4718/4302 4358/4719/4303 4366/4721/4304 4367/4725/4308
f 4357/4706/4291 4356/4705/4290 4364/4726/4309 4365/4722/4305
f 4355/4717/4301 4354/4716/4300 4362/4727/4310 4363/4728/4311
f 4360/4713/4297 4359/4718/4302 4367/4725/4308 4368/4714/4298
f 4358/4719/4303 4357/4706/4291 4365/4722/4305 4366/4721/4304
f 4356/4705/4290 4355/4720/4301 4363/4729/4311 4364/4726/4309
f 4354/4716/4300 4353/4712/4296 4361/4715/4299 4362/4727/4310
f 4376/4730/4312 4375/4731/4313 4383/4732/4314 4384/4733/4315
f 4364/4726/4309 4363/4729/4311 4371/4734/4316 4372/4735/4317
f 4362/4727/4310 4361/4715/4299 4369/4736/4318 4370/4737/4319
f 4361/4715/4299 4368/4714/4298 4376/4730/4312 4369/4736/4318
f 4367/4725/4308 4366/4721/4304 4374/4724/4307 4375/4731/4313
f 4365/4722/4305 4364/4726/4309 4372/4735/4317 4373/4723/4306
f 4363/4728/4311 4362/4727/4310 4370/4737/4319 4371/4738/4316
f 4368/4714/4298 4367/4725/4308 4375/4731/4313 4376/4730/4312
f 4383/4732/4314 4382/4739/4320 4390/4740/4321 4391/4741/4322
f 4374/4724/4307 4373/4723/4306 4381/4742/4323 4382/4739/4320
f 4372/4735/4317 4371/4734/4316 4379/4743/4324 4380/4744/4325
f 4370/4737/4319 4369/4736/4318 4377/4745/4326 4378/4746/4327
f 4369/4736/4318 4376/4730/4312 4384/4733/4315 4377/4745/4326
f 4375/4731/4313 4374/4724/4307 4382/4739/4320 4383/4732/4314
f 4373/4723/4306 4372/4735/4317 4380/4744/4325 4381/4742/4323
f 4371/4738/4316 4370/4737/4319 4378/4746/4327 4379/4747/4324
f 4386/4748/4328 4385/4749/4329 4392/4750/4330 4391/4751/4322 4390/4752/4321 4389/4753/4331 4388/4754/4332 4387/4755/4333
f 4381/4742/4323 4380/4744/4325 4388/4756/4332 4389/4757/4331
f 4379/4747/4324 4378/4746/4327 4386/4758/4328 4387/4759/4333
f 4384/4733/4315 4383/4732/4314 4391/4741/4322 4392/4760/4330
f 4382/4739/4320 4381/4742/4323 4389/4757/4331 4390/4740/4321
f 4380/4744/4325 4379/4743/4324 4387/4761/4333 4388/4756/4332
f 4378/4746/4327 4377/4745/4326 4385/4762/4329 4386/4758/4328
f 4377/4745/4326 4384/4733/4315 4392/4760/4330 4385/4762/4329
o Terreno_Cylinder.003
v 0.002644 0.091183 -0.048351
v 0.020762 0.092084 -0.043369
v 0.035548 0.091726 -0.031825
v 0.044765 0.089645 -0.015531
v 0.047057 0.088851 0.003086
v 0.042122 0.090845 0.021219
v 0.030557 0.090336 0.036014
v 0.014220 0.089673 0.045275
v -0.004425 0.088671 0.047580
v -0.022546 0.087627 0.042597
v -0.037324 0.088368 0.031057
v -0.046562 0.089437 0.014750
v -0.048827 0.091532 -0.003849
v -0.043791 0.094361 -0.021916
v -0.032271 0.092719 -0.036741
v -0.015979 0.091236 -0.046031
v -0.030686 0.092097 -0.015907
v -0.009173 0.089920 -0.025408
v 0.013813 0.091950 -0.030666
v -0.024963 0.090498 0.007609
v -0.000897 0.089634 -0.000389
v 0.023215 0.090932 -0.008358
v -0.015579 0.088648 0.029906
v 0.007376 0.089188 0.024628
v 0.028983 0.091495 0.015187
v 0.016419 0.091211 -0.045270
v 0.011930 0.090963 -0.046749
v 0.007327 0.091123 -0.047777
v 0.032291 0.091751 -0.035238
v 0.028715 0.091819 -0.038316
v 0.024866 0.092320 -0.041025
v 0.043067 0.089898 -0.019929
v 0.040947 0.090194 -0.024139
v 0.038437 0.090974 -0.028115
v 0.047174 0.089117 -0.001630
v 0.046823 0.089131 -0.006338
v 0.046016 0.089222 -0.010988
v 0.044004 0.090396 0.016885
v 0.045465 0.089689 0.012390
v 0.046485 0.089074 0.007775
v 0.033978 0.090633 0.032758
v 0.037064 0.090902 0.029182
v 0.039780 0.090891 0.025320
v 0.018635 0.090299 0.043578
v 0.022855 0.090561 0.041453
v 0.026837 0.090308 0.038921
v 0.000304 0.089190 0.047696
v 0.005018 0.089548 0.047347
v 0.009669 0.089550 0.046536
v -0.018220 0.087680 0.044487
v -0.013733 0.087869 0.045964
v -0.009119 0.088223 0.047000
v -0.034075 0.087973 0.034466
v -0.030501 0.087811 0.037543
v -0.026643 0.087702 0.040257
v -0.044856 0.089568 0.019153
v -0.042729 0.089632 0.023368
v -0.040215 0.089035 0.027347
v -0.048949 0.091034 0.000864
v -0.048609 0.090489 0.005564
v -0.047813 0.089855 0.010207
v -0.045691 0.093938 -0.017595
v -0.047185 0.093116 -0.013121
v -0.048237 0.092182 -0.008526
v -0.035682 0.092898 -0.033478
v -0.038753 0.093352 -0.029893
v -0.041453 0.094151 -0.026019
v -0.020389 0.090843 -0.044331
v -0.024599 0.091050 -0.042200
v -0.028568 0.091925 -0.039659
v -0.002067 0.091494 -0.048455
v -0.006765 0.091973 -0.048095
v -0.011419 0.091785 -0.047286
v -0.032083 0.092498 -0.031703
v -0.031819 0.091971 -0.026602
v -0.031381 0.091825 -0.021359
v -0.035471 0.092521 -0.013039
v -0.040045 0.092348 -0.010047
v -0.044473 0.091963 -0.006970
v -0.029684 0.092099 -0.010212
v -0.028376 0.092013 -0.004333
v -0.026801 0.091172 0.001632
v -0.030554 0.090954 0.009472
v -0.035989 0.090373 0.011263
v -0.041311 0.089636 0.013012
v -0.022892 0.089811 0.013509
v -0.020620 0.089077 0.019245
v -0.018169 0.088810 0.024740
v -0.021140 0.088252 0.030469
v -0.026599 0.087902 0.030793
v -0.031984 0.087875 0.030962
v -0.012885 0.088452 0.034686
v -0.010108 0.088565 0.039158
v -0.007278 0.088697 0.043422
v -0.014353 0.091373 -0.041126
v -0.012701 0.091080 -0.036124
v -0.010991 0.090348 -0.030922
v -0.014819 0.090327 -0.023380
v -0.020330 0.090430 -0.021110
v -0.025637 0.091000 -0.018611
v -0.007232 0.089427 -0.019519
v -0.005185 0.089103 -0.013319
v -0.003064 0.089086 -0.006909
v -0.007055 0.090124 0.001663
v -0.013162 0.090204 0.003690
v -0.019158 0.090020 0.005674
v 0.001268 0.090091 0.006129
v 0.003392 0.090191 0.012541
v 0.005439 0.089886 0.018741
v 0.001627 0.088859 0.026379
v -0.004142 0.089169 0.027859
v -0.009896 0.089126 0.029039
v 0.009204 0.089215 0.030148
v 0.010936 0.089538 0.035364
v 0.012594 0.089573 0.040370
v 0.005505 0.091530 -0.044187
v 0.008333 0.091601 -0.039924
v 0.011118 0.092067 -0.035447
v 0.008138 0.091844 -0.029794
v 0.002370 0.091113 -0.028623
v -0.003422 0.090312 -0.027159
v 0.016387 0.091013 -0.025511
v 0.018841 0.090860 -0.020014
v 0.021137 0.091255 -0.014263
v 0.017406 0.091225 -0.006426
v 0.011407 0.090898 -0.004443
v 0.005280 0.090026 -0.002429
v 0.025063 0.090723 -0.002375
v 0.026652 0.090552 0.003600
v 0.027966 0.090770 0.009482
v 0.023919 0.091880 0.017882
v 0.018593 0.091520 0.020368
v 0.013058 0.090481 0.022622
v 0.029681 0.091909 0.020641
v 0.030111 0.091380 0.025879
v 0.030368 0.090505 0.030976
v 0.030198 0.091758 -0.031735
v 0.024812 0.091636 -0.031568
v 0.019361 0.091675 -0.031239
v 0.039527 0.090080 -0.013785
v 0.034225 0.090298 -0.012022
v 0.028810 0.090683 -0.010219
v 0.042714 0.088974 0.006214
v 0.038312 0.089798 0.009307
v 0.033768 0.091013 0.012318
v -0.035867 0.092684 -0.028509
v -0.039350 0.093621 -0.025040
v -0.042589 0.094164 -0.021371
v -0.035953 0.092649 -0.023481
v -0.039835 0.093551 -0.020144
v -0.043550 0.093644 -0.016666
v -0.035850 0.092689 -0.018341
v -0.040099 0.093000 -0.015159
v -0.044202 0.092862 -0.011868
v -0.034746 0.092131 -0.007542
v -0.039606 0.091535 -0.004793
v -0.044313 0.091274 -0.001980
v -0.033670 0.091807 -0.001905
v -0.038769 0.091152 0.000559
v -0.043723 0.090819 0.003054
v -0.032266 0.091438 0.003793
v -0.037555 0.090906 0.005935
v -0.042719 0.090234 0.008070
v -0.028562 0.090081 0.015051
v -0.034080 0.089969 0.016479
v -0.039500 0.089523 0.017831
v -0.026316 0.088993 0.020455
v -0.031866 0.089155 0.021512
v -0.037323 0.089277 0.022465
v -0.023828 0.088568 0.025622
v -0.029366 0.088300 0.026303
v -0.034812 0.088594 0.026857
v -0.018291 0.087831 0.034947
v -0.023601 0.087811 0.034941
v -0.028856 0.087692 0.034748
v -0.015309 0.087746 0.039130
v -0.020424 0.087596 0.038792
v -0.025477 0.087759 0.038227
v -0.012235 0.088007 0.043116
v -0.017114 0.087603 0.042431
v -0.021906 0.087617 0.041437
v -0.019113 0.090818 -0.039334
v -0.023674 0.091293 -0.037145
v -0.028006 0.092139 -0.034590
v -0.017792 0.090666 -0.034242
v -0.022692 0.091373 -0.032003
v -0.027381 0.091906 -0.029447
v -0.016379 0.090399 -0.028958
v -0.021603 0.090826 -0.026692
v -0.026623 0.091177 -0.024153
v -0.013083 0.090242 -0.017447
v -0.018822 0.090460 -0.015196
v -0.024373 0.091110 -0.012777
v -0.011195 0.089861 -0.011231
v -0.017104 0.090449 -0.009026
v -0.022848 0.091287 -0.006717
v -0.009176 0.089757 -0.004829
v -0.015210 0.090239 -0.002699
v -0.021102 0.090818 -0.000537
v -0.004884 0.089987 0.008128
v -0.010997 0.090075 0.010038
v -0.017029 0.089589 0.011832
v -0.002689 0.089774 0.014470
v -0.008751 0.089772 0.016246
v -0.014755 0.089156 0.017838
v -0.000505 0.089511 0.020589
v -0.006456 0.089368 0.022217
v -0.012371 0.088787 0.023601
v 0.003698 0.088660 0.031785
v -0.001845 0.088779 0.033101
v -0.007384 0.089070 0.034076
v 0.005722 0.088982 0.036880
v 0.000449 0.088943 0.038028
v -0.004839 0.089067 0.038794
v 0.007707 0.089341 0.041762
v 0.002740 0.089409 0.042743
v -0.002270 0.089251 0.043300
v 0.000520 0.092067 -0.044051
v -0.004481 0.092346 -0.043488
v -0.009456 0.092051 -0.042512
v 0.003082 0.091938 -0.039549
v -0.002207 0.092016 -0.038783
v -0.007483 0.091816 -0.037637
v 0.005624 0.091833 -0.034832
v 0.000073 0.091519 -0.033865
v -0.005482 0.091070 -0.032558
v 0.010594 0.091296 -0.024369
v 0.004675 0.090467 -0.022988
v -0.001298 0.089298 -0.021374
v 0.012974 0.090706 -0.018608
v 0.006962 0.089705 -0.017021
v 0.000885 0.088988 -0.015255
v 0.015262 0.090976 -0.012592
v 0.009221 0.090006 -0.010805
v 0.003091 0.089301 -0.008906
v 0.019356 0.090689 -0.000211
v 0.013447 0.090475 0.001940
v 0.007401 0.090399 0.004062
v 0.021112 0.090748 0.005976
v 0.015351 0.090748 0.008273
v 0.009430 0.090792 0.010472
v 0.022645 0.091277 0.012041
v 0.017075 0.091034 0.014448
v 0.011321 0.090546 0.016689
v 0.024902 0.091537 0.023421
v 0.019866 0.091118 0.025949
v 0.014615 0.090247 0.028198
v 0.025655 0.090543 0.028712
v 0.020952 0.090428 0.031259
v 0.016034 0.090245 0.033486
v 0.026275 0.090124 0.033852
v 0.021933 0.090453 0.036400
v 0.017358 0.090280 0.038581
v 0.020121 0.092048 -0.042210
v 0.015311 0.091211 -0.043216
v 0.010437 0.091025 -0.043897
v 0.023696 0.092104 -0.038997
v 0.018639 0.092037 -0.039565
v 0.013516 0.091544 -0.039908
v 0.027065 0.091675 -0.035525
v 0.021818 0.091944 -0.035713
v 0.016513 0.092157 -0.035716
v 0.033034 0.091404 -0.027626
v 0.027589 0.091761 -0.027070
v 0.022046 0.091258 -0.026393
v 0.035540 0.090493 -0.023237
v 0.030095 0.091188 -0.022276
v 0.024542 0.091239 -0.021220
v 0.037717 0.090232 -0.018603
v 0.032316 0.090690 -0.017239
v 0.026809 0.091118 -0.015803
v 0.040941 0.089740 -0.008839
v 0.035800 0.090215 -0.006689
v 0.030529 0.090536 -0.004535
v 0.041955 0.089651 -0.003817
v 0.037014 0.089951 -0.001312
v 0.031934 0.090169 0.001163
v 0.042545 0.089185 0.001217
v 0.037845 0.089299 0.004036
v 0.033015 0.090089 0.006804
v 0.042476 0.089645 0.011133
v 0.038400 0.090777 0.014442
v 0.034164 0.091709 0.017632
v 0.041859 0.090494 0.015954
v 0.038158 0.091244 0.019441
v 0.034265 0.091623 0.022771
v 0.040918 0.090925 0.020672
v 0.037671 0.091129 0.024336
v 0.034171 0.091232 0.027793
vt 0.688395 0.325294
vt 0.703417 0.323119
vt 0.716160 0.331354
vt 0.700732 0.334594
vt 0.718530 0.321614
vt 0.731628 0.328744
vt 0.728716 0.340230
vt 0.712985 0.344548
vt 0.744433 0.336496
vt 0.661663 0.318498
vt 0.676016 0.316321
vt 0.673509 0.328475
vt 0.690581 0.315204
vt 0.705285 0.314794
vt 0.720061 0.314738
vt 0.733689 0.320444
vt 0.747116 0.326449
vt 0.760143 0.333054
vt 0.772569 0.340557
vt 0.756797 0.345180
vt 0.740990 0.350067
vt 0.725113 0.355483
vt 0.697235 0.349742
vt 0.709133 0.361691
vt 0.685364 0.338780
vt 0.737056 0.367638
vt 0.752882 0.361105
vt 0.764262 0.373257
vt 0.748678 0.380904
vt 0.768579 0.355033
vt 0.779655 0.365995
vt 0.774994 0.386359
vt 0.759827 0.395084
vt 0.789906 0.377934
vt 0.721036 0.374863
vt 0.784211 0.349192
vt 0.794951 0.358925
vt 0.804691 0.369658
vt 0.813332 0.381291
vt 0.799215 0.390714
vt 0.784940 0.400242
vt 0.770349 0.409981
vt 0.744278 0.404259
vt 0.755283 0.420037
vt 0.732806 0.389127
vt 0.780096 0.425396
vt 0.793970 0.414737
vt 0.801977 0.429657
vt 0.788941 0.441114
vt 0.807469 0.404198
vt 0.814584 0.418231
vt 0.808857 0.444813
vt 0.796758 0.456919
vt 0.820480 0.432650
vt 0.765660 0.436235
vt 0.820781 0.393720
vt 0.826976 0.406819
vt 0.831865 0.420458
vt 0.835393 0.434509
vt 0.825080 0.447297
vt 0.814511 0.460015
vt 0.803426 0.472595
vt 0.783946 0.468939
vt 0.791569 0.484968
vt 0.775262 0.452615
vt 0.808894 0.487975
vt 0.818908 0.475110
vt 0.822308 0.490096
vt 0.813406 0.503096
vt 0.828377 0.462033
vt 0.830643 0.476819
vt 0.825044 0.505011
vt 0.817282 0.518043
vt 0.832221 0.491638
vt 0.798062 0.500524
vt 0.837573 0.448850
vt 0.838693 0.463403
vt 0.839106 0.478095
vt 0.839165 0.492858
vt 0.833456 0.506474
vt 0.827448 0.519889
vt 0.820840 0.532904
vt 0.808643 0.530565
vt 0.813332 0.545319
vt 0.803654 0.515678
vt 0.630537 0.345611
vt 0.644450 0.338661
vt 0.655053 0.350733
vt 0.640378 0.358427
vt 0.658820 0.332929
vt 0.670096 0.344161
vt 0.665860 0.363434
vt 0.650510 0.371840
vt 0.681486 0.356042
vt 0.608404 0.340533
vt 0.620842 0.333092
vt 0.617218 0.353715
vt 0.633951 0.326904
vt 0.647601 0.322021
vt 0.693046 0.368898
vt 0.676975 0.377078
vt 0.661077 0.386147
vt 0.635584 0.381184
vt 0.645506 0.396022
vt 0.626216 0.367173
vt 0.672171 0.401552
vt 0.688453 0.391884
vt 0.700159 0.407686
vt 0.683660 0.417878
vt 0.704795 0.382957
vt 0.716594 0.398070
vt 0.711908 0.424225
vt 0.695359 0.434855
vt 0.728267 0.413993
vt 0.656105 0.411872
vt 0.739638 0.430480
vt 0.723518 0.441240
vt 0.707081 0.452211
vt 0.678780 0.445781
vt 0.690487 0.463287
vt 0.667258 0.428550
vt 0.718643 0.469674
vt 0.734807 0.458468
vt 0.745603 0.475644
vt 0.729863 0.486970
vt 0.750531 0.447286
vt 0.760786 0.464155
vt 0.755735 0.492496
vt 0.740561 0.503824
vt 0.770244 0.480831
vt 0.702194 0.480793
vt 0.778747 0.497057
vt 0.765031 0.508758
vt 0.750559 0.519960
vt 0.724869 0.514702
vt 0.735468 0.530552
vt 0.713716 0.498023
vt 0.759743 0.535191
vt 0.773392 0.524241
vt 0.780997 0.539078
vt 0.768266 0.549678
vt 0.786208 0.512648
vt 0.792833 0.527710
vt 0.788100 0.553486
vt 0.776348 0.563668
vt 0.798902 0.542418
vt 0.745389 0.545390
vt 0.804691 0.556949
vt 0.794951 0.567679
vt 0.784211 0.577410
vt 0.763756 0.572859
vt 0.772569 0.586041
vt 0.754757 0.559401
vt 0.582072 0.384156
vt 0.592873 0.373088
vt 0.599976 0.387495
vt 0.588140 0.398864
vt 0.604625 0.362906
vt 0.612708 0.376896
vt 0.607582 0.402333
vt 0.594766 0.413926
vt 0.621231 0.391383
vt 0.567642 0.381255
vt 0.576282 0.369625
vt 0.572330 0.396009
vt 0.586022 0.358895
vt 0.596763 0.349164
vt 0.630414 0.406614
vt 0.615943 0.417816
vt 0.602227 0.429517
vt 0.582911 0.426050
vt 0.589405 0.441606
vt 0.577320 0.410896
vt 0.610730 0.445743
vt 0.625239 0.434078
vt 0.635371 0.450930
vt 0.620188 0.462419
vt 0.640412 0.422750
vt 0.651111 0.439604
vt 0.646167 0.468105
vt 0.630443 0.479288
vt 0.662331 0.456900
vt 0.597028 0.457635
vt 0.673892 0.474363
vt 0.657456 0.485334
vt 0.641336 0.496094
vt 0.615314 0.490339
vt 0.625690 0.506537
vt 0.605712 0.473959
vt 0.652706 0.512581
vt 0.669066 0.502349
vt 0.680815 0.518888
vt 0.664380 0.528504
vt 0.685615 0.491719
vt 0.697314 0.508696
vt 0.692520 0.534690
vt 0.676179 0.543617
vt 0.708803 0.525022
vt 0.636696 0.522315
vt 0.719896 0.540427
vt 0.703998 0.549496
vt 0.687928 0.557676
vt 0.659938 0.551711
vt 0.671841 0.564883
vt 0.648167 0.537447
vt 0.699488 0.570531
vt 0.715113 0.563140
vt 0.725921 0.575841
vt 0.710877 0.582413
vt 0.730464 0.554734
vt 0.740595 0.568147
vt 0.736523 0.587913
vt 0.722153 0.593645
vt 0.750436 0.580963
vt 0.683738 0.576832
vt 0.760132 0.593482
vt 0.747023 0.599670
vt 0.733372 0.604553
vt 0.707464 0.598099
vt 0.719310 0.608075
vt 0.695610 0.587794
vt 0.548752 0.434936
vt 0.555929 0.421563
vt 0.558665 0.436477
vt 0.550331 0.449755
vt 0.563691 0.408531
vt 0.567567 0.423478
vt 0.562066 0.451464
vt 0.552597 0.464541
vt 0.572080 0.438599
vt 0.541809 0.433716
vt 0.547517 0.420100
vt 0.541867 0.448479
vt 0.553526 0.406685
vt 0.560134 0.393670
vt 0.577547 0.453979
vt 0.566463 0.466559
vt 0.555893 0.479277
vt 0.543400 0.477724
vt 0.545581 0.492065
vt 0.542280 0.463172
vt 0.560493 0.493924
vt 0.572116 0.481761
vt 0.578997 0.496917
vt 0.566390 0.508343
vt 0.584215 0.469655
vt 0.592033 0.485460
vt 0.587003 0.511837
vt 0.573504 0.522376
vt 0.600877 0.501178
vt 0.549109 0.506116
vt 0.610625 0.516593
vt 0.596034 0.526332
vt 0.581758 0.535860
vt 0.560193 0.532854
vt 0.567642 0.545283
vt 0.553997 0.519755
vt 0.591067 0.548640
vt 0.605980 0.540215
vt 0.616712 0.553317
vt 0.601319 0.560579
vt 0.621147 0.531490
vt 0.632296 0.545670
vt 0.628092 0.565469
vt 0.612395 0.571541
vt 0.643918 0.558936
vt 0.576282 0.556916
vt 0.655860 0.571091
vt 0.639984 0.576507
vt 0.624177 0.581394
vt 0.596763 0.577382
vt 0.608404 0.586017
vt 0.586022 0.567649
vt 0.636541 0.590078
vt 0.652258 0.586344
vt 0.664813 0.595220
vt 0.649345 0.597830
vt 0.667988 0.582026
vt 0.680242 0.591980
vt 0.677556 0.603455
vt 0.662443 0.604960
vt 0.692579 0.601280
vt 0.620830 0.593520
vt 0.704957 0.610252
vt 0.690393 0.611369
vt 0.675688 0.611780
vt 0.647285 0.606130
vt 0.660913 0.611836
vt 0.633857 0.600125
vn 0.1827 0.9826 0.0326
vn 0.2404 0.9703 0.0259
vn 0.1861 0.9797 0.0740
vn 0.2065 0.9781 0.0246
vn 0.1509 0.9847 0.0872
vn 0.0920 0.9844 0.1498
vn 0.1024 0.9887 0.1091
vn 0.1463 0.9890 0.0232
vn 0.0364 0.9858 0.1640
vn 0.1254 0.9921 0.0051
vn 0.1188 0.9922 0.0363
vn 0.1077 0.9932 0.0437
vn 0.2229 0.9748 0.0125
vn 0.2275 0.9735 0.0213
vn 0.1228 0.9886 0.0867
vn 0.0706 0.9854 0.1547
vn 0.0166 0.9839 0.1780
vn -0.0049 0.9865 0.1636
vn 0.0025 0.9913 0.1316
vn 0.0137 0.9890 0.1473
vn 0.0295 0.9915 0.1263
vn 0.0614 0.9969 0.0492
vn 0.1512 0.9885 -0.0015
vn 0.1338 0.9908 -0.0216
vn 0.1346 0.9895 0.0516
vn -0.0085 0.9978 0.0661
vn -0.0237 0.9940 0.1066
vn -0.0568 0.9951 0.0813
vn -0.0293 0.9969 0.0723
vn 0.0006 0.9940 0.1095
vn -0.0226 0.9947 0.1005
vn -0.0699 0.9923 0.1023
vn -0.0026 0.9963 0.0861
vn -0.0413 0.9922 0.1173
vn 0.0943 0.9955 -0.0057
vn 0.0008 0.9941 0.1086
vn -0.0076 0.9930 0.1178
vn -0.0128 0.9930 0.1178
vn -0.0139 0.9983 0.0568
vn -0.0482 0.9955 0.0817
vn -0.0647 0.9915 0.1132
vn 0.0232 0.9944 0.1027
vn 0.0896 0.9926 0.0813
vn 0.0920 0.9924 0.0812
vn 0.0747 0.9963 0.0414
vn 0.0415 0.9902 0.1331
vn -0.0193 0.9925 0.1204
vn 0.0293 0.9903 0.1354
vn 0.0225 0.9918 0.1258
vn -0.0168 0.9987 0.0482
vn 0.0434 0.9950 0.0902
vn 0.0154 0.9930 0.1169
vn -0.0263 0.9954 0.0918
vn 0.0694 0.9909 0.1153
vn 0.0648 0.9930 0.0988
vn 0.0090 0.9999 0.0028
vn 0.0562 0.9976 0.0399
vn 0.0878 0.9908 0.1027
vn 0.0868 0.9927 0.0832
vn 0.0493 0.9966 0.0660
vn -0.0197 0.9966 0.0804
vn -0.0484 0.9949 0.0884
vn -0.0235 0.9983 0.0523
vn -0.0641 0.9958 0.0650
vn 0.0179 0.9960 0.0871
vn -0.0601 0.9948 0.0827
vn -0.0146 0.9987 0.0484
vn -0.0064 0.9997 0.0233
vn -0.0909 0.9946 0.0499
vn 0.0181 0.9998 0.0122
vn 0.0098 0.9998 0.0178
vn -0.0320 0.9994 -0.0112
vn -0.1082 0.9935 0.0344
vn 0.0097 0.9999 -0.0024
vn -0.1037 0.9914 0.0793
vn 0.0646 0.9979 0.0075
vn 0.0305 0.9994 -0.0137
vn 0.0078 0.9995 0.0288
vn 0.0055 0.9999 -0.0058
vn -0.0065 0.9992 -0.0383
vn -0.0690 0.9976 -0.0017
vn -0.1137 0.9920 0.0541
vn -0.1171 0.9916 0.0543
vn -0.1130 0.9907 0.0760
vn -0.1218 0.9911 0.0534
vn 0.0003 1.0000 0.0075
vn 0.1245 0.9916 -0.0352
vn 0.1342 0.9906 0.0257
vn 0.0444 0.9980 0.0455
vn 0.1381 0.9904 -0.0069
vn 0.1224 0.9906 0.0609
vn 0.1080 0.9928 0.0511
vn 0.0634 0.9968 0.0484
vn 0.1260 0.9911 0.0427
vn -0.1117 0.9937 0.0115
vn -0.0267 0.9996 -0.0061
vn -0.1025 0.9937 0.0446
vn 0.1000 0.9938 -0.0479
vn 0.1546 0.9868 -0.0488
vn 0.1324 0.9909 -0.0224
vn 0.0715 0.9974 0.0061
vn 0.0638 0.9978 0.0171
vn -0.0228 0.9940 0.1066
vn 0.0294 0.9968 0.0739
vn -0.0678 0.9920 0.1061
vn 0.0863 0.9962 0.0085
vn 0.0779 0.9968 -0.0173
vn 0.1004 0.9949 -0.0058
vn 0.1011 0.9948 -0.0013
vn 0.1327 0.9903 -0.0410
vn 0.1264 0.9919 0.0002
vn 0.0754 0.9971 0.0066
vn 0.0736 0.9965 -0.0389
vn 0.1011 0.9932 0.0572
vn 0.0738 0.9961 0.0479
vn 0.0493 0.9966 0.0651
vn 0.0163 0.9996 0.0215
vn 0.0341 0.9987 -0.0360
vn 0.0214 0.9984 -0.0519
vn -0.0146 0.9981 -0.0591
vn 0.0660 0.9978 0.0024
vn 0.0054 0.9999 0.0097
vn -0.0175 0.9987 0.0482
vn -0.0308 0.9972 0.0674
vn -0.0153 0.9990 0.0428
vn 0.0027 0.9973 0.0732
vn -0.0254 0.9966 0.0789
vn -0.0236 0.9983 0.0533
vn -0.0083 0.9972 0.0748
vn -0.0419 0.9983 0.0407
vn -0.0411 0.9990 -0.0159
vn -0.0433 0.9986 0.0311
vn 0.0154 0.9992 0.0358
vn -0.0018 0.9978 0.0654
vn -0.0701 0.9935 0.0898
vn -0.0998 0.9914 0.0845
vn -0.0606 0.9975 0.0352
vn -0.0334 0.9994 0.0005
vn 0.0278 0.9996 -0.0034
vn -0.0006 0.9984 -0.0562
vn -0.0525 0.9978 -0.0409
vn -0.0332 0.9990 0.0307
vn -0.0428 0.9991 -0.0056
vn -0.0219 0.9990 -0.0376
vn -0.0344 0.9988 -0.0344
vn -0.0665 0.9977 0.0139
vn -0.1285 0.9914 0.0263
vn -0.0707 0.9967 0.0392
vn -0.0200 0.9997 -0.0152
vn -0.0234 0.9994 -0.0255
vn -0.0965 0.9953 0.0081
vn -0.0880 0.9961 0.0055
vn -0.1192 0.9928 0.0043
vn 0.0665 0.9948 -0.0765
vn 0.0056 0.9997 -0.0238
vn -0.0059 0.9970 0.0769
vn 0.0316 0.9995 0.0044
vn -0.0828 0.9961 0.0308
vn -0.0637 0.9910 0.1179
vn -0.0468 0.9935 0.1038
vn -0.0287 0.9992 0.0273
vn -0.0603 0.9879 0.1430
vn 0.0800 0.9872 -0.1375
vn 0.0713 0.9868 -0.1457
vn 0.0736 0.9936 -0.0855
vn -0.0101 0.9967 -0.0798
vn -0.0964 0.9952 -0.0152
vn -0.0574 0.9879 0.1436
vn -0.0919 0.9864 0.1358
vn -0.0449 0.9948 0.0908
vn -0.0058 0.9995 -0.0302
vn 0.0159 0.9965 0.0817
vn 0.0349 0.9962 -0.0795
vn -0.0368 0.9916 0.1235
vn -0.1103 0.9817 0.1549
vn -0.1257 0.9893 0.0743
vn -0.0725 0.9963 0.0465
vn -0.0459 0.9917 0.1203
vn -0.0546 0.9978 0.0375
vn -0.1376 0.9901 -0.0287
vn -0.0808 0.9966 -0.0183
vn -0.0889 0.9951 -0.0426
vn 0.0099 0.9962 0.0864
vn -0.0909 0.9950 -0.0402
vn -0.0894 0.9960 -0.0031
vn -0.0237 0.9995 0.0218
vn -0.0052 1.0000 0.0001
vn 0.0343 0.9990 0.0298
vn -0.0267 0.9996 0.0096
vn 0.0034 0.9995 0.0293
vn -0.0331 0.9994 0.0103
vn -0.0312 0.9991 -0.0295
vn -0.0041 0.9993 -0.0359
vn -0.0591 0.9981 -0.0186
vn -0.0537 0.9985 0.0045
vn -0.0744 0.9968 -0.0298
vn -0.0169 0.9966 -0.0804
vn -0.0960 0.9943 0.0452
vn 0.0425 0.9987 0.0255
vn -0.1445 0.9871 0.0692
vn -0.0971 0.9949 0.0262
vn -0.0284 0.9991 -0.0312
vn 0.0424 0.9944 -0.0962
vn 0.0157 0.9950 -0.0985
vn 0.0511 0.9985 -0.0162
vn -0.0194 0.9951 0.0973
vn -0.0537 0.9932 0.1036
vn -0.0095 0.9979 0.0642
vn -0.0090 0.9925 0.1215
vn -0.1341 0.9887 0.0661
vn -0.0975 0.9948 0.0307
vn 0.0017 1.0000 -0.0044
vn -0.0041 0.9996 0.0265
vn -0.0881 0.9960 0.0148
vn 0.0053 0.9997 0.0253
vn -0.0966 0.9952 0.0143
vn -0.0120 0.9998 -0.0150
vn 0.0150 0.9996 -0.0231
vn -0.0557 0.9944 0.0899
vn -0.0568 0.9981 0.0229
vn -0.0241 0.9922 0.1222
vn -0.0932 0.9952 -0.0286
vn -0.0703 0.9944 -0.0791
vn -0.0465 0.9980 -0.0420
vn -0.0078 0.9979 0.0637
vn 0.0237 0.9968 -0.0757
vn -0.0168 0.9936 -0.1118
vn 0.0131 0.9990 0.0431
vn 0.0119 0.9993 0.0358
vn 0.0013 1.0000 -0.0057
vn -0.1141 0.9929 -0.0325
vn -0.1025 0.9933 -0.0527
vn -0.0260 0.9961 0.0847
vn -0.0154 0.9995 -0.0266
vn 0.0513 0.9964 -0.0666
vn 0.0114 0.9965 0.0822
vn 0.0003 0.9993 0.0373
vn 0.0158 0.9996 0.0215
vn 0.0000 0.9999 0.0094
vn 0.0342 0.9966 0.0753
vn 0.0096 0.9977 0.0660
vn 0.0702 0.9929 0.0956
vn 0.0123 0.9984 0.0551
vn 0.0652 0.9959 0.0615
vn 0.0937 0.9924 0.0793
vn -0.0278 0.9974 0.0667
vn -0.0143 0.9993 0.0337
vn 0.0822 0.9960 0.0342
vn 0.0795 0.9965 0.0256
vn 0.0418 0.9987 0.0301
vn 0.0734 0.9883 0.1339
vn 0.0622 0.9977 0.0276
vn 0.0745 0.9969 0.0232
vn 0.0831 0.9961 0.0278
vn 0.0715 0.9972 0.0220
vn 0.0934 0.9951 0.0318
vn 0.0730 0.9944 0.0762
vn 0.0927 0.9955 0.0198
vn 0.0737 0.9971 0.0182
vn 0.0913 0.9944 0.0519
vn 0.0903 0.9953 0.0352
vn 0.0615 0.9978 0.0222
vn 0.0883 0.9958 0.0235
vn 0.1046 0.9945 -0.0051
vn 0.0769 0.9959 0.0477
vn 0.0952 0.9927 -0.0741
vn 0.1071 0.9939 0.0268
vn 0.0744 0.9866 -0.1452
vn 0.1101 0.9849 -0.1338
vn 0.0557 0.9967 -0.0595
vn 0.0745 0.9962 0.0434
vn 0.0423 0.9990 0.0107
vn 0.0962 0.9952 0.0151
vn 0.0742 0.9872 -0.1407
vn 0.1260 0.9836 -0.1291
vn 0.1261 0.9917 -0.0263
vn 0.1049 0.9890 -0.1041
vn 0.0739 0.9952 -0.0636
vn 0.0707 0.9960 0.0541
vn 0.1025 0.9935 0.0484
vn 0.0970 0.9951 -0.0191
vn 0.0234 0.9950 0.0967
vn 0.0191 0.9945 -0.1032
vn -0.0412 0.9960 0.0794
vn 0.0738 0.9939 0.0822
vn 0.0903 0.9951 0.0383
vn 0.0874 0.9919 -0.0922
vn 0.0756 0.9969 -0.0206
vn 0.0530 0.9890 -0.1382
usemtl material.baked
s 1
f 4538/4763/4334 4539/4764/4335 4542/4765/4336 4541/4766/4337
f 4539/4764/4335 4540/4767/4338 4543/4768/4339 4542/4765/4336
f 4541/4766/4337 4542/4765/4336 4545/4769/4340 4544/4770/4341
f 4542/4765/4336 4543/4768/4339 4546/4771/4342 4545/4769/4340
f 4407/4772/4343 4457/4773/4344 4538/4763/4334 4466/4774/4345
f 4457/4773/4344 4458/4775/4346 4539/4764/4335 4538/4763/4334
f 4458/4775/4346 4459/4776/4347 4540/4767/4338 4539/4764/4335
f 4459/4776/4347 4406/4777/4348 4454/4778/4349 4540/4767/4338
f 4540/4767/4338 4454/4778/4349 4455/4779/4350 4543/4768/4339
f 4543/4768/4339 4455/4779/4350 4456/4780/4351 4546/4771/4342
f 4546/4771/4342 4456/4780/4351 4405/4781/4352 4471/4782/4353
f 4545/4769/4340 4546/4771/4342 4471/4782/4353 4470/4783/4354
f 4544/4770/4341 4545/4769/4340 4470/4783/4354 4469/4784/4355
f 4468/4785/4356 4544/4770/4341 4469/4784/4355 4409/4786/4357
f 4467/4787/4358 4541/4766/4337 4544/4770/4341 4468/4785/4356
f 4466/4774/4345 4538/4763/4334 4541/4766/4337 4467/4787/4358
f 4547/4788/4359 4548/4789/4360 4551/4790/4361 4550/4791/4362
f 4548/4789/4360 4549/4792/4363 4552/4793/4364 4551/4790/4361
f 4550/4791/4362 4551/4790/4361 4554/4794/4365 4553/4795/4366
f 4551/4790/4361 4552/4793/4364 4555/4796/4367 4554/4794/4365
f 4409/4786/4357 4469/4784/4355 4547/4788/4359 4472/4797/4368
f 4469/4784/4355 4470/4783/4354 4548/4789/4360 4547/4788/4359
f 4470/4783/4354 4471/4782/4353 4549/4792/4363 4548/4789/4360
f 4471/4782/4353 4405/4781/4352 4451/4798/4369 4549/4792/4363
f 4549/4792/4363 4451/4798/4369 4452/4799/4370 4552/4793/4364
f 4552/4793/4364 4452/4799/4370 4453/4800/4371 4555/4796/4367
f 4555/4796/4367 4453/4800/4371 4404/4801/4372 4477/4802/4373
f 4554/4794/4365 4555/4796/4367 4477/4802/4373 4476/4803/4374
f 4553/4795/4366 4554/4794/4365 4476/4803/4374 4475/4804/4375
f 4474/4805/4376 4553/4795/4366 4475/4804/4375 4412/4806/4377
f 4473/4807/4378 4550/4791/4362 4553/4795/4366 4474/4805/4376
f 4472/4797/4368 4547/4788/4359 4550/4791/4362 4473/4807/4378
f 4556/4808/4379 4557/4809/4380 4560/4810/4381 4559/4811/4382
f 4557/4809/4380 4558/4812/4383 4561/4813/4384 4560/4810/4381
f 4559/4811/4382 4560/4810/4381 4563/4814/4385 4562/4815/4386
f 4560/4810/4381 4561/4813/4384 4564/4816/4387 4563/4814/4385
f 4412/4806/4377 4475/4804/4375 4556/4808/4379 4478/4817/4388
f 4475/4804/4375 4476/4803/4374 4557/4809/4380 4556/4808/4379
f 4476/4803/4374 4477/4802/4373 4558/4812/4383 4557/4809/4380
f 4477/4802/4373 4404/4801/4372 4448/4818/4389 4558/4812/4383
f 4558/4812/4383 4448/4818/4389 4449/4819/4390 4561/4813/4384
f 4561/4813/4384 4449/4819/4390 4450/4820/4391 4564/4816/4387
f 4564/4816/4387 4450/4820/4391 4403/4821/4392 4483/4822/4393
f 4563/4814/4385 4564/4816/4387 4483/4822/4393 4482/4823/4394
f 4562/4815/4386 4563/4814/4385 4482/4823/4394 4481/4824/4395
f 4480/4825/4396 4562/4815/4386 4481/4824/4395 4415/4826/4397
f 4479/4827/4398 4559/4811/4382 4562/4815/4386 4480/4825/4396
f 4478/4817/4388 4556/4808/4379 4559/4811/4382 4479/4827/4398
f 4565/4828/4399 4566/4829/4400 4569/4830/4401 4568/4831/4402
f 4566/4829/4400 4567/4832/4403 4570/4833/4404 4569/4830/4401
f 4568/4831/4402 4569/4830/4401 4572/4834/4405 4571/4835/4406
f 4569/4830/4401 4570/4833/4404 4573/4836/4407 4572/4834/4405
f 4415/4826/4397 4481/4824/4395 4565/4828/4399 4484/4837/4408
f 4481/4824/4395 4482/4823/4394 4566/4829/4400 4565/4828/4399
f 4482/4823/4394 4483/4822/4393 4567/4832/4403 4566/4829/4400
f 4483/4822/4393 4403/4821/4392 4445/4838/4409 4567/4832/4403
f 4567/4832/4403 4445/4838/4409 4446/4839/4410 4570/4833/4404
f 4570/4833/4404 4446/4839/4410 4447/4840/4411 4573/4836/4407
f 4573/4836/4407 4447/4840/4411 4402/4841/4412 4442/4842/4413
f 4572/4834/4405 4573/4836/4407 4442/4842/4413 4443/4843/4414
f 4571/4835/4406 4572/4834/4405 4443/4843/4414 4444/4844/4415
f 4486/4845/4416 4571/4835/4406 4444/4844/4415 4401/4846/4417
f 4485/4847/4418 4568/4831/4402 4571/4835/4406 4486/4845/4416
f 4484/4837/4408 4565/4828/4399 4568/4831/4402 4485/4847/4418
f 4574/4848/4419 4575/4849/4420 4578/4850/4421 4577/4851/4422
f 4575/4849/4420 4576/4852/4423 4579/4853/4424 4578/4850/4421
f 4577/4851/4422 4578/4850/4421 4581/4854/4425 4580/4855/4426
f 4578/4850/4421 4579/4853/4424 4582/4856/4427 4581/4854/4425
f 4408/4857/4428 4460/4858/4429 4574/4848/4419 4487/4859/4430
f 4460/4858/4429 4461/4860/4431 4575/4849/4420 4574/4848/4419
f 4461/4860/4431 4462/4861/4432 4576/4852/4423 4575/4849/4420
f 4462/4861/4432 4407/4772/4343 4466/4774/4345 4576/4852/4423
f 4576/4852/4423 4466/4774/4345 4467/4787/4358 4579/4853/4424
f 4579/4853/4424 4467/4787/4358 4468/4785/4356 4582/4856/4427
f 4582/4856/4427 4468/4785/4356 4409/4786/4357 4492/4862/4433
f 4581/4854/4425 4582/4856/4427 4492/4862/4433 4491/4863/4434
f 4580/4855/4426 4581/4854/4425 4491/4863/4434 4490/4864/4435
f 4489/4865/4436 4580/4855/4426 4490/4864/4435 4410/4866/4437
f 4488/4867/4438 4577/4851/4422 4580/4855/4426 4489/4865/4436
f 4487/4859/4430 4574/4848/4419 4577/4851/4422 4488/4867/4438
f 4583/4868/4439 4584/4869/4440 4587/4870/4441 4586/4871/4442
f 4584/4869/4440 4585/4872/4443 4588/4873/4444 4587/4870/4441
f 4586/4871/4442 4587/4870/4441 4590/4874/4445 4589/4875/4446
f 4587/4870/4441 4588/4873/4444 4591/4876/4447 4590/4874/4445
f 4410/4866/4437 4490/4864/4435 4583/4868/4439 4493/4877/4448
f 4490/4864/4435 4491/4863/4434 4584/4869/4440 4583/4868/4439
f 4491/4863/4434 4492/4862/4433 4585/4872/4443 4584/4869/4440
f 4492/4862/4433 4409/4786/4357 4472/4797/4368 4585/4872/4443
f 4585/4872/4443 4472/4797/4368 4473/4807/4378 4588/4873/4444
f 4588/4873/4444 4473/4807/4378 4474/4805/4376 4591/4876/4447
f 4591/4876/4447 4474/4805/4376 4412/4806/4377 4498/4878/4449
f 4590/4874/4445 4591/4876/4447 4498/4878/4449 4497/4879/4450
f 4589/4875/4446 4590/4874/4445 4497/4879/4450 4496/4880/4451
f 4495/4881/4452 4589/4875/4446 4496/4880/4451 4413/4882/4453
f 4494/4883/4454 4586/4871/4442 4589/4875/4446 4495/4881/4452
f 4493/4877/4448 4583/4868/4439 4586/4871/4442 4494/4883/4454
f 4592/4884/4455 4593/4885/4456 4596/4886/4457 4595/4887/4458
f 4593/4885/4456 4594/4888/4459 4597/4889/4460 4596/4886/4457
f 4595/4887/4458 4596/4886/4457 4599/4890/4461 4598/4891/4462
f 4596/4886/4457 4597/4889/4460 4600/4892/4463 4599/4890/4461
f 4413/4882/4453 4496/4880/4451 4592/4884/4455 4499/4893/4464
f 4496/4880/4451 4497/4879/4450 4593/4885/4456 4592/4884/4455
f 4497/4879/4450 4498/4878/4449 4594/4888/4459 4593/4885/4456
f 4498/4878/4449 4412/4806/4377 4478/4817/4388 4594/4888/4459
f 4594/4888/4459 4478/4817/4388 4479/4827/4398 4597/4889/4460
f 4597/4889/4460 4479/4827/4398 4480/4825/4396 4600/4892/4463
f 4600/4892/4463 4480/4825/4396 4415/4826/4397 4504/4894/4465
f 4599/4890/4461 4600/4892/4463 4504/4894/4465 4503/4895/4466
f 4598/4891/4462 4599/4890/4461 4503/4895/4466 4502/4896/4467
f 4501/4897/4468 4598/4891/4462 4502/4896/4467 4416/4898/4469
f 4500/4899/4470 4595/4887/4458 4598/4891/4462 4501/4897/4468
f 4499/4893/4464 4592/4884/4455 4595/4887/4458 4500/4899/4470
f 4601/4900/4471 4602/4901/4472 4605/4902/4473 4604/4903/4474
f 4602/4901/4472 4603/4904/4475 4606/4905/4476 4605/4902/4473
f 4604/4903/4474 4605/4902/4473 4608/4906/4477 4607/4907/4478
f 4605/4902/4473 4606/4905/4476 4609/4908/4479 4608/4906/4477
f 4416/4898/4469 4502/4896/4467 4601/4900/4471 4505/4909/4480
f 4502/4896/4467 4503/4895/4466 4602/4901/4472 4601/4900/4471
f 4503/4895/4466 4504/4894/4465 4603/4904/4475 4602/4901/4472
f 4504/4894/4465 4415/4826/4397 4484/4837/4408 4603/4904/4475
f 4603/4904/4475 4484/4837/4408 4485/4847/4418 4606/4905/4476
f 4606/4905/4476 4485/4847/4418 4486/4845/4416 4609/4908/4479
f 4609/4908/4479 4486/4845/4416 4401/4846/4417 4439/4910/4481
f 4608/4906/4477 4609/4908/4479 4439/4910/4481 4440/4911/4482
f 4607/4907/4478 4608/4906/4477 4440/4911/4482 4441/4912/4483
f 4507/4913/4484 4607/4907/4478 4441/4912/4483 4400/4914/4485
f 4506/4915/4486 4604/4903/4474 4607/4907/4478 4507/4913/4484
f 4505/4909/4480 4601/4900/4471 4604/4903/4474 4506/4915/4486
f 4610/4916/4487 4611/4917/4488 4614/4918/4489 4613/4919/4490
f 4611/4917/4488 4612/4920/4491 4615/4921/4492 4614/4918/4489
f 4613/4919/4490 4614/4918/4489 4617/4922/4493 4616/4923/4494
f 4614/4918/4489 4615/4921/4492 4618/4924/4495 4617/4922/4493
f 4393/4925/4496 4463/4926/4497 4610/4916/4487 4508/4927/4498
f 4463/4926/4497 4464/4928/4499 4611/4917/4488 4610/4916/4487
f 4464/4928/4499 4465/4929/4500 4612/4920/4491 4611/4917/4488
f 4465/4929/4500 4408/4857/4428 4487/4859/4430 4612/4920/4491
f 4612/4920/4491 4487/4859/4430 4488/4867/4438 4615/4921/4492
f 4615/4921/4492 4488/4867/4438 4489/4865/4436 4618/4924/4495
f 4618/4924/4495 4489/4865/4436 4410/4866/4437 4513/4930/4501
f 4617/4922/4493 4618/4924/4495 4513/4930/4501 4512/4931/4502
f 4616/4923/4494 4617/4922/4493 4512/4931/4502 4511/4932/4503
f 4510/4933/4504 4616/4923/4494 4511/4932/4503 4411/4934/4505
f 4509/4935/4506 4613/4919/4490 4616/4923/4494 4510/4933/4504
f 4508/4927/4498 4610/4916/4487 4613/4919/4490 4509/4935/4506
f 4619/4936/4507 4620/4937/4508 4623/4938/4509 4622/4939/4510
f 4620/4937/4508 4621/4940/4511 4624/4941/4512 4623/4938/4509
f 4622/4939/4510 4623/4938/4509 4626/4942/4513 4625/4943/4514
f 4623/4938/4509 4624/4941/4512 4627/4944/4515 4626/4942/4513
f 4411/4934/4505 4511/4932/4503 4619/4936/4507 4514/4945/4516
f 4511/4932/4503 4512/4931/4502 4620/4937/4508 4619/4936/4507
f 4512/4931/4502 4513/4930/4501 4621/4940/4511 4620/4937/4508
f 4513/4930/4501 4410/4866/4437 4493/4877/4448 4621/4940/4511
f 4621/4940/4511 4493/4877/4448 4494/4883/4454 4624/4941/4512
f 4624/4941/4512 4494/4883/4454 4495/4881/4452 4627/4944/4515
f 4627/4944/4515 4495/4881/4452 4413/4882/4453 4519/4946/4517
f 4626/4942/4513 4627/4944/4515 4519/4946/4517 4518/4947/4518
f 4625/4943/4514 4626/4942/4513 4518/4947/4518 4517/4948/4519
f 4516/4949/4520 4625/4943/4514 4517/4948/4519 4414/4950/4521
f 4515/4951/4522 4622/4939/4510 4625/4943/4514 4516/4949/4520
f 4514/4945/4516 4619/4936/4507 4622/4939/4510 4515/4951/4522
f 4628/4952/4523 4629/4953/4524 4632/4954/4525 4631/4955/4526
f 4629/4953/4524 4630/4956/4527 4633/4957/4528 4632/4954/4525
f 4631/4955/4526 4632/4954/4525 4635/4958/4529 4634/4959/4530
f 4632/4954/4525 4633/4957/4528 4636/4960/4531 4635/4958/4529
f 4414/4950/4521 4517/4948/4519 4628/4952/4523 4520/4961/4532
f 4517/4948/4519 4518/4947/4518 4629/4953/4524 4628/4952/4523
f 4518/4947/4518 4519/4946/4517 4630/4956/4527 4629/4953/4524
f 4519/4946/4517 4413/4882/4453 4499/4893/4464 4630/4956/4527
f 4630/4956/4527 4499/4893/4464 4500/4899/4470 4633/4957/4528
f 4633/4957/4528 4500/4899/4470 4501/4897/4468 4636/4960/4531
f 4636/4960/4531 4501/4897/4468 4416/4898/4469 4525/4962/4533
f 4635/4958/4529 4636/4960/4531 4525/4962/4533 4524/4963/4534
f 4634/4959/4530 4635/4958/4529 4524/4963/4534 4523/4964/4535
f 4522/4965/4536 4634/4959/4530 4523/4964/4535 4417/4966/4537
f 4521/4967/4538 4631/4955/4526 4634/4959/4530 4522/4965/4536
f 4520/4961/4532 4628/4952/4523 4631/4955/4526 4521/4967/4538
f 4637/4968/4539 4638/4969/4540 4641/4970/4541 4640/4971/4542
f 4638/4969/4540 4639/4972/4543 4642/4973/4544 4641/4970/4541
f 4640/4971/4542 4641/4970/4541 4644/4974/4545 4643/4975/4546
f 4641/4970/4541 4642/4973/4544 4645/4976/4547 4644/4974/4545
f 4417/4966/4537 4523/4964/4535 4637/4968/4539 4526/4977/4548
f 4523/4964/4535 4524/4963/4534 4638/4969/4540 4637/4968/4539
f 4524/4963/4534 4525/4962/4533 4639/4972/4543 4638/4969/4540
f 4525/4962/4533 4416/4898/4469 4505/4909/4480 4639/4972/4543
f 4639/4972/4543 4505/4909/4480 4506/4915/4486 4642/4973/4544
f 4642/4973/4544 4506/4915/4486 4507/4913/4484 4645/4976/4547
f 4645/4976/4547 4507/4913/4484 4400/4914/4485 4436/4978/4549
f 4644/4974/4545 4645/4976/4547 4436/4978/4549 4437/4979/4550
f 4643/4975/4546 4644/4974/4545 4437/4979/4550 4438/4980/4551
f 4528/4981/4552 4643/4975/4546 4438/4980/4551 4399/4982/4553
f 4527/4983/4554 4640/4971/4542 4643/4975/4546 4528/4981/4552
f 4526/4977/4548 4637/4968/4539 4640/4971/4542 4527/4983/4554
f 4646/4984/4555 4647/4985/4556 4650/4986/4557 4649/4987/4558
f 4647/4985/4556 4648/4988/4559 4651/4989/4560 4650/4986/4557
f 4649/4987/4558 4650/4986/4557 4653/4990/4561 4652/4991/4562
f 4650/4986/4557 4651/4989/4560 4654/4992/4563 4653/4990/4561
f 4394/4993/4564 4418/4994/4565 4646/4984/4555 4423/4995/4566
f 4418/4994/4565 4419/4996/4567 4647/4985/4556 4646/4984/4555
f 4419/4996/4567 4420/4997/4568 4648/4988/4559 4647/4985/4556
f 4420/4997/4568 4393/4925/4496 4508/4927/4498 4648/4988/4559
f 4648/4988/4559 4508/4927/4498 4509/4935/4506 4651/4989/4560
f 4651/4989/4560 4509/4935/4506 4510/4933/4504 4654/4992/4563
f 4654/4992/4563 4510/4933/4504 4411/4934/4505 4531/4998/4569
f 4653/4990/4561 4654/4992/4563 4531/4998/4569 4530/4999/4570
f 4652/4991/4562 4653/4990/4561 4530/4999/4570 4529/5000/4571
f 4421/5001/4572 4652/4991/4562 4529/5000/4571 4395/5002/4573
f 4422/5003/4574 4649/4987/4558 4652/4991/4562 4421/5001/4572
f 4423/4995/4566 4646/4984/4555 4649/4987/4558 4422/5003/4574
f 4655/5004/4575 4656/5005/4576 4659/5006/4577 4658/5007/4578
f 4656/5005/4576 4657/5008/4579 4660/5009/4580 4659/5006/4577
f 4658/5007/4578 4659/5006/4577 4662/5010/4581 4661/5011/4582
f 4659/5006/4577 4660/5009/4580 4663/5012/4583 4662/5010/4581
f 4395/5002/4573 4529/5000/4571 4655/5004/4575 4426/5013/4584
f 4529/5000/4571 4530/4999/4570 4656/5005/4576 4655/5004/4575
f 4530/4999/4570 4531/4998/4569 4657/5008/4579 4656/5005/4576
f 4531/4998/4569 4411/4934/4505 4514/4945/4516 4657/5008/4579
f 4657/5008/4579 4514/4945/4516 4515/4951/4522 4660/5009/4580
f 4660/5009/4580 4515/4951/4522 4516/4949/4520 4663/5012/4583
f 4663/5012/4583 4516/4949/4520 4414/4950/4521 4534/5014/4585
f 4662/5010/4581 4663/5012/4583 4534/5014/4585 4533/5015/4586
f 4661/5011/4582 4662/5010/4581 4533/5015/4586 4532/5016/4587
f 4424/5017/4588 4661/5011/4582 4532/5016/4587 4396/5018/4589
f 4425/5019/4590 4658/5007/4578 4661/5011/4582 4424/5017/4588
f 4426/5013/4584 4655/5004/4575 4658/5007/4578 4425/5019/4590
f 4664/5020/4591 4665/5021/4592 4668/5022/4593 4667/5023/4594
f 4665/5021/4592 4666/5024/4595 4669/5025/4596 4668/5022/4593
f 4667/5023/4594 4668/5022/4593 4671/5026/4597 4670/5027/4598
f 4668/5022/4593 4669/5025/4596 4672/5028/4599 4671/5026/4597
f 4396/5018/4589 4532/5016/4587 4664/5020/4591 4429/5029/4600
f 4532/5016/4587 4533/5015/4586 4665/5021/4592 4664/5020/4591
f 4533/5015/4586 4534/5014/4585 4666/5024/4595 4665/5021/4592
f 4534/5014/4585 4414/4950/4521 4520/4961/4532 4666/5024/4595
f 4666/5024/4595 4520/4961/4532 4521/4967/4538 4669/5025/4596
f 4669/5025/4596 4521/4967/4538 4522/4965/4536 4672/5028/4599
f 4672/5028/4599 4522/4965/4536 4417/4966/4537 4537/5030/4601
f 4671/5026/4597 4672/5028/4599 4537/5030/4601 4536/5031/4602
f 4670/5027/4598 4671/5026/4597 4536/5031/4602 4535/5032/4603
f 4427/5033/4604 4670/5027/4598 4535/5032/4603 4397/5034/4605
f 4428/5035/4606 4667/5023/4594 4670/5027/4598 4427/5033/4604
f 4429/5029/4600 4664/5020/4591 4667/5023/4594 4428/5035/4606
f 4673/5036/4607 4674/5037/4608 4677/5038/4609 4676/5039/4610
f 4674/5037/4608 4675/5040/4611 4678/5041/4612 4677/5038/4609
f 4676/5039/4610 4677/5038/4609 4680/5042/4613 4679/5043/4614
f 4677/5038/4609 4678/5041/4612 4681/5044/4615 4680/5042/4613
f 4397/5034/4605 4535/5032/4603 4673/5036/4607 4432/5045/4616
f 4535/5032/4603 4536/5031/4602 4674/5037/4608 4673/5036/4607
f 4536/5031/4602 4537/5030/4601 4675/5040/4611 4674/5037/4608
f 4537/5030/4601 4417/4966/4537 4526/4977/4548 4675/5040/4611
f 4675/5040/4611 4526/4977/4548 4527/4983/4554 4678/5041/4612
f 4678/5041/4612 4527/4983/4554 4528/4981/4552 4681/5044/4615
f 4681/5044/4615 4528/4981/4552 4399/4982/4553 4433/5046/4617
f 4680/5042/4613 4681/5044/4615 4433/5046/4617 4434/5047/4618
f 4679/5043/4614 4680/5042/4613 4434/5047/4618 4435/5048/4619
f 4430/5049/4620 4679/5043/4614 4435/5048/4619 4398/5050/4621
f 4431/5051/4622 4676/5039/4610 4679/5043/4614 4430/5049/4620
f 4432/5045/4616 4673/5036/4607 4676/5039/4610 4431/5051/4622
o Vaso.legna_Cylinder.000
v 0.000000 0.000000 -0.039647
v 0.002675 0.096091 -0.048664
v 0.015172 0.000000 -0.036629
v 0.020875 0.095640 -0.043651
v 0.028035 0.000000 -0.028035
v 0.035766 0.095169 -0.032048
v 0.036629 0.000000 -0.015172
v 0.045078 0.094750 -0.015624
v 0.039647 0.000000 0.000000
v 0.047396 0.094445 0.003123
v 0.036629 0.000000 0.015172
v 0.042366 0.094303 0.021338
v 0.028035 0.000000 0.028035
v 0.030753 0.094344 0.036247
v 0.015172 0.000000 0.036629
v 0.014327 0.094562 0.045582
v 0.000000 0.000000 0.039647
v -0.004413 0.094924 0.047921
v -0.015172 0.000000 0.036629
v -0.022614 0.095375 0.042907
v -0.028035 0.000000 0.028035
v -0.037504 0.095846 0.031305
v -0.036629 0.000000 0.015172
v -0.046817 0.096265 0.014881
v -0.039647 0.000000 0.000000
v -0.049135 0.096570 -0.003866
v -0.036629 0.000000 -0.015172
v -0.044105 0.096712 -0.022081
v -0.028035 0.000000 -0.028035
v -0.032492 0.096671 -0.036990
v -0.015172 0.000000 -0.036629
v -0.016066 0.096453 -0.046325
v 0.002414 0.080257 -0.050204
v 0.021270 0.079868 -0.045249
v 0.036788 0.079464 -0.033452
v 0.046608 0.079104 -0.016607
v 0.049233 0.078845 0.002721
v 0.044265 0.078725 0.021588
v 0.032459 0.078762 0.037124
v 0.015613 0.078952 0.046962
v -0.003709 0.079265 0.049605
v -0.022564 0.079654 0.044651
v -0.038083 0.080059 0.032853
v -0.047902 0.080418 0.016008
v -0.050528 0.080678 -0.003319
v -0.045559 0.080798 -0.022187
v -0.033753 0.080760 -0.037723
v -0.016907 0.080570 -0.047561
v 0.019506 0.016686 -0.046005
v 0.035580 0.016602 -0.034954
v 0.046202 0.016533 -0.018591
v 0.049755 0.016488 0.000592
v 0.045697 0.016475 0.019676
v 0.034647 0.016496 0.035754
v 0.018286 0.016547 0.046380
v -0.000894 0.016621 0.049934
v -0.019973 0.016705 0.045877
v -0.036048 0.016789 0.034826
v -0.046670 0.016858 0.018463
v -0.050223 0.016903 -0.000720
v -0.046165 0.016916 -0.019804
v -0.035114 0.016895 -0.035882
v -0.018754 0.016844 -0.046507
v 0.000426 0.016771 -0.050062
v 0.021474 0.095878 -0.044787
v 0.002794 0.096340 -0.049932
v 0.036756 0.095395 -0.032880
v 0.046314 0.094965 -0.016023
v 0.048693 0.094653 0.003217
v 0.043531 0.094506 0.021912
v 0.031613 0.094548 0.037214
v 0.014754 0.094772 0.046794
v -0.004480 0.095143 0.049195
v -0.023160 0.095605 0.044050
v -0.038442 0.096088 0.032142
v -0.048000 0.096519 0.015285
v -0.050379 0.096831 -0.003955
v -0.045217 0.096977 -0.022649
v -0.033299 0.096935 -0.037951
v -0.016439 0.096712 -0.047532
v -0.000016 0.000193 -0.049503
v 0.018926 0.000191 -0.045730
v 0.034982 0.000190 -0.034994
v 0.045708 0.000191 -0.018932
v 0.049472 0.000193 0.000013
v 0.045699 0.000196 0.018955
v 0.034964 0.000199 0.035012
v 0.018902 0.000203 0.045738
v -0.000041 0.000206 0.049500
v -0.018983 0.000208 0.045727
v -0.035040 0.000208 0.034992
v -0.045766 0.000208 0.018930
v -0.049529 0.000206 -0.000015
v -0.045756 0.000203 -0.018957
v -0.035022 0.000199 -0.035014
v -0.018960 0.000196 -0.045740
v 0.002651 0.084141 -0.048346
v 0.020732 0.083693 -0.043366
v 0.035524 0.083225 -0.031840
v 0.044776 0.082808 -0.015523
v 0.047079 0.082506 0.003100
v 0.042081 0.082365 0.021195
v 0.030545 0.082406 0.036006
v 0.014227 0.082622 0.045280
v -0.004390 0.082982 0.047603
v -0.022471 0.083430 0.042623
v -0.037263 0.083898 0.031097
v -0.046515 0.084314 0.014780
v -0.048817 0.084616 -0.003843
v -0.043820 0.084758 -0.021938
v -0.032284 0.084717 -0.036749
v -0.015966 0.084501 -0.046023
v 0.002651 0.030199 -0.048346
v 0.020732 0.029751 -0.043366
v 0.035524 0.029283 -0.031840
v 0.044776 0.028866 -0.015523
v 0.047079 0.028564 0.003100
v 0.042081 0.028422 0.021195
v 0.030545 0.028463 0.036006
v 0.014227 0.028680 0.045280
v -0.004390 0.029039 0.047603
v -0.022471 0.029487 0.042623
v -0.037263 0.029955 0.031097
v -0.046515 0.030372 0.014780
v -0.048817 0.030674 -0.003843
v -0.043820 0.030816 -0.021938
v -0.032284 0.030775 -0.036749
v -0.015966 0.030558 -0.046023
v 0.004835 0.000192 -0.049261
v 0.009640 0.000192 -0.048546
v 0.014352 0.000191 -0.047366
v 0.017017 0.095999 -0.046755
v 0.012387 0.096116 -0.048277
v 0.007631 0.096231 -0.049340
v 0.002684 0.089458 -0.050222
v 0.002803 0.094227 -0.050200
v 0.002823 0.096032 -0.050113
v 0.019258 0.007418 -0.046111
v 0.019122 0.002540 -0.046120
v 0.019033 0.000610 -0.046002
v 0.023315 0.000191 -0.043650
v 0.027481 0.000191 -0.041150
v 0.031383 0.000190 -0.038256
v 0.033393 0.095514 -0.036405
v 0.029700 0.095635 -0.039585
v 0.025715 0.095756 -0.042388
v 0.035413 0.007382 -0.035173
v 0.035303 0.002527 -0.035254
v 0.035182 0.000607 -0.035195
v 0.038242 0.000190 -0.031393
v 0.041134 0.000191 -0.027490
v 0.043631 0.000191 -0.023323
v 0.044557 0.095064 -0.020569
v 0.042363 0.095169 -0.024922
v 0.039755 0.095280 -0.029039
v 0.046152 0.007354 -0.018884
v 0.046094 0.002520 -0.019022
v 0.045967 0.000608 -0.019030
v 0.047342 0.000191 -0.014357
v 0.048520 0.000192 -0.009644
v 0.049233 0.000192 -0.004839
v 0.048810 0.094717 -0.001658
v 0.048448 0.094791 -0.006521
v 0.047614 0.094873 -0.011325
v 0.049842 0.007339 0.000275
v 0.049854 0.002519 0.000104
v 0.049745 0.000610 0.000032
v 0.049230 0.000194 0.004864
v 0.048515 0.000194 0.009669
v 0.047335 0.000195 0.014381
v 0.045503 0.094526 0.017450
v 0.047029 0.094557 0.012817
v 0.048097 0.094599 0.008057
v 0.045920 0.007339 0.019388
v 0.046008 0.002525 0.019212
v 0.045941 0.000616 0.019089
v 0.043619 0.000197 0.023345
v 0.041120 0.000198 0.027510
v 0.038226 0.000198 0.031412
v 0.035140 0.094520 0.033845
v 0.038322 0.094504 0.030147
v 0.041128 0.094499 0.026157
v 0.034984 0.007355 0.035544
v 0.035144 0.002535 0.035394
v 0.035135 0.000622 0.035239
v 0.031363 0.000200 0.038271
v 0.027460 0.000201 0.041163
v 0.023293 0.000202 0.043660
v 0.019300 0.094700 0.045031
v 0.023652 0.094639 0.042831
v 0.027770 0.094588 0.040218
v 0.018697 0.007383 0.046285
v 0.018914 0.002550 0.046186
v 0.018971 0.000629 0.046023
v 0.014328 0.000204 0.047371
v 0.009615 0.000204 0.048549
v 0.004810 0.000205 0.049262
v 0.000393 0.095039 0.049306
v 0.005254 0.094942 0.048939
v 0.010056 0.094853 0.048100
v -0.000459 0.007420 0.049975
v -0.000210 0.002566 0.049945
v -0.000090 0.000636 0.049801
v -0.004893 0.000206 0.049259
v -0.009698 0.000207 0.048543
v -0.014410 0.000207 0.047363
v -0.018702 0.095485 0.046018
v -0.014073 0.095367 0.047540
v -0.009317 0.095253 0.048603
v -0.019570 0.007460 0.046053
v -0.019317 0.002581 0.046098
v -0.019145 0.000641 0.045996
v -0.023373 0.000208 0.043647
v -0.027539 0.000208 0.041148
v -0.031440 0.000208 0.038254
v -0.035079 0.095970 0.035668
v -0.031386 0.095849 0.038847
v -0.027400 0.095727 0.041651
v -0.035725 0.007496 0.035114
v -0.035498 0.002593 0.035232
v -0.035295 0.000643 0.035188
v -0.038300 0.000208 0.031391
v -0.041191 0.000208 0.027487
v -0.043689 0.000208 0.023320
v -0.046243 0.096420 0.019832
v -0.044048 0.096315 0.024184
v -0.041440 0.096204 0.028301
v -0.046464 0.007524 0.018826
v -0.046290 0.002600 0.019000
v -0.046080 0.000643 0.019023
v -0.047400 0.000207 0.014355
v -0.048577 0.000207 0.009642
v -0.049290 0.000206 0.004837
v -0.050495 0.096767 0.000920
v -0.050134 0.096693 0.005783
v -0.049300 0.096610 0.010587
v -0.050154 0.007539 -0.000334
v -0.050049 0.002601 -0.000126
v -0.049858 0.000640 -0.000039
v -0.049288 0.000205 -0.004866
v -0.048573 0.000204 -0.009671
v -0.047392 0.000204 -0.014384
v -0.047189 0.096958 -0.018188
v -0.048715 0.096927 -0.013554
v -0.049782 0.096884 -0.008795
v -0.046232 0.007539 -0.019446
v -0.046204 0.002596 -0.019234
v -0.046054 0.000635 -0.019095
v -0.043677 0.000202 -0.023347
v -0.041177 0.000201 -0.027513
v -0.038284 0.000200 -0.031415
v -0.036826 0.096963 -0.034583
v -0.040008 0.096980 -0.030884
v -0.042814 0.096984 -0.026894
v -0.035296 0.007523 -0.035603
v -0.035339 0.002585 -0.035416
v -0.035248 0.000628 -0.035245
v -0.031421 0.000198 -0.038274
v -0.027518 0.000198 -0.041165
v -0.023351 0.000197 -0.043663
v -0.020986 0.096783 -0.045769
v -0.025338 0.096845 -0.043569
v -0.029456 0.096895 -0.040955
v -0.019009 0.007495 -0.046344
v -0.019110 0.002571 -0.046208
v -0.019084 0.000621 -0.046030
v -0.014386 0.000195 -0.047374
v -0.009673 0.000194 -0.048551
v -0.004868 0.000194 -0.049264
v -0.002078 0.096444 -0.050043
v -0.006939 0.096541 -0.049676
v -0.011742 0.096631 -0.048837
v 0.000876 0.031207 -0.050094
v 0.001424 0.048560 -0.050132
v 0.001970 0.065889 -0.050171
v 0.021573 0.095569 -0.044952
v 0.021595 0.093772 -0.045054
v 0.021505 0.089026 -0.045139
v 0.036915 0.095086 -0.033004
v 0.036981 0.093297 -0.033104
v 0.036942 0.088575 -0.033235
v 0.046511 0.094655 -0.016086
v 0.046618 0.092874 -0.016167
v 0.046646 0.088173 -0.016322
v 0.048903 0.094343 0.003225
v 0.049039 0.092567 0.003176
v 0.049137 0.087882 0.003024
v 0.043725 0.094197 0.021989
v 0.043876 0.092424 0.021982
v 0.044038 0.087746 0.021859
v 0.031766 0.094239 0.037350
v 0.031915 0.092465 0.037387
v 0.032125 0.087786 0.037315
v 0.014846 0.094462 0.046969
v 0.014977 0.092685 0.047046
v 0.015210 0.087996 0.047039
v -0.004458 0.094833 0.049383
v -0.004360 0.093050 0.049489
v -0.004130 0.088343 0.049551
v -0.023208 0.095296 0.044222
v -0.023152 0.093505 0.044343
v -0.022951 0.088776 0.044468
v -0.038549 0.095779 0.032273
v -0.038538 0.093980 0.032392
v -0.038388 0.089227 0.032564
v -0.048146 0.096210 0.015356
v -0.048175 0.094403 0.015456
v -0.048091 0.089629 0.015651
v -0.050538 0.096522 -0.003955
v -0.050596 0.094710 -0.003888
v -0.050583 0.089920 -0.003695
v -0.045360 0.096668 -0.022719
v -0.045433 0.094853 -0.022693
v -0.045484 0.090055 -0.022530
v -0.033401 0.096627 -0.038080
v -0.033472 0.094812 -0.038099
v -0.033571 0.090015 -0.037986
v -0.016481 0.096403 -0.047700
v -0.016534 0.094592 -0.047758
v -0.016656 0.089806 -0.047710
v -0.012197 0.080501 -0.048930
v -0.007375 0.080426 -0.049831
v -0.002489 0.080344 -0.050258
v -0.029924 0.080726 -0.040790
v -0.025812 0.080682 -0.043469
v -0.021460 0.080630 -0.045733
v -0.043193 0.080803 -0.026486
v -0.040418 0.080798 -0.030534
v -0.037262 0.080784 -0.034292
v -0.049986 0.080722 -0.008196
v -0.048969 0.080757 -0.012996
v -0.047489 0.080782 -0.017676
v -0.049267 0.080494 0.011297
v -0.050163 0.080563 0.006474
v -0.050586 0.080625 0.001586
v -0.041146 0.080155 0.029025
v -0.043819 0.080248 0.024913
v -0.046079 0.080336 0.020561
v -0.026859 0.079756 0.042288
v -0.030903 0.079858 0.039514
v -0.034656 0.079959 0.036360
v -0.008582 0.079358 0.049067
v -0.013380 0.079454 0.048054
v -0.018056 0.079553 0.046578
v 0.010903 0.079021 0.048331
v 0.006081 0.079096 0.049232
v 0.001195 0.079178 0.049659
v 0.028629 0.078796 0.040192
v 0.024518 0.078840 0.042870
v 0.020165 0.078892 0.045135
v 0.041899 0.078719 0.025888
v 0.039124 0.078724 0.029935
v 0.035967 0.078738 0.033693
v 0.048691 0.078800 0.007597
v 0.047675 0.078766 0.012398
v 0.046195 0.078740 0.017077
v 0.047972 0.079028 -0.011896
v 0.048869 0.078959 -0.007073
v 0.049291 0.078898 -0.002185
v 0.039851 0.079367 -0.029623
v 0.042525 0.079274 -0.025512
v 0.044785 0.079186 -0.021160
v 0.025565 0.079766 -0.042886
v 0.029608 0.079664 -0.040113
v 0.033362 0.079563 -0.036959
v 0.007288 0.080165 -0.049666
v 0.012086 0.080068 -0.048653
v 0.016762 0.079969 -0.047176
v 0.020875 0.065569 -0.045418
v 0.020391 0.048322 -0.045624
v 0.019904 0.031053 -0.045831
v 0.036519 0.065237 -0.033789
v 0.036186 0.048078 -0.034198
v 0.035852 0.030896 -0.034610
v 0.046520 0.064944 -0.017053
v 0.046405 0.047864 -0.017593
v 0.046290 0.030762 -0.018137
v 0.049354 0.064733 0.002242
v 0.049492 0.047713 0.001662
v 0.049631 0.030669 0.001080
v 0.044591 0.064638 0.021158
v 0.044977 0.047647 0.020637
v 0.045366 0.030633 0.020114
v 0.032956 0.064673 0.036816
v 0.033548 0.047678 0.036443
v 0.034143 0.030659 0.036068
v 0.016219 0.064832 0.046832
v 0.016944 0.047799 0.046673
v 0.017672 0.030742 0.046513
v -0.003070 0.065091 0.049680
v -0.002307 0.047994 0.049770
v -0.001540 0.030871 0.049859
v -0.021976 0.065411 0.044928
v -0.021273 0.048231 0.045262
v -0.020569 0.031025 0.045597
v -0.037620 0.065743 0.033299
v -0.037069 0.048475 0.033836
v -0.036516 0.031182 0.034376
v -0.047620 0.066037 0.016562
v -0.047288 0.048689 0.017231
v -0.046954 0.031316 0.017903
v -0.050455 0.066247 -0.002732
v -0.050375 0.048841 -0.002024
v -0.050295 0.031409 -0.001314
v -0.045692 0.066342 -0.021649
v -0.045860 0.048906 -0.020999
v -0.046030 0.031445 -0.020348
v -0.034056 0.066307 -0.037307
v -0.034431 0.048876 -0.036805
v -0.034807 0.031420 -0.036302
v -0.017320 0.066148 -0.047322
v -0.017827 0.048754 -0.047035
v -0.018336 0.031336 -0.046747
v -0.000023 0.000615 -0.049807
v 0.000015 0.002555 -0.049967
v 0.000147 0.007458 -0.050034
v -0.014113 0.016828 -0.048098
v -0.009338 0.016810 -0.049226
v -0.004476 0.016791 -0.049884
v -0.031435 0.016885 -0.039128
v -0.027456 0.016873 -0.041998
v -0.023215 0.016860 -0.044466
v -0.044007 0.016914 -0.024211
v -0.041429 0.016910 -0.028385
v -0.038455 0.016903 -0.032289
v -0.049915 0.016909 -0.005617
v -0.049130 0.016913 -0.010461
v -0.047877 0.016916 -0.015206
v -0.048260 0.016872 0.013822
v -0.049388 0.016884 0.009046
v -0.050045 0.016894 0.004183
v -0.039293 0.016808 0.031146
v -0.042162 0.016826 0.027166
v -0.044630 0.016843 0.022925
v -0.024379 0.016727 0.043720
v -0.028553 0.016748 0.041141
v -0.032456 0.016769 0.038167
v -0.005790 0.016641 0.049628
v -0.010633 0.016662 0.048842
v -0.015376 0.016684 0.047589
v 0.013645 0.016564 0.047970
v 0.008871 0.016582 0.049099
v 0.004009 0.016601 0.049756
v 0.030968 0.016506 0.039000
v 0.026988 0.016518 0.041870
v 0.022747 0.016532 0.044339
v 0.043540 0.016478 0.024083
v 0.040961 0.016482 0.028258
v 0.037988 0.016488 0.032161
v 0.049448 0.016482 0.005489
v 0.048662 0.016478 0.010333
v 0.047409 0.016476 0.015078
v 0.047792 0.016519 -0.013949
v 0.048920 0.016507 -0.009174
v 0.049577 0.016497 -0.004311
v 0.038825 0.016583 -0.031274
v 0.041694 0.016565 -0.027294
v 0.044162 0.016548 -0.023053
v 0.023911 0.016664 -0.043848
v 0.028085 0.016643 -0.041269
v 0.031988 0.016622 -0.038295
v 0.005322 0.016750 -0.049755
v 0.010165 0.016729 -0.048970
v 0.014908 0.016707 -0.047717
v 0.016532 0.095757 -0.045568
v 0.012022 0.095873 -0.047051
v 0.007388 0.095984 -0.048087
v 0.032489 0.095285 -0.035484
v 0.028890 0.095403 -0.038581
v 0.025007 0.095521 -0.041313
v 0.043366 0.094846 -0.020054
v 0.041228 0.094949 -0.024294
v 0.038687 0.095057 -0.028306
v 0.047509 0.094508 -0.001627
v 0.047157 0.094580 -0.006365
v 0.046345 0.094661 -0.011046
v 0.044287 0.094322 0.016991
v 0.045774 0.094352 0.012476
v 0.046815 0.094393 0.007839
v 0.034191 0.094316 0.032965
v 0.037291 0.094300 0.029362
v 0.040025 0.094296 0.025474
v 0.018756 0.094492 0.043864
v 0.022997 0.094432 0.041721
v 0.027010 0.094383 0.039174
v 0.000334 0.094823 0.048029
v 0.005070 0.094728 0.047671
v 0.009750 0.094641 0.046854
v -0.018271 0.095258 0.044825
v -0.013761 0.095143 0.046308
v -0.009127 0.095031 0.047344
v -0.034227 0.095730 0.034741
v -0.030629 0.095612 0.037838
v -0.026746 0.095494 0.040570
v -0.045105 0.096169 0.019310
v -0.042967 0.096066 0.023551
v -0.040426 0.095958 0.027563
v -0.049248 0.096507 0.000884
v -0.048896 0.096435 0.005622
v -0.048084 0.096354 0.010303
v -0.046026 0.096693 -0.017734
v -0.047513 0.096663 -0.013219
v -0.048554 0.096622 -0.008582
v -0.035929 0.096699 -0.033708
v -0.039029 0.096715 -0.030105
v -0.041764 0.096719 -0.026217
v -0.020495 0.096523 -0.044607
v -0.024736 0.096583 -0.042464
v -0.028749 0.096632 -0.039917
v -0.002073 0.096192 -0.048772
v -0.006809 0.096287 -0.048415
v -0.011489 0.096374 -0.047597
v 0.002758 0.096373 -0.049646
v 0.002725 0.096356 -0.049299
v 0.002696 0.096269 -0.048952
v 0.021005 0.095816 -0.043909
v 0.021165 0.095900 -0.044220
v 0.021329 0.095913 -0.044531
v 0.035984 0.095342 -0.032237
v 0.036251 0.095422 -0.032465
v 0.036522 0.095433 -0.032692
v 0.045353 0.094920 -0.015715
v 0.045686 0.094997 -0.015824
v 0.046025 0.095005 -0.015933
v 0.047684 0.094614 0.003144
v 0.048035 0.094689 0.003169
v 0.048390 0.094694 0.003195
v 0.042624 0.094471 0.021467
v 0.042938 0.094545 0.021624
v 0.043257 0.094549 0.021781
v 0.030942 0.094512 0.036466
v 0.031173 0.094587 0.036729
v 0.031409 0.094591 0.036994
v 0.014418 0.094731 0.045856
v 0.014530 0.094807 0.046187
v 0.014648 0.094813 0.046519
v -0.004434 0.095096 0.048209
v -0.004457 0.095174 0.048557
v -0.004474 0.095182 0.048905
v -0.022743 0.095549 0.043166
v -0.022897 0.095631 0.043477
v -0.023046 0.095642 0.043790
v -0.037722 0.096023 0.031494
v -0.037983 0.096108 0.031723
v -0.038239 0.096123 0.031952
v -0.047091 0.096445 0.014972
v -0.047419 0.096533 0.015082
v -0.047742 0.096551 0.015193
v -0.049422 0.096751 -0.003887
v -0.049767 0.096841 -0.003912
v -0.050107 0.096861 -0.003936
v -0.044362 0.096894 -0.022210
v -0.044671 0.096985 -0.022366
v -0.044974 0.097006 -0.022521
v -0.032681 0.096853 -0.037209
v -0.032905 0.096944 -0.037472
v -0.033125 0.096965 -0.037735
v -0.016156 0.096634 -0.046599
v -0.016262 0.096723 -0.046930
v -0.016364 0.096742 -0.047259
v 0.002728 0.000000 -0.036821
v 0.006831 0.000000 -0.034343
v 0.011570 0.000000 -0.035062
v 0.016612 0.000000 -0.032974
v 0.019454 0.000000 -0.029115
v 0.024107 0.000000 -0.027966
v 0.027966 0.000000 -0.024107
v 0.029115 0.000000 -0.019454
v 0.032974 0.000000 -0.016612
v 0.035062 0.000000 -0.011570
v 0.034343 0.000000 -0.006831
v 0.036821 0.000000 -0.002728
v 0.036821 0.000000 0.002728
v 0.034343 0.000000 0.006831
v 0.035062 0.000000 0.011570
v 0.032974 0.000000 0.016612
v 0.029115 0.000000 0.019454
v 0.027966 0.000000 0.024107
v 0.024107 0.000000 0.027966
v 0.019454 0.000000 0.029115
v 0.016612 0.000000 0.032974
v 0.011570 0.000000 0.035062
v 0.006831 0.000000 0.034343
v 0.002728 0.000000 0.036821
v -0.002728 0.000000 0.036821
v -0.006831 0.000000 0.034343
v -0.011570 0.000000 0.035062
v -0.016612 0.000000 0.032974
v -0.019454 0.000000 0.029115
v -0.024107 0.000000 0.027966
v -0.027966 0.000000 0.024107
v -0.029115 0.000000 0.019454
v -0.032974 0.000000 0.016612
v -0.035062 0.000000 0.011570
v -0.034343 0.000000 0.006831
v -0.036821 0.000000 0.002728
v -0.036821 0.000000 -0.002728
v -0.034343 0.000000 -0.006831
v -0.035062 0.000000 -0.011570
v -0.032974 0.000000 -0.016612
v -0.029115 0.000000 -0.019454
v -0.027966 0.000000 -0.024107
v -0.024107 0.000000 -0.027966
v -0.019454 0.000000 -0.029115
v -0.016611 0.000000 -0.032974
v -0.011570 0.000000 -0.035062
v -0.006831 0.000000 -0.034343
v -0.002728 0.000000 -0.036821
v 0.018695 0.000081 -0.045150
v 0.018066 0.000024 -0.043621
v 0.016791 0.000003 -0.040537
v -0.000000 0.000003 -0.043877
v -0.000002 0.000024 -0.047216
v -0.000007 0.000081 -0.048872
v 0.034549 0.000080 -0.034554
v 0.033384 0.000024 -0.033385
v 0.031025 0.000003 -0.031026
v 0.045141 0.000081 -0.018697
v 0.043618 0.000024 -0.018067
v 0.040537 0.000003 -0.016791
v 0.048859 0.000081 0.000005
v 0.047212 0.000024 0.000002
v 0.043877 0.000003 0.000000
v 0.045137 0.000083 0.018707
v 0.043617 0.000024 0.018070
v 0.040536 0.000003 0.016791
v 0.034541 0.000084 0.034561
v 0.033382 0.000025 0.033387
v 0.031025 0.000003 0.031026
v 0.018685 0.000086 0.045153
v 0.018063 0.000025 0.043622
v 0.016790 0.000003 0.040537
v -0.000017 0.000087 0.048871
v -0.000005 0.000026 0.047215
v -0.000001 0.000003 0.043877
v -0.018719 0.000088 0.045149
v -0.018074 0.000026 0.043621
v -0.016792 0.000003 0.040537
v -0.034573 0.000088 0.034553
v -0.033391 0.000026 0.033385
v -0.031026 0.000003 0.031026
v -0.045165 0.000088 0.018696
v -0.043626 0.000026 0.018067
v -0.040538 0.000003 0.016791
v -0.048883 0.000087 -0.000006
v -0.047219 0.000026 -0.000002
v -0.043877 0.000003 -0.000000
v -0.045161 0.000086 -0.018708
v -0.043624 0.000025 -0.018070
v -0.040537 0.000003 -0.016791
v -0.034565 0.000084 -0.034562
v -0.033389 0.000025 -0.033388
v -0.031026 0.000003 -0.031026
v -0.018709 0.000083 -0.045154
v -0.018071 0.000024 -0.043622
v -0.016791 0.000003 -0.040537
v 0.016418 0.083810 -0.045271
v 0.011937 0.083924 -0.046744
v 0.007333 0.084035 -0.047773
v 0.032269 0.083340 -0.035253
v 0.028694 0.083457 -0.038330
v 0.024837 0.083575 -0.041044
v 0.043075 0.082904 -0.019924
v 0.040951 0.083006 -0.024137
v 0.038427 0.083114 -0.028122
v 0.047191 0.082568 -0.001619
v 0.046841 0.082640 -0.006326
v 0.046034 0.082720 -0.010976
v 0.043990 0.082384 0.016876
v 0.045467 0.082414 0.012392
v 0.046501 0.082455 0.007785
v 0.033960 0.082378 0.032746
v 0.037039 0.082362 0.029166
v 0.039756 0.082358 0.025304
v 0.018627 0.082553 0.043573
v 0.022840 0.082493 0.041444
v 0.026826 0.082444 0.038914
v 0.000326 0.082881 0.047710
v 0.005031 0.082787 0.047355
v 0.009680 0.082701 0.046543
v -0.018157 0.083313 0.044528
v -0.013676 0.083199 0.046001
v -0.009072 0.083088 0.047030
v -0.034008 0.083783 0.034509
v -0.030433 0.083666 0.037587
v -0.026576 0.083548 0.040300
v -0.044814 0.084219 0.019181
v -0.042690 0.084117 0.023394
v -0.040166 0.084009 0.027379
v -0.048930 0.084555 0.000876
v -0.048580 0.084483 0.005583
v -0.047773 0.084403 0.010233
v -0.045729 0.084739 -0.017619
v -0.047206 0.084709 -0.013135
v -0.048240 0.084668 -0.008528
v -0.035699 0.084745 -0.033489
v -0.038778 0.084761 -0.029909
v -0.041495 0.084765 -0.026047
v -0.020366 0.084570 -0.044316
v -0.024579 0.084629 -0.042187
v -0.028565 0.084679 -0.039657
v -0.002065 0.084242 -0.048454
v -0.006770 0.084336 -0.048098
v -0.011419 0.084422 -0.047286
v 0.002652 0.090619 -0.048351
v 0.002654 0.094137 -0.048386
v 0.002661 0.095645 -0.048480
v -0.016008 0.096006 -0.046150
v -0.015978 0.094497 -0.046060
v -0.015967 0.090979 -0.046027
v -0.022473 0.089908 0.042627
v -0.022489 0.093425 0.042658
v -0.022531 0.094932 0.042743
v -0.004400 0.094483 0.047737
v -0.004393 0.092977 0.047643
v -0.004391 0.089460 0.047608
v 0.035528 0.089703 -0.031843
v 0.035555 0.093221 -0.031866
v 0.035626 0.094727 -0.031928
v 0.020793 0.095196 -0.043486
v 0.020750 0.093689 -0.043401
v 0.020734 0.090171 -0.043370
v -0.037267 0.090376 0.031100
v -0.037293 0.093894 0.031123
v -0.037365 0.095401 0.031185
v 0.044781 0.089286 -0.015525
v 0.044814 0.092804 -0.015536
v 0.044904 0.094309 -0.015566
v -0.046520 0.090792 0.014782
v -0.046553 0.094311 0.014793
v -0.046642 0.095819 0.014823
v 0.047083 0.088984 0.003100
v 0.047118 0.092501 0.003103
v 0.047213 0.094006 0.003110
v -0.048822 0.091095 -0.003843
v -0.048857 0.094613 -0.003846
v -0.048951 0.096122 -0.003853
v 0.042086 0.088843 0.021197
v 0.042117 0.092360 0.021212
v 0.042201 0.093864 0.021255
v -0.043825 0.091236 -0.021940
v -0.043856 0.094755 -0.021956
v -0.043940 0.096264 -0.021998
v 0.030549 0.088883 0.036010
v 0.030571 0.092400 0.036036
v 0.030633 0.093905 0.036108
v -0.032287 0.091195 -0.036753
v -0.032310 0.094714 -0.036779
v -0.032372 0.096223 -0.036851
v 0.014228 0.089100 0.045284
v 0.014239 0.092617 0.045317
v 0.014269 0.094122 0.045407
v 0.016418 0.029867 -0.045271
v 0.011937 0.029982 -0.046744
v 0.007333 0.030092 -0.047773
v 0.032269 0.029398 -0.035253
v 0.028694 0.029515 -0.038330
v 0.024837 0.029633 -0.041044
v 0.043075 0.028962 -0.019924
v 0.040951 0.029064 -0.024137
v 0.038427 0.029171 -0.028122
v 0.047191 0.028626 -0.001619
v 0.046841 0.028697 -0.006326
v 0.046034 0.028778 -0.010976
v 0.043990 0.028441 0.016876
v 0.045467 0.028471 0.012392
v 0.046501 0.028512 0.007785
v 0.033960 0.028436 0.032746
v 0.037039 0.028420 0.029166
v 0.039756 0.028415 0.025304
v 0.018627 0.028611 0.043573
v 0.022840 0.028551 0.041444
v 0.026826 0.028502 0.038914
v 0.000326 0.028939 0.047710
v 0.005031 0.028845 0.047355
v 0.009680 0.028758 0.046543
v -0.018157 0.029371 0.044528
v -0.013676 0.029256 0.046001
v -0.009072 0.029146 0.047030
v -0.034008 0.029840 0.034509
v -0.030433 0.029723 0.037587
v -0.026576 0.029605 0.040300
v -0.044814 0.030276 0.019181
v -0.042690 0.030174 0.023394
v -0.040166 0.030067 0.027379
v -0.048930 0.030612 0.000876
v -0.048580 0.030541 0.005583
v -0.047773 0.030460 0.010233
v -0.045729 0.030797 -0.017619
v -0.047206 0.030767 -0.013135
v -0.048240 0.030726 -0.008528
v -0.035699 0.030802 -0.033489
v -0.038778 0.030818 -0.029909
v -0.041495 0.030823 -0.026047
v -0.020366 0.030628 -0.044316
v -0.024579 0.030687 -0.042187
v -0.028565 0.030736 -0.039657
v -0.002065 0.030299 -0.048454
v -0.006770 0.030393 -0.048098
v -0.011419 0.030480 -0.047286
v 0.047079 0.044492 0.003100
v 0.047079 0.059444 0.003100
v 0.047079 0.072441 0.003100
v 0.044776 0.072743 -0.015523
v 0.044776 0.059746 -0.015523
v 0.044776 0.044795 -0.015523
v -0.048817 0.046603 -0.003843
v -0.048817 0.061554 -0.003843
v -0.048817 0.074551 -0.003843
v -0.046515 0.074249 0.014780
v -0.046515 0.061252 0.014780
v -0.046515 0.046300 0.014780
v 0.042081 0.044351 0.021195
v 0.042081 0.059302 0.021195
v 0.042081 0.072299 0.021195
v -0.043820 0.046744 -0.021938
v -0.043820 0.061695 -0.021938
v -0.043820 0.074692 -0.021938
v 0.030545 0.044392 0.036006
v 0.030545 0.059343 0.036006
v 0.030545 0.072340 0.036006
v -0.032284 0.046703 -0.036749
v -0.032284 0.061655 -0.036749
v -0.032284 0.074652 -0.036749
v 0.014227 0.044608 0.045280
v 0.014227 0.059560 0.045280
v 0.014227 0.072557 0.045280
v -0.015966 0.046487 -0.046023
v -0.015966 0.061438 -0.046023
v -0.015966 0.074435 -0.046023
v -0.004390 0.044968 0.047603
v -0.004390 0.059919 0.047603
v -0.004390 0.072916 0.047603
v 0.020732 0.045679 -0.043366
v 0.020732 0.060631 -0.043366
v 0.020732 0.073628 -0.043366
v 0.002651 0.074075 -0.048346
v 0.002651 0.061078 -0.048346
v 0.002651 0.046127 -0.048346
v -0.022471 0.045416 0.042623
v -0.022471 0.060367 0.042623
v -0.022471 0.073364 0.042623
v 0.035524 0.045211 -0.031840
v 0.035524 0.060163 -0.031840
v 0.035524 0.073160 -0.031840
v -0.037263 0.045884 0.031097
v -0.037263 0.060835 0.031097
v -0.037263 0.073832 0.031097
v 0.007554 0.089356 -0.049650
v 0.007668 0.094119 -0.049612
v 0.007678 0.095922 -0.049520
v 0.012345 0.089249 -0.048605
v 0.012453 0.094007 -0.048550
v 0.012452 0.095808 -0.048454
v 0.017010 0.089138 -0.047096
v 0.017110 0.093891 -0.047027
v 0.017099 0.095690 -0.046927
v 0.025784 0.088912 -0.042746
v 0.025863 0.093653 -0.042648
v 0.025830 0.095448 -0.042545
v 0.029808 0.088798 -0.039945
v 0.029875 0.093533 -0.039835
v 0.029831 0.095326 -0.039732
v 0.033540 0.088685 -0.036765
v 0.033593 0.093414 -0.036644
v 0.033538 0.095205 -0.036542
v 0.039979 0.088467 -0.029385
v 0.040002 0.093184 -0.029246
v 0.039925 0.094971 -0.029149
v 0.042624 0.088363 -0.025256
v 0.042630 0.093075 -0.025110
v 0.042543 0.094860 -0.025017
v 0.044854 0.088265 -0.020888
v 0.044844 0.092971 -0.020736
v 0.044747 0.094754 -0.020649
v 0.047977 0.088088 -0.011602
v 0.047932 0.092784 -0.011445
v 0.047817 0.094564 -0.011371
v 0.048841 0.088010 -0.006772
v 0.048777 0.092703 -0.006615
v 0.048655 0.094481 -0.006549
v 0.049229 0.087942 -0.001881
v 0.049148 0.092630 -0.001726
v 0.049019 0.094407 -0.001668
v 0.048562 0.087832 0.007897
v 0.048446 0.092515 0.008044
v 0.048305 0.094290 0.008083
v 0.047512 0.087793 0.012691
v 0.047380 0.092473 0.012832
v 0.047234 0.094247 0.012860
v 0.046000 0.087764 0.017361
v 0.045852 0.092443 0.017493
v 0.045703 0.094216 0.017511
v 0.041643 0.087740 0.026142
v 0.041467 0.092416 0.026254
v 0.041315 0.094189 0.026250
v 0.038839 0.087744 0.030171
v 0.038651 0.092421 0.030271
v 0.038498 0.094194 0.030256
v 0.035657 0.087760 0.033908
v 0.035457 0.092437 0.033995
v 0.035306 0.094210 0.033968
v 0.028274 0.087824 0.040357
v 0.028056 0.092504 0.040414
v 0.027910 0.094278 0.040366
v 0.024144 0.087871 0.043007
v 0.023919 0.092554 0.043048
v 0.023777 0.094329 0.042990
v 0.019776 0.087929 0.045243
v 0.019545 0.092614 0.045267
v 0.019409 0.094391 0.045199
v 0.010491 0.088072 0.048376
v 0.010255 0.092764 0.048366
v 0.010132 0.094543 0.048281
v 0.005663 0.088155 0.049245
v 0.005427 0.092852 0.049217
v 0.005311 0.094632 0.049124
v 0.000774 0.088246 0.049638
v 0.000539 0.092948 0.049593
v 0.000432 0.094729 0.049493
v -0.009000 0.088446 0.048980
v -0.009225 0.093158 0.048901
v -0.009313 0.094943 0.048789
v -0.013790 0.088553 0.047934
v -0.014010 0.093270 0.047839
v -0.014087 0.095057 0.047723
v -0.018456 0.088663 0.046426
v -0.018667 0.093386 0.046316
v -0.018734 0.095175 0.046197
v -0.027230 0.088890 0.042075
v -0.027420 0.093624 0.041937
v -0.027465 0.095418 0.041815
v -0.031254 0.089003 0.039275
v -0.031432 0.093744 0.039124
v -0.031466 0.095540 0.039002
v -0.034986 0.089116 0.036094
v -0.035150 0.093863 0.035933
v -0.035173 0.095661 0.035811
v -0.041425 0.089335 0.028714
v -0.041559 0.094093 0.028534
v -0.041560 0.095895 0.028419
v -0.044070 0.089438 0.024585
v -0.044187 0.094202 0.024398
v -0.044178 0.096005 0.024287
v -0.046300 0.089537 0.020217
v -0.046401 0.094306 0.020025
v -0.046381 0.096111 0.019919
v -0.049423 0.089714 0.010931
v -0.049489 0.094493 0.010734
v -0.049452 0.096301 0.010641
v -0.050286 0.089791 0.006102
v -0.050334 0.094574 0.005904
v -0.050289 0.096384 0.005819
v -0.050675 0.089860 0.001210
v -0.050706 0.094647 0.001015
v -0.050653 0.096458 0.000938
v -0.050007 0.089969 -0.008568
v -0.050003 0.094762 -0.008756
v -0.049940 0.096575 -0.008813
v -0.048957 0.090009 -0.013362
v -0.048937 0.094804 -0.013543
v -0.048869 0.096618 -0.013590
v -0.047445 0.090038 -0.018031
v -0.047409 0.094834 -0.018204
v -0.047338 0.096649 -0.018241
v -0.043089 0.090062 -0.026813
v -0.043024 0.094861 -0.026966
v -0.042949 0.096676 -0.026981
v -0.040285 0.090057 -0.030842
v -0.040208 0.094856 -0.030983
v -0.040133 0.096671 -0.030986
v -0.037103 0.090042 -0.034579
v -0.037014 0.094840 -0.034706
v -0.036941 0.096655 -0.034699
v -0.002068 0.095746 -0.048588
v -0.006787 0.095840 -0.048232
v -0.011448 0.095927 -0.047417
v -0.002066 0.094238 -0.048493
v -0.006775 0.094332 -0.048138
v -0.011428 0.094419 -0.047325
v -0.002065 0.090720 -0.048459
v -0.006771 0.090814 -0.048103
v -0.011420 0.090900 -0.047291
v -0.029720 0.089978 -0.041028
v -0.029613 0.094773 -0.041125
v -0.029545 0.096587 -0.041096
v -0.025590 0.089930 -0.043678
v -0.025476 0.094723 -0.043759
v -0.025412 0.096536 -0.043720
v -0.021221 0.089873 -0.045913
v -0.021102 0.094663 -0.045978
v -0.021044 0.096475 -0.045929
v -0.011937 0.089730 -0.049047
v -0.011812 0.094513 -0.049077
v -0.011767 0.096322 -0.049011
v -0.007109 0.089646 -0.049915
v -0.006984 0.094425 -0.049928
v -0.006946 0.096233 -0.049854
v -0.002219 0.089555 -0.050309
v -0.002097 0.094329 -0.050305
v -0.002067 0.096136 -0.050223
v 0.000000 0.000000 -0.000000
v 0.000000 0.000000 -0.028735
v 0.004553 0.000000 -0.022889
v 0.010997 0.000000 -0.026548
v 0.012966 0.000000 -0.019404
v 0.020319 0.000000 -0.020319
v 0.019404 0.000000 -0.012966
v 0.026548 0.000000 -0.010997
v 0.022889 0.000000 -0.004553
v 0.028735 0.000000 0.000000
v 0.022889 0.000000 0.004553
v 0.026548 0.000000 0.010997
v 0.019404 0.000000 0.012966
v 0.020319 0.000000 0.020319
v 0.012966 0.000000 0.019404
v 0.010997 0.000000 0.026548
v 0.004553 0.000000 0.022889
v 0.000000 0.000000 0.028735
v -0.004553 0.000000 0.022889
v -0.010997 0.000000 0.026548
v -0.012966 0.000000 0.019404
v -0.020319 0.000000 0.020319
v -0.019404 0.000000 0.012966
v -0.026548 0.000000 0.010997
v -0.022889 0.000000 0.004553
v -0.028735 0.000000 -0.000000
v -0.022889 0.000000 -0.004553
v -0.026548 0.000000 -0.010997
v -0.019404 0.000000 -0.012966
v -0.020319 0.000000 -0.020319
v -0.012966 0.000000 -0.019404
v -0.010996 0.000000 -0.026548
v -0.004553 0.000000 -0.022889
v 0.005767 0.031170 -0.049734
v 0.006309 0.048503 -0.049709
v 0.006848 0.065813 -0.049685
v 0.010600 0.031132 -0.048897
v 0.011129 0.048444 -0.048809
v 0.011656 0.065734 -0.048723
v 0.015328 0.031093 -0.047592
v 0.015838 0.048384 -0.047444
v 0.016347 0.065652 -0.047297
v 0.025196 0.065485 -0.043102
v 0.029268 0.065401 -0.040372
v 0.033056 0.065318 -0.037259
v 0.024741 0.048261 -0.043363
v 0.028849 0.048199 -0.040687
v 0.032677 0.048138 -0.037623
v 0.024285 0.031013 -0.043627
v 0.028429 0.030973 -0.041004
v 0.032297 0.030934 -0.037989
v 0.039623 0.065158 -0.029994
v 0.042341 0.065083 -0.025913
v 0.044648 0.065011 -0.021585
v 0.039339 0.048020 -0.030444
v 0.042110 0.047965 -0.026398
v 0.044474 0.047913 -0.022101
v 0.039055 0.030860 -0.030896
v 0.041879 0.030825 -0.026886
v 0.044300 0.030792 -0.022619
v 0.047935 0.064882 -0.012358
v 0.048884 0.064826 -0.007545
v 0.049359 0.064776 -0.002663
v 0.047882 0.047819 -0.012917
v 0.048893 0.047779 -0.008118
v 0.049433 0.047743 -0.003242
v 0.047829 0.030734 -0.013479
v 0.048904 0.030709 -0.008693
v 0.049507 0.030688 -0.003824
v 0.048865 0.064698 0.007123
v 0.047901 0.064670 0.011933
v 0.046472 0.064650 0.016627
v 0.049067 0.047688 0.006549
v 0.048166 0.047669 0.011371
v 0.046799 0.047655 0.016083
v 0.049270 0.030655 0.005972
v 0.048432 0.030644 0.010806
v 0.047127 0.030636 0.015535
v 0.042272 0.064635 0.025482
v 0.039541 0.064639 0.029558
v 0.036426 0.064652 0.033349
v 0.042715 0.047646 0.024990
v 0.040038 0.047651 0.029101
v 0.036973 0.047661 0.032931
v 0.043161 0.030634 0.024496
v 0.040537 0.030638 0.028641
v 0.037522 0.030647 0.032512
v 0.029160 0.064702 0.039924
v 0.025078 0.064738 0.042645
v 0.020751 0.064781 0.044956
v 0.029794 0.047700 0.039599
v 0.025748 0.047728 0.042373
v 0.021451 0.047761 0.044739
v 0.030429 0.030674 0.039273
v 0.026420 0.030694 0.042099
v 0.022154 0.030716 0.044521
v 0.011525 0.064889 0.048251
v 0.006714 0.064951 0.049203
v 0.001833 0.065019 0.049682
v 0.012269 0.047842 0.048152
v 0.007470 0.047889 0.049166
v 0.002596 0.047940 0.049708
v 0.013015 0.030771 0.048053
v 0.008230 0.030802 0.049129
v 0.003362 0.030836 0.049734
v -0.007949 0.065167 0.049194
v -0.012757 0.065246 0.048233
v -0.017448 0.065328 0.046807
v -0.007191 0.048050 0.049347
v -0.012012 0.048109 0.048447
v -0.016721 0.048170 0.047082
v -0.006431 0.030908 0.049500
v -0.011264 0.030946 0.048663
v -0.015992 0.030986 0.047358
v -0.026296 0.065495 0.042611
v -0.030369 0.065579 0.039882
v -0.034156 0.065662 0.036768
v -0.025624 0.048293 0.043001
v -0.029732 0.048355 0.040325
v -0.033560 0.048416 0.037261
v -0.024949 0.031065 0.043393
v -0.029093 0.031105 0.040769
v -0.032962 0.031144 0.037755
v -0.040724 0.065822 0.029504
v -0.043441 0.065898 0.025422
v -0.045748 0.065969 0.021095
v -0.040222 0.048533 0.030082
v -0.042993 0.048588 0.026036
v -0.045357 0.048641 0.021739
v -0.039719 0.031218 0.030662
v -0.042544 0.031253 0.026652
v -0.044964 0.031286 0.022385
v -0.049035 0.066098 0.011867
v -0.049984 0.066154 0.007055
v -0.050460 0.066204 0.002173
v -0.048764 0.048734 0.012555
v -0.049776 0.048774 0.007756
v -0.050316 0.048810 0.002880
v -0.048493 0.031344 0.013245
v -0.049568 0.031369 0.008459
v -0.050171 0.031391 0.003590
v -0.049966 0.066282 -0.007613
v -0.049001 0.066310 -0.012424
v -0.047572 0.066330 -0.017118
v -0.049950 0.048866 -0.006911
v -0.049048 0.048885 -0.011733
v -0.047681 0.048898 -0.016445
v -0.049934 0.031424 -0.006206
v -0.049096 0.031435 -0.011040
v -0.047791 0.031442 -0.015769
v -0.043373 0.066346 -0.025972
v -0.040642 0.066341 -0.030049
v -0.037527 0.066328 -0.033839
v -0.043598 0.048907 -0.025352
v -0.040921 0.048903 -0.029463
v -0.037856 0.048892 -0.033293
v -0.043825 0.031445 -0.024730
v -0.041201 0.031440 -0.028876
v -0.038186 0.031432 -0.032746
v -0.030261 0.066279 -0.040414
v -0.026179 0.066242 -0.043136
v -0.021852 0.066199 -0.045447
v -0.030676 0.048853 -0.039961
v -0.026630 0.048825 -0.042735
v -0.022334 0.048792 -0.045101
v -0.031093 0.031404 -0.039507
v -0.027084 0.031384 -0.042333
v -0.022818 0.031362 -0.044755
v -0.012625 0.066092 -0.048741
v -0.007814 0.066029 -0.049693
v -0.002934 0.065961 -0.050172
v -0.013151 0.048711 -0.048514
v -0.008353 0.048664 -0.049528
v -0.003479 0.048614 -0.050070
v -0.013679 0.031307 -0.048287
v -0.008894 0.031276 -0.049364
v -0.004026 0.031243 -0.049968
v -0.014481 0.000620 -0.047671
v -0.014490 0.002567 -0.047847
v -0.014379 0.007486 -0.047967
v -0.009739 0.000618 -0.048854
v -0.009732 0.002563 -0.049026
v -0.009612 0.007477 -0.049129
v -0.004904 0.000616 -0.049569
v -0.004882 0.002559 -0.049736
v -0.004754 0.007468 -0.049821
v -0.031624 0.000627 -0.038523
v -0.031699 0.002582 -0.038698
v -0.031639 0.007517 -0.038875
v -0.027695 0.000625 -0.041431
v -0.027754 0.002578 -0.041609
v -0.027679 0.007510 -0.041773
v -0.023502 0.000623 -0.043942
v -0.023545 0.002575 -0.044121
v -0.023456 0.007503 -0.044272
v -0.043960 0.000633 -0.023511
v -0.044097 0.002594 -0.023660
v -0.044106 0.007536 -0.023869
v -0.041444 0.000632 -0.027700
v -0.041566 0.002591 -0.027858
v -0.041557 0.007533 -0.028062
v -0.038531 0.000630 -0.031625
v -0.038638 0.002588 -0.031790
v -0.038611 0.007528 -0.031986
v -0.049613 0.000639 -0.004920
v -0.049796 0.002601 -0.005021
v -0.049882 0.007540 -0.005233
v -0.048891 0.000638 -0.009754
v -0.049065 0.002599 -0.009869
v -0.049131 0.007541 -0.010083
v -0.047702 0.000636 -0.014494
v -0.047864 0.002598 -0.014622
v -0.047911 0.007540 -0.014836
v -0.047721 0.000642 0.014420
v -0.047929 0.002601 0.014381
v -0.048088 0.007529 0.014195
v -0.048904 0.000642 0.009678
v -0.049108 0.002602 0.009622
v -0.049250 0.007533 0.009427
v -0.049620 0.000641 0.004843
v -0.049818 0.002602 0.004771
v -0.049941 0.007537 0.004569
v -0.038573 0.000643 0.031564
v -0.038781 0.002596 0.031591
v -0.038996 0.007504 0.031457
v -0.041481 0.000643 0.027635
v -0.041691 0.002598 0.027646
v -0.041894 0.007511 0.027497
v -0.043992 0.000643 0.023442
v -0.044203 0.002599 0.023436
v -0.044392 0.007518 0.023273
v -0.023561 0.000641 0.043902
v -0.023743 0.002585 0.043991
v -0.023991 0.007469 0.043926
v -0.027751 0.000642 0.041385
v -0.027941 0.002588 0.041459
v -0.028184 0.007479 0.041376
v -0.031675 0.000643 0.038472
v -0.031873 0.002591 0.038531
v -0.032108 0.007488 0.038430
v -0.004970 0.000637 0.049556
v -0.005105 0.002570 0.049691
v -0.005358 0.007430 0.049703
v -0.009804 0.000638 0.048834
v -0.009952 0.002574 0.048959
v -0.010207 0.007440 0.048952
v -0.014545 0.000640 0.047644
v -0.014705 0.002578 0.047759
v -0.014960 0.007450 0.047732
v 0.014368 0.000631 0.047665
v 0.014295 0.002554 0.047825
v 0.014067 0.007392 0.047909
v 0.009626 0.000633 0.048847
v 0.009536 0.002558 0.049004
v 0.009300 0.007401 0.049071
v 0.004791 0.000634 0.049563
v 0.004686 0.002562 0.049714
v 0.004442 0.007410 0.049763
v 0.031511 0.000624 0.038517
v 0.031503 0.002539 0.038677
v 0.031327 0.007361 0.038816
v 0.027582 0.000626 0.041424
v 0.027559 0.002542 0.041587
v 0.027368 0.007368 0.041714
v 0.023389 0.000627 0.043935
v 0.023349 0.002546 0.044099
v 0.023144 0.007375 0.044213
v 0.043847 0.000617 0.023504
v 0.043901 0.002527 0.023638
v 0.043794 0.007342 0.023810
v 0.041331 0.000619 0.027694
v 0.041370 0.002529 0.027837
v 0.041245 0.007345 0.028003
v 0.038418 0.000620 0.031619
v 0.038442 0.002532 0.031769
v 0.038299 0.007350 0.031928
v 0.049500 0.000612 0.004913
v 0.049600 0.002520 0.004999
v 0.049570 0.007338 0.005174
v 0.048778 0.000613 0.009747
v 0.048869 0.002521 0.009847
v 0.048819 0.007337 0.010024
v 0.047589 0.000614 0.014488
v 0.047668 0.002523 0.014600
v 0.047599 0.007338 0.014777
v 0.047608 0.000608 -0.014426
v 0.047734 0.002520 -0.014402
v 0.047776 0.007349 -0.014254
v 0.048791 0.000609 -0.009684
v 0.048913 0.002519 -0.009644
v 0.048938 0.007345 -0.009486
v 0.049507 0.000610 -0.004849
v 0.049623 0.002519 -0.004793
v 0.049629 0.007341 -0.004627
v 0.038460 0.000607 -0.031570
v 0.038585 0.002525 -0.031613
v 0.038684 0.007374 -0.031516
v 0.041368 0.000607 -0.027642
v 0.041495 0.002523 -0.027668
v 0.041582 0.007367 -0.027556
v 0.043879 0.000607 -0.023448
v 0.044007 0.002522 -0.023457
v 0.044080 0.007360 -0.023332
v 0.023448 0.000609 -0.043908
v 0.023547 0.002536 -0.044012
v 0.023679 0.007409 -0.043985
v 0.027638 0.000608 -0.041391
v 0.027745 0.002533 -0.041481
v 0.027872 0.007399 -0.041435
v 0.031562 0.000608 -0.038478
v 0.031677 0.002530 -0.038553
v 0.031796 0.007390 -0.038489
v 0.004858 0.000614 -0.049562
v 0.004910 0.002551 -0.049713
v 0.005046 0.007448 -0.049762
v 0.009691 0.000612 -0.048840
v 0.009757 0.002547 -0.048981
v 0.009895 0.007438 -0.049011
v 0.014432 0.000611 -0.047650
v 0.014510 0.002543 -0.047780
v 0.014648 0.007428 -0.047791
v 0.007437 0.096162 -0.048372
v 0.012099 0.096050 -0.047330
v 0.016637 0.095934 -0.045838
v 0.007500 0.096248 -0.048715
v 0.012195 0.096135 -0.047665
v 0.016765 0.096019 -0.046163
v 0.007567 0.096264 -0.049057
v 0.012295 0.096150 -0.048000
v 0.016898 0.096033 -0.046487
v 0.025162 0.095697 -0.041557
v 0.029068 0.095577 -0.038809
v 0.032688 0.095458 -0.035693
v 0.025351 0.095779 -0.041852
v 0.029285 0.095659 -0.039084
v 0.032931 0.095540 -0.035945
v 0.025545 0.095792 -0.042145
v 0.029507 0.095671 -0.039358
v 0.033179 0.095551 -0.036197
v 0.038923 0.095229 -0.028473
v 0.041480 0.095120 -0.024437
v 0.043630 0.095017 -0.020171
v 0.039211 0.095309 -0.028673
v 0.041786 0.095199 -0.024609
v 0.043952 0.095095 -0.020312
v 0.039504 0.095318 -0.028874
v 0.042096 0.095208 -0.024780
v 0.044278 0.095103 -0.020453
v 0.046627 0.094831 -0.011110
v 0.047444 0.094749 -0.006401
v 0.047798 0.094677 -0.001634
v 0.046970 0.094907 -0.011186
v 0.047793 0.094825 -0.006444
v 0.048149 0.094753 -0.001643
v 0.047317 0.094914 -0.011262
v 0.048146 0.094831 -0.006486
v 0.048506 0.094758 -0.001652
v 0.047100 0.094562 0.007888
v 0.046053 0.094520 0.012553
v 0.044557 0.094490 0.017094
v 0.047446 0.094637 0.007947
v 0.046392 0.094595 0.012646
v 0.044885 0.094564 0.017219
v 0.047797 0.094641 0.008007
v 0.046735 0.094599 0.012739
v 0.045218 0.094568 0.017345
v 0.040269 0.094464 0.025628
v 0.037519 0.094468 0.029539
v 0.034400 0.094484 0.033164
v 0.040567 0.094538 0.025814
v 0.037796 0.094542 0.029753
v 0.034655 0.094559 0.033404
v 0.040869 0.094542 0.026001
v 0.038079 0.094546 0.029968
v 0.034916 0.094563 0.033645
v 0.027176 0.094551 0.039410
v 0.023140 0.094601 0.041972
v 0.018874 0.094661 0.044128
v 0.027380 0.094626 0.039695
v 0.023315 0.094676 0.042275
v 0.019018 0.094737 0.044447
v 0.027589 0.094630 0.039980
v 0.023494 0.094681 0.042579
v 0.019167 0.094742 0.044766
v 0.009814 0.094811 0.047136
v 0.005106 0.094899 0.047958
v 0.000342 0.094994 0.048318
v 0.009893 0.094887 0.047476
v 0.005152 0.094976 0.048304
v 0.000353 0.095072 0.048666
v 0.009977 0.094894 0.047817
v 0.005203 0.094983 0.048651
v 0.000370 0.095079 0.049016
v -0.009175 0.095203 0.047629
v -0.013837 0.095315 0.046587
v -0.018375 0.095431 0.045095
v -0.009232 0.095283 0.047972
v -0.013927 0.095395 0.046923
v -0.018497 0.095512 0.045420
v -0.009283 0.095291 0.048317
v -0.014012 0.095405 0.047260
v -0.018614 0.095523 0.045747
v -0.026900 0.095669 0.040814
v -0.030806 0.095788 0.038066
v -0.034426 0.095907 0.034950
v -0.027083 0.095751 0.041109
v -0.031018 0.095872 0.038342
v -0.034663 0.095991 0.035203
v -0.027261 0.095763 0.041405
v -0.031224 0.095885 0.038617
v -0.034895 0.096005 0.035457
v -0.040661 0.096136 0.027730
v -0.043218 0.096245 0.023694
v -0.045369 0.096348 0.019428
v -0.040943 0.096222 0.027931
v -0.043518 0.096331 0.023866
v -0.045684 0.096436 0.019570
v -0.041220 0.096237 0.028133
v -0.043813 0.096348 0.024040
v -0.045994 0.096452 0.019713
v -0.048365 0.096535 0.010367
v -0.049182 0.096616 0.005658
v -0.049536 0.096688 0.000891
v -0.048702 0.096623 0.010444
v -0.049525 0.096705 0.005701
v -0.049882 0.096778 0.000901
v -0.049034 0.096641 0.010522
v -0.049863 0.096724 0.005746
v -0.050222 0.096797 0.000911
v -0.048838 0.096803 -0.008631
v -0.047791 0.096845 -0.013296
v -0.046295 0.096875 -0.017837
v -0.049178 0.096894 -0.008690
v -0.048124 0.096936 -0.013388
v -0.046617 0.096966 -0.017962
v -0.049513 0.096914 -0.008748
v -0.048452 0.096956 -0.013480
v -0.046934 0.096987 -0.018086
v -0.042007 0.096901 -0.026371
v -0.039257 0.096897 -0.030282
v -0.036138 0.096881 -0.033907
v -0.042299 0.096993 -0.026557
v -0.039528 0.096988 -0.030496
v -0.036388 0.096972 -0.034147
v -0.042585 0.097014 -0.026742
v -0.039795 0.097009 -0.030709
v -0.036632 0.096993 -0.034386
v -0.028914 0.096814 -0.040153
v -0.024878 0.096764 -0.042715
v -0.020612 0.096704 -0.044871
v -0.029112 0.096905 -0.040437
v -0.025047 0.096854 -0.043017
v -0.020750 0.096794 -0.045189
v -0.029305 0.096925 -0.040721
v -0.025211 0.096874 -0.043320
v -0.020884 0.096813 -0.045507
v -0.011552 0.096554 -0.047879
v -0.006844 0.096467 -0.048701
v -0.002080 0.096371 -0.049061
v -0.011625 0.096643 -0.048218
v -0.006884 0.096555 -0.049047
v -0.002085 0.096459 -0.049409
v -0.011694 0.096662 -0.048557
v -0.006919 0.096573 -0.049391
v -0.002086 0.096476 -0.049756
v 0.012734 0.000003 -0.041268
v 0.008296 0.000003 -0.041706
v 0.004028 0.000003 -0.043000
v 0.013693 0.000024 -0.044993
v 0.009137 0.000024 -0.045947
v 0.004564 0.000024 -0.046809
v 0.014178 0.000081 -0.046741
v 0.009518 0.000081 -0.047884
v 0.004775 0.000081 -0.048612
v 0.027557 0.000003 -0.033254
v 0.023624 0.000003 -0.035356
v 0.020176 0.000003 -0.038185
v 0.029868 0.000024 -0.036326
v 0.026024 0.000024 -0.038951
v 0.022129 0.000024 -0.041498
v 0.030984 0.000080 -0.037752
v 0.027116 0.000080 -0.040592
v 0.023013 0.000080 -0.043080
v 0.038185 0.000003 -0.020177
v 0.035356 0.000003 -0.023624
v 0.033253 0.000003 -0.027557
v 0.041496 0.000024 -0.022130
v 0.038949 0.000024 -0.026026
v 0.036325 0.000024 -0.029869
v 0.043072 0.000080 -0.023017
v 0.040585 0.000080 -0.027120
v 0.037746 0.000080 -0.030989
v 0.043000 0.000003 -0.004028
v 0.041705 0.000003 -0.008296
v 0.041268 0.000003 -0.012734
v 0.046805 0.000024 -0.004564
v 0.045943 0.000024 -0.009138
v 0.044990 0.000024 -0.013693
v 0.048600 0.000081 -0.004777
v 0.047873 0.000081 -0.009520
v 0.046731 0.000081 -0.014180
v 0.041268 0.000003 0.012734
v 0.041705 0.000003 0.008296
v 0.043000 0.000003 0.004028
v 0.044989 0.000024 0.013696
v 0.045943 0.000024 0.009141
v 0.046805 0.000024 0.004567
v 0.046728 0.000082 0.014190
v 0.047871 0.000082 0.009530
v 0.048599 0.000082 0.004787
v 0.033253 0.000003 0.027558
v 0.035356 0.000003 0.023625
v 0.038185 0.000003 0.020177
v 0.036323 0.000025 0.029872
v 0.038947 0.000025 0.026028
v 0.041494 0.000025 0.022133
v 0.037740 0.000084 0.030997
v 0.040579 0.000083 0.027129
v 0.043067 0.000083 0.023026
v 0.020176 0.000003 0.038185
v 0.023624 0.000003 0.035357
v 0.027557 0.000003 0.033254
v 0.022126 0.000025 0.041499
v 0.026022 0.000025 0.038953
v 0.029866 0.000025 0.036328
v 0.023004 0.000085 0.043084
v 0.027108 0.000085 0.040597
v 0.030976 0.000084 0.037759
v 0.004027 0.000003 0.043000
v 0.008295 0.000003 0.041706
v 0.012733 0.000003 0.041268
v 0.004561 0.000026 0.046809
v 0.009134 0.000026 0.045947
v 0.013690 0.000025 0.044993
v 0.004764 0.000086 0.048612
v 0.009507 0.000086 0.047885
v 0.014168 0.000086 0.046743
v -0.012735 0.000003 0.041268
v -0.008296 0.000003 0.041706
v -0.004029 0.000003 0.043000
v -0.013700 0.000026 0.044992
v -0.009145 0.000026 0.045946
v -0.004571 0.000026 0.046809
v -0.014202 0.000087 0.046740
v -0.009542 0.000087 0.047883
v -0.004799 0.000087 0.048611
v -0.027558 0.000003 0.033254
v -0.023625 0.000003 0.035356
v -0.020177 0.000003 0.038185
v -0.029875 0.000026 0.036326
v -0.026032 0.000026 0.038951
v -0.022136 0.000026 0.041498
v -0.031009 0.000088 0.037751
v -0.027141 0.000088 0.040591
v -0.023038 0.000088 0.043079
v -0.038186 0.000003 0.020177
v -0.035357 0.000003 0.023624
v -0.033254 0.000003 0.027557
v -0.041503 0.000026 0.022130
v -0.038956 0.000026 0.026025
v -0.036332 0.000026 0.029869
v -0.043096 0.000088 0.023015
v -0.040609 0.000088 0.027119
v -0.037771 0.000088 0.030988
v -0.043000 0.000003 0.004028
v -0.041706 0.000003 0.008296
v -0.041269 0.000003 0.012734
v -0.046813 0.000026 0.004564
v -0.045951 0.000026 0.009138
v -0.044997 0.000026 0.013693
v -0.048625 0.000087 0.004776
v -0.047897 0.000087 0.009519
v -0.046755 0.000087 0.014179
v -0.041269 0.000003 -0.012734
v -0.041706 0.000003 -0.008296
v -0.043000 0.000003 -0.004028
v -0.044996 0.000025 -0.013697
v -0.045950 0.000026 -0.009141
v -0.046812 0.000026 -0.004568
v -0.046752 0.000086 -0.014191
v -0.047895 0.000086 -0.009531
v -0.048623 0.000086 -0.004788
v -0.033254 0.000003 -0.027558
v -0.035357 0.000003 -0.023625
v -0.038186 0.000003 -0.020177
v -0.036330 0.000025 -0.029872
v -0.038955 0.000025 -0.026028
v -0.041501 0.000025 -0.022133
v -0.037764 0.000084 -0.030998
v -0.040603 0.000085 -0.027130
v -0.043091 0.000085 -0.023027
v -0.020177 0.000003 -0.038186
v -0.023625 0.000003 -0.035357
v -0.027558 0.000003 -0.033254
v -0.022133 0.000025 -0.041500
v -0.026029 0.000025 -0.038953
v -0.029873 0.000025 -0.036329
v -0.023028 0.000083 -0.043085
v -0.027132 0.000083 -0.040598
v -0.031000 0.000084 -0.037760
v -0.004028 0.000003 -0.043000
v -0.008296 0.000003 -0.041706
v -0.012734 0.000003 -0.041268
v -0.004568 0.000024 -0.046809
v -0.009141 0.000024 -0.045947
v -0.013697 0.000024 -0.044994
v -0.004789 0.000082 -0.048613
v -0.009532 0.000082 -0.047886
v -0.014192 0.000082 -0.046744
v -0.018205 0.094815 0.044653
v -0.013712 0.094700 0.046130
v -0.009095 0.094589 0.047162
v -0.018171 0.093309 0.044565
v -0.013686 0.093194 0.046039
v -0.009079 0.093084 0.047069
v -0.018159 0.089791 0.044532
v -0.013677 0.089677 0.046006
v -0.009073 0.089566 0.047035
v 0.032362 0.094842 -0.035350
v 0.028777 0.094959 -0.038436
v 0.024909 0.095078 -0.041157
v 0.032296 0.093336 -0.035281
v 0.028719 0.093453 -0.038361
v 0.024858 0.093571 -0.041077
v 0.032272 0.089818 -0.035256
v 0.028698 0.089935 -0.038334
v 0.024839 0.090053 -0.041048
v -0.034101 0.095286 0.034607
v -0.030516 0.095168 0.037693
v -0.026648 0.095050 0.040414
v -0.034035 0.093779 0.034538
v -0.030458 0.093662 0.037618
v -0.026597 0.093543 0.040334
v -0.034011 0.090261 0.034513
v -0.030436 0.090144 0.037591
v -0.026578 0.090026 0.040305
v 0.043198 0.094405 -0.019979
v 0.041068 0.094507 -0.024203
v 0.038537 0.094615 -0.028200
v 0.043111 0.092899 -0.019940
v 0.040986 0.093002 -0.024157
v 0.038459 0.093109 -0.028145
v 0.043080 0.089382 -0.019926
v 0.040955 0.089484 -0.024139
v 0.038431 0.089591 -0.028125
v -0.044937 0.095723 0.019236
v -0.042807 0.095621 0.023460
v -0.040275 0.095513 0.027457
v -0.044850 0.094215 0.019197
v -0.042725 0.094113 0.023413
v -0.040198 0.094006 0.027402
v -0.044819 0.090697 0.019183
v -0.042694 0.090595 0.023396
v -0.040170 0.090487 0.027382
v 0.047325 0.094068 -0.001622
v 0.046974 0.094140 -0.006342
v 0.046165 0.094220 -0.011006
v 0.047231 0.092563 -0.001620
v 0.046881 0.092635 -0.006331
v 0.046073 0.092715 -0.010985
v 0.047196 0.089046 -0.001619
v 0.046846 0.089118 -0.006326
v 0.046039 0.089198 -0.010977
v -0.049064 0.096060 0.000879
v -0.048713 0.095988 0.005599
v -0.047904 0.095908 0.010262
v -0.048970 0.094551 0.000877
v -0.048619 0.094480 0.005588
v -0.047812 0.094399 0.010242
v -0.048935 0.091033 0.000876
v -0.048585 0.090961 0.005583
v -0.047778 0.090881 0.010234
v 0.044116 0.093883 0.016925
v 0.045597 0.093913 0.012427
v 0.046633 0.093954 0.007808
v 0.044027 0.092378 0.016891
v 0.045506 0.092409 0.012402
v 0.046540 0.092450 0.007792
v 0.043995 0.088861 0.016878
v 0.045472 0.088891 0.012393
v 0.046506 0.088932 0.007786
v -0.045854 0.096245 -0.017668
v -0.047336 0.096215 -0.013170
v -0.048372 0.096174 -0.008551
v -0.045766 0.094736 -0.017634
v -0.047245 0.094706 -0.013145
v -0.048279 0.094665 -0.008535
v -0.045734 0.091217 -0.017621
v -0.047211 0.091187 -0.013136
v -0.048245 0.091146 -0.008529
v 0.034057 0.093877 0.032838
v 0.037145 0.093861 0.029249
v 0.039869 0.093857 0.025375
v 0.033989 0.092373 0.032773
v 0.037071 0.092357 0.029191
v 0.039790 0.092353 0.025325
v 0.033963 0.088856 0.032749
v 0.037043 0.088840 0.029169
v 0.039760 0.088836 0.025306
v -0.035796 0.096250 -0.033581
v -0.038884 0.096266 -0.029992
v -0.041608 0.096271 -0.026119
v -0.035728 0.094741 -0.033516
v -0.038810 0.094757 -0.029934
v -0.041528 0.094762 -0.026068
v -0.035702 0.091223 -0.033492
v -0.038782 0.091239 -0.029912
v -0.041499 0.091243 -0.026049
v 0.018682 0.094053 0.043696
v 0.022906 0.093993 0.041561
v 0.026904 0.093943 0.039024
v 0.018643 0.092548 0.043610
v 0.022860 0.092488 0.041478
v 0.026849 0.092439 0.038946
v 0.018629 0.089031 0.043578
v 0.022843 0.088971 0.041448
v 0.026829 0.088922 0.038918
v -0.020420 0.096075 -0.044439
v -0.024645 0.096135 -0.042304
v -0.028642 0.096184 -0.039767
v -0.020382 0.094567 -0.044353
v -0.024599 0.094626 -0.042221
v -0.028588 0.094676 -0.039689
v -0.020368 0.091048 -0.044321
v -0.024581 0.091107 -0.042191
v -0.028568 0.091157 -0.039661
v 0.000329 0.094382 0.047845
v 0.005048 0.094287 0.047489
v 0.009709 0.094201 0.046674
v 0.000327 0.092877 0.047750
v 0.005036 0.092782 0.047395
v 0.009689 0.092696 0.046582
v 0.000326 0.089359 0.047715
v 0.005032 0.089265 0.047360
v 0.009681 0.089178 0.046548
v 0.016466 0.095313 -0.045396
v 0.011973 0.095427 -0.046874
v 0.007356 0.095539 -0.047906
v 0.016432 0.093806 -0.045308
v 0.011948 0.093920 -0.046782
v 0.007340 0.094031 -0.047812
v 0.016420 0.090288 -0.045275
v 0.011938 0.090402 -0.046749
v 0.007334 0.090513 -0.047778
v 0.047191 0.072503 -0.001619
v 0.046841 0.072574 -0.006326
v 0.046034 0.072654 -0.010976
v 0.047191 0.059506 -0.001619
v 0.046841 0.059577 -0.006326
v 0.046034 0.059657 -0.010976
v 0.047191 0.044554 -0.001619
v 0.046841 0.044626 -0.006326
v 0.046034 0.044706 -0.010976
v -0.048930 0.074489 0.000876
v -0.048580 0.074418 0.005583
v -0.047773 0.074337 0.010233
v -0.048930 0.061492 0.000876
v -0.048580 0.061420 0.005583
v -0.047773 0.061340 0.010233
v -0.048930 0.046541 0.000876
v -0.048580 0.046469 0.005583
v -0.047773 0.046389 0.010233
v 0.043990 0.072318 0.016876
v 0.045467 0.072348 0.012392
v 0.046501 0.072389 0.007785
v 0.043990 0.059321 0.016876
v 0.045467 0.059351 0.012392
v 0.046501 0.059392 0.007785
v 0.043990 0.044370 0.016876
v 0.045467 0.044400 0.012392
v 0.046501 0.044441 0.007785
v -0.045729 0.074674 -0.017619
v -0.047206 0.074644 -0.013135
v -0.048240 0.074603 -0.008528
v -0.045729 0.061677 -0.017619
v -0.047206 0.061647 -0.013135
v -0.048240 0.061606 -0.008528
v -0.045729 0.046725 -0.017619
v -0.047206 0.046695 -0.013135
v -0.048240 0.046654 -0.008528
v 0.033960 0.072313 0.032746
v 0.037039 0.072297 0.029166
v 0.039756 0.072292 0.025304
v 0.033960 0.059316 0.032746
v 0.037039 0.059300 0.029166
v 0.039756 0.059295 0.025304
v 0.033960 0.044364 0.032746
v 0.037039 0.044348 0.029166
v 0.039756 0.044344 0.025304
v -0.035699 0.074679 -0.033489
v -0.038778 0.074695 -0.029909
v -0.041495 0.074699 -0.026047
v -0.035699 0.061682 -0.033489
v -0.038778 0.061698 -0.029909
v -0.041495 0.061702 -0.026047
v -0.035699 0.046731 -0.033489
v -0.038778 0.046747 -0.029909
v -0.041495 0.046751 -0.026047
v 0.018627 0.072487 0.043573
v 0.022840 0.072428 0.041444
v 0.026826 0.072379 0.038914
v 0.018627 0.059490 0.043573
v 0.022840 0.059431 0.041444
v 0.026826 0.059382 0.038914
v 0.018627 0.044539 0.043573
v 0.022840 0.044480 0.041444
v 0.026826 0.044430 0.038914
v -0.020366 0.074504 -0.044316
v -0.024579 0.074564 -0.042187
v -0.028565 0.074613 -0.039657
v -0.020366 0.061507 -0.044316
v -0.024579 0.061567 -0.042187
v -0.028565 0.061616 -0.039657
v -0.020366 0.046556 -0.044316
v -0.024579 0.046615 -0.042187
v -0.028565 0.046665 -0.039657
v 0.000326 0.072816 0.047710
v 0.005031 0.072722 0.047355
v 0.009680 0.072635 0.046543
v 0.000326 0.059819 0.047710
v 0.005031 0.059725 0.047355
v 0.009680 0.059638 0.046543
v 0.000326 0.044867 0.047710
v 0.005031 0.044773 0.047355
v 0.009680 0.044687 0.046543
v 0.016418 0.073744 -0.045271
v 0.011937 0.073858 -0.046744
v 0.007333 0.073969 -0.047773
v 0.016418 0.060747 -0.045271
v 0.011937 0.060861 -0.046744
v 0.007333 0.060972 -0.047773
v 0.016418 0.045796 -0.045271
v 0.011937 0.045910 -0.046744
v 0.007333 0.046021 -0.047773
v -0.002065 0.074176 -0.048454
v -0.006770 0.074270 -0.048098
v -0.011419 0.074357 -0.047286
v -0.002065 0.061179 -0.048454
v -0.006770 0.061273 -0.048098
v -0.011419 0.061360 -0.047286
v -0.002065 0.046228 -0.048454
v -0.006770 0.046322 -0.048098
v -0.011419 0.046408 -0.047286
v -0.018157 0.073248 0.044528
v -0.013676 0.073133 0.046001
v -0.009072 0.073022 0.047030
v -0.018157 0.060250 0.044528
v -0.013676 0.060136 0.046001
v -0.009072 0.060025 0.047030
v -0.018157 0.045299 0.044528
v -0.013676 0.045185 0.046001
v -0.009072 0.045074 0.047030
v 0.032269 0.073275 -0.035253
v 0.028694 0.073392 -0.038330
v 0.024837 0.073510 -0.041044
v 0.032269 0.060277 -0.035253
v 0.028694 0.060395 -0.038330
v 0.024837 0.060513 -0.041044
v 0.032269 0.045326 -0.035253
v 0.028694 0.045443 -0.038330
v 0.024837 0.045561 -0.041044
v -0.034008 0.073717 0.034509
v -0.030433 0.073600 0.037587
v -0.026576 0.073482 0.040300
v -0.034008 0.060720 0.034509
v -0.030433 0.060603 0.037587
v -0.026576 0.060485 0.040300
v -0.034008 0.045769 0.034509
v -0.030433 0.045652 0.037587
v -0.026576 0.045534 0.040300
v 0.043075 0.072839 -0.019924
v 0.040951 0.072941 -0.024137
v 0.038427 0.073048 -0.028122
v 0.043075 0.059842 -0.019924
v 0.040951 0.059944 -0.024137
v 0.038427 0.060051 -0.028122
v 0.043075 0.044890 -0.019924
v 0.040951 0.044992 -0.024137
v 0.038427 0.045100 -0.028122
v -0.044814 0.074153 0.019181
v -0.042690 0.074051 0.023394
v -0.040166 0.073944 0.027379
v -0.044814 0.061156 0.019181
v -0.042690 0.061054 0.023394
v -0.040166 0.060947 0.027379
v -0.044814 0.046205 0.019181
v -0.042690 0.046103 0.023394
v -0.040166 0.045995 0.027379
vt 0.280796 0.276483
vt 0.295393 0.277364
vt 0.294173 0.292628
vt 0.279605 0.291750
vt 0.300979 0.277627
vt 0.299748 0.292891
vt 0.292963 0.307849
vt 0.278423 0.306976
vt 0.298527 0.308111
vt 0.253810 0.259374
vt 0.281980 0.261178
vt 0.252683 0.274677
vt 0.296606 0.262058
vt 0.302204 0.262320
vt 0.303287 0.262275
vt 0.302060 0.277582
vt 0.300827 0.292847
vt 0.299604 0.308069
vt 0.298406 0.323248
vt 0.297331 0.323287
vt 0.291777 0.323026
vt 0.277265 0.322163
vt 0.250421 0.305189
vt 0.249316 0.320397
vt 0.251548 0.289949
vt 0.276144 0.337310
vt 0.290630 0.338161
vt 0.289533 0.353255
vt 0.275072 0.352421
vt 0.296174 0.338420
vt 0.295069 0.353511
vt 0.288497 0.368313
vt 0.274058 0.367499
vt 0.294025 0.368565
vt 0.248245 0.335573
vt 0.297248 0.338383
vt 0.296141 0.353478
vt 0.295096 0.368536
vt 0.294123 0.383562
vt 0.293052 0.383587
vt 0.287531 0.383339
vt 0.273113 0.382548
vt 0.246251 0.365841
vt 0.245346 0.380940
vt 0.247221 0.350720
vt 0.272244 0.397572
vt 0.286645 0.398338
vt 0.285842 0.413317
vt 0.271459 0.412579
vt 0.292159 0.398580
vt 0.291351 0.413553
vt 0.285128 0.428285
vt 0.270758 0.427577
vt 0.290632 0.428515
vt 0.244515 0.396022
vt 0.293230 0.398560
vt 0.292422 0.413539
vt 0.291703 0.428507
vt 0.291077 0.443474
vt 0.290005 0.443475
vt 0.284505 0.443251
vt 0.270148 0.442575
vt 0.243090 0.426155
vt 0.242505 0.441221
vt 0.243762 0.411091
vt 0.269630 0.457578
vt 0.283977 0.458223
vt 0.283546 0.473201
vt 0.269208 0.472588
vt 0.289474 0.458441
vt 0.289041 0.473413
vt 0.283216 0.488184
vt 0.268885 0.487603
vt 0.288709 0.488391
vt 0.242009 0.456294
vt 0.290546 0.458446
vt 0.290114 0.473426
vt 0.289783 0.488410
vt 0.289554 0.503400
vt 0.288480 0.503373
vt 0.282989 0.503172
vt 0.268663 0.502623
vt 0.241296 0.486461
vt 0.241086 0.501552
vt 0.241605 0.471375
vt 0.268546 0.517646
vt 0.282867 0.518164
vt 0.282851 0.533158
vt 0.268532 0.532672
vt 0.288357 0.518359
vt 0.288339 0.533348
vt 0.282943 0.548154
vt 0.268625 0.547699
vt 0.288430 0.548339
vt 0.240976 0.516646
vt 0.289430 0.518393
vt 0.289412 0.533390
vt 0.289502 0.548388
vt 0.289700 0.563387
vt 0.288629 0.563331
vt 0.283142 0.563152
vt 0.268823 0.562728
vt 0.241060 0.546839
vt 0.241254 0.561936
vt 0.240967 0.531742
vt 0.269127 0.577757
vt 0.283450 0.578151
vt 0.283866 0.593159
vt 0.269536 0.592795
vt 0.288938 0.578324
vt 0.289355 0.593326
vt 0.284389 0.608183
vt 0.270051 0.607848
vt 0.289881 0.608345
vt 0.241550 0.577033
vt 0.290008 0.578387
vt 0.290425 0.593396
vt 0.290950 0.608420
vt 0.291584 0.623468
vt 0.290514 0.623387
vt 0.285018 0.623231
vt 0.270669 0.622923
vt 0.242444 0.607253
vt 0.243039 0.622388
vt 0.241947 0.592137
vt 0.271389 0.638027
vt 0.285753 0.638310
vt 0.286587 0.653424
vt 0.272206 0.653164
vt 0.291254 0.638462
vt 0.292094 0.653571
vt 0.287513 0.668576
vt 0.273113 0.668335
vt 0.293027 0.668719
vt 0.243731 0.637547
vt 0.292323 0.638547
vt 0.293164 0.653662
vt 0.294098 0.668813
vt 0.295121 0.684005
vt 0.294048 0.683908
vt 0.288526 0.683768
vt 0.274103 0.683545
vt 0.245383 0.667948
vt 0.246330 0.683195
vt 0.244514 0.652733
vt 0.275170 0.698794
vt 0.289617 0.699003
vt 0.290775 0.714280
vt 0.276301 0.714082
vt 0.295149 0.699140
vt 0.296317 0.714415
vt 0.291984 0.729600
vt 0.277481 0.729409
vt 0.297537 0.729732
vt 0.247349 0.698475
vt 0.296223 0.699240
vt 0.297392 0.714517
vt 0.298615 0.729836
vt 0.299877 0.745196
vt 0.298797 0.745092
vt 0.293232 0.744960
vt 0.278699 0.744774
vt 0.249553 0.729132
vt 0.250714 0.744508
vt 0.248427 0.713788
vt 0.279940 0.760176
vt 0.294504 0.760360
vt 0.295783 0.775797
vt 0.281189 0.775612
vt 0.300080 0.760491
vt 0.301372 0.775928
vt 0.297055 0.791269
vt 0.282429 0.791080
vt 0.302656 0.791401
vt 0.251896 0.759913
vt 0.301163 0.760596
vt 0.302457 0.776033
vt 0.303744 0.791504
vt 0.305007 0.807006
vt 0.303915 0.806905
vt 0.298302 0.806773
vt 0.283646 0.806577
vt 0.254266 0.790805
vt 0.255425 0.806287
vt 0.253085 0.775347
vt 0.284824 0.822100
vt 0.299509 0.822305
vt 0.300661 0.837864
vt 0.285948 0.837648
vt 0.305134 0.822439
vt 0.306297 0.837999
vt 0.301743 0.853447
vt 0.287004 0.853218
vt 0.307389 0.853584
vt 0.256547 0.821789
vt 0.306228 0.822537
vt 0.307395 0.838094
vt 0.308490 0.853675
vt 0.309500 0.869279
vt 0.308396 0.869192
vt 0.302740 0.869053
vt 0.287978 0.868808
vt 0.258627 0.852849
vt 0.259558 0.868403
vt 0.257619 0.837310
vt 0.288854 0.884414
vt 0.303636 0.884677
vt 0.304406 0.900307
vt 0.289608 0.900026
vt 0.309300 0.884819
vt 0.310078 0.900452
vt 0.305025 0.915930
vt 0.290215 0.915630
vt 0.310702 0.916078
vt 0.260396 0.883970
vt 0.310407 0.884901
vt 0.311187 0.900529
vt 0.311814 0.916150
vt 0.312260 0.931752
vt 0.311147 0.931684
vt 0.305467 0.931533
vt 0.290652 0.931215
vt 0.261707 0.915103
vt 0.262133 0.930647
vt 0.261120 0.899541
vt 0.290904 0.946770
vt 0.305719 0.947105
vt 0.305818 0.962651
vt 0.291008 0.962300
vt 0.311399 0.947259
vt 0.311497 0.962809
vt 0.305816 0.978180
vt 0.291014 0.977813
vt 0.311492 0.978341
vt 0.262386 0.946164
vt 0.312513 0.947323
vt 0.312610 0.962870
vt 0.312605 0.978399
vt 0.312548 0.993921
vt 0.311435 0.993865
vt 0.305763 0.993701
vt 0.290972 0.993319
vt 0.262525 0.977138
vt 0.262502 0.992610
vt 0.262502 0.961658
vt 0.289582 0.028694
vt 0.304351 0.029360
vt 0.304835 0.044882
vt 0.290043 0.044206
vt 0.310016 0.029585
vt 0.310508 0.045108
vt 0.305208 0.060418
vt 0.290398 0.059730
vt 0.310887 0.060646
vt 0.260686 0.011883
vt 0.289067 0.013188
vt 0.261154 0.027367
vt 0.303812 0.013844
vt 0.309468 0.014068
vt 0.310580 0.014076
vt 0.311128 0.029590
vt 0.311620 0.045110
vt 0.312000 0.060644
vt 0.312212 0.076198
vt 0.311099 0.076204
vt 0.305416 0.075974
vt 0.290593 0.075273
vt 0.261890 0.058353
vt 0.262059 0.073863
vt 0.261572 0.042856
vt 0.290587 0.090836
vt 0.305416 0.091555
vt 0.305219 0.107150
vt 0.290390 0.106413
vt 0.311101 0.091787
vt 0.310902 0.107386
vt 0.304849 0.122748
vt 0.290026 0.121990
vt 0.310528 0.122987
vt 0.262040 0.089389
vt 0.312212 0.091777
vt 0.312012 0.107370
vt 0.311636 0.122966
vt 0.311108 0.138552
vt 0.310003 0.138577
vt 0.304328 0.138335
vt 0.289516 0.137557
vt 0.261488 0.120455
vt 0.260998 0.135977
vt 0.261843 0.104923
vt 0.335451 0.219395
vt 0.337421 0.204067
vt 0.342285 0.204731
vt 0.340337 0.220025
vt 0.339530 0.188841
vt 0.344373 0.189537
vt 0.353050 0.206170
vt 0.351141 0.221391
vt 0.355096 0.191045
vt 0.331678 0.234579
vt 0.333518 0.219134
vt 0.333623 0.234824
vt 0.335500 0.203792
vt 0.337620 0.188551
vt 0.339878 0.173408
vt 0.341776 0.173713
vt 0.346597 0.174441
vt 0.357277 0.176016
vt 0.376752 0.178864
vt 0.374646 0.193773
vt 0.372672 0.208772
vt 0.370831 0.223863
vt 0.349370 0.236711
vt 0.369126 0.239046
vt 0.338528 0.235419
vt 0.288882 0.153104
vt 0.303680 0.153901
vt 0.302916 0.169442
vt 0.288137 0.168627
vt 0.309348 0.154146
vt 0.308577 0.169691
vt 0.302050 0.184956
vt 0.287291 0.184125
vt 0.307701 0.185208
vt 0.260390 0.151481
vt 0.310450 0.154117
vt 0.309677 0.169657
vt 0.308799 0.185171
vt 0.307828 0.200657
vt 0.306734 0.200698
vt 0.301092 0.200443
vt 0.286356 0.199597
vt 0.258870 0.182426
vt 0.257979 0.197866
vt 0.259677 0.166964
vt 0.285344 0.215041
vt 0.300055 0.215899
vt 0.298951 0.231322
vt 0.284268 0.230454
vt 0.305686 0.216157
vt 0.304572 0.231582
vt 0.297797 0.246709
vt 0.283142 0.245834
vt 0.303406 0.246971
vt 0.257014 0.213282
vt 0.306777 0.216114
vt 0.305660 0.231538
vt 0.304492 0.246926
vt 0.254917 0.244039
vt 0.255990 0.228674
vt 0.769446 0.228253
vt 0.747849 0.221094
vt 0.720425 0.154889
vt 0.771097 0.205560
vt 0.737639 0.241427
vt 0.720425 0.226549
vt 0.703212 0.241427
vt 0.693003 0.221094
vt 0.671405 0.228253
vt 0.669754 0.205560
vt 0.647062 0.203909
vt 0.654221 0.182312
vt 0.633887 0.172103
vt 0.648766 0.154889
vt 0.633887 0.137675
vt 0.654221 0.127466
vt 0.647062 0.105869
vt 0.669754 0.104218
vt 0.671405 0.081525
vt 0.693003 0.088684
vt 0.703212 0.068350
vt 0.720426 0.083229
vt 0.737639 0.068350
vt 0.747849 0.088684
vt 0.769446 0.081525
vt 0.771097 0.104218
vt 0.793789 0.105869
vt 0.786631 0.127466
vt 0.806964 0.137675
vt 0.792085 0.154889
vt 0.806964 0.172103
vt 0.786631 0.182312
vt 0.793789 0.203909
vt 0.788060 0.256112
vt 0.776273 0.253551
vt 0.790205 0.244242
vt 0.761572 0.254225
vt 0.796454 0.230917
vt 0.744176 0.274290
vt 0.734266 0.267413
vt 0.750700 0.264144
vt 0.720425 0.262409
vt 0.696675 0.274290
vt 0.690151 0.264144
vt 0.706585 0.267413
vt 0.679279 0.254225
vt 0.652790 0.256112
vt 0.650646 0.244242
vt 0.664578 0.253551
vt 0.644397 0.230917
vt 0.619202 0.222524
vt 0.621764 0.210737
vt 0.631073 0.224669
vt 0.621090 0.196035
vt 0.601025 0.178639
vt 0.607902 0.168729
vt 0.611171 0.185163
vt 0.612905 0.154889
vt 0.601025 0.131139
vt 0.611171 0.124615
vt 0.607902 0.141049
vt 0.621090 0.113743
vt 0.619202 0.087254
vt 0.631073 0.085109
vt 0.621764 0.099041
vt 0.644397 0.078861
vt 0.652790 0.053666
vt 0.664578 0.056227
vt 0.650646 0.065536
vt 0.679279 0.055553
vt 0.696675 0.035488
vt 0.706585 0.042365
vt 0.690151 0.045634
vt 0.720425 0.047369
vt 0.744176 0.035488
vt 0.750700 0.045634
vt 0.734266 0.042365
vt 0.761572 0.055553
vt 0.788061 0.053666
vt 0.790205 0.065536
vt 0.776273 0.056227
vt 0.796454 0.078861
vt 0.821649 0.087254
vt 0.819087 0.099041
vt 0.809779 0.085109
vt 0.819761 0.113743
vt 0.839826 0.131139
vt 0.832949 0.141049
vt 0.829680 0.124615
vt 0.827946 0.154889
vt 0.839826 0.178639
vt 0.829680 0.185163
vt 0.832949 0.168730
vt 0.819761 0.196035
vt 0.821648 0.222524
vt 0.809778 0.224669
vt 0.819087 0.210737
vt 0.102861 0.264768
vt 0.155863 0.268283
vt 0.154921 0.283577
vt 0.102024 0.280074
vt 0.208795 0.271791
vt 0.207748 0.287073
vt 0.153983 0.298866
vt 0.101190 0.295390
vt 0.206707 0.302335
vt 0.059507 0.246563
vt 0.103690 0.249472
vt 0.058765 0.261857
vt 0.156798 0.252985
vt 0.209836 0.256489
vt 0.205685 0.317577
vt 0.153061 0.314151
vt 0.100368 0.310717
vt 0.057268 0.292512
vt 0.056528 0.307873
vt 0.058016 0.277173
vt 0.204694 0.332800
vt 0.203743 0.348006
vt 0.151305 0.344711
vt 0.152165 0.329432
vt 0.202843 0.363199
vt 0.150488 0.359990
vt 0.098797 0.341407
vt 0.099567 0.326055
vt 0.098064 0.356773
vt 0.202002 0.378380
vt 0.149724 0.375272
vt 0.097376 0.372156
vt 0.053821 0.369571
vt 0.054445 0.354106
vt 0.055110 0.338669
vt 0.055807 0.323258
vt 0.201228 0.393554
vt 0.200527 0.408725
vt 0.148381 0.405854
vt 0.149020 0.390560
vt 0.199901 0.423897
vt 0.147811 0.421158
vt 0.096164 0.402975
vt 0.096741 0.387557
vt 0.095649 0.418412
vt 0.199356 0.439076
vt 0.147314 0.436474
vt 0.095201 0.433865
vt 0.051837 0.431695
vt 0.052246 0.416129
vt 0.052716 0.400585
vt 0.053243 0.385065
vt 0.198894 0.454264
vt 0.198520 0.469461
vt 0.146556 0.467142
vt 0.146895 0.451803
vt 0.198235 0.484664
vt 0.146299 0.482488
vt 0.094519 0.464815
vt 0.094823 0.449334
vt 0.094291 0.480304
vt 0.198043 0.499872
vt 0.146128 0.497839
vt 0.094142 0.495798
vt 0.050881 0.494093
vt 0.051013 0.478482
vt 0.051218 0.462876
vt 0.051494 0.447278
vt 0.197945 0.515082
vt 0.197942 0.530293
vt 0.146050 0.528544
vt 0.146045 0.513192
vt 0.198035 0.545504
vt 0.146143 0.543895
vt 0.094085 0.526787
vt 0.094073 0.511293
vt 0.094176 0.542277
vt 0.198223 0.560714
vt 0.146322 0.559243
vt 0.094347 0.557764
vt 0.051092 0.556518
vt 0.050930 0.540918
vt 0.050840 0.525313
vt 0.050823 0.509704
vt 0.198506 0.575923
vt 0.198882 0.591135
vt 0.146939 0.589933
vt 0.146588 0.574589
vt 0.199350 0.606355
vt 0.147372 0.605280
vt 0.094920 0.588723
vt 0.094595 0.573246
vt 0.095319 0.604197
vt 0.199909 0.621587
vt 0.147887 0.620631
vt 0.095789 0.619667
vt 0.052430 0.618844
vt 0.051998 0.603275
vt 0.051629 0.587698
vt 0.051326 0.572112
vt 0.200556 0.636836
vt 0.201287 0.652103
vt 0.149148 0.651356
vt 0.148481 0.635989
vt 0.202095 0.667390
vt 0.149883 0.666731
vt 0.096931 0.650602
vt 0.096328 0.635136
vt 0.097593 0.666065
vt 0.202974 0.682698
vt 0.150680 0.682114
vt 0.098307 0.681524
vt 0.054719 0.681007
vt 0.054073 0.665486
vt 0.053473 0.649950
vt 0.052924 0.634403
vt 0.203918 0.698029
vt 0.204916 0.713381
vt 0.152433 0.712907
vt 0.151533 0.697507
vt 0.205956 0.728754
vt 0.153369 0.728315
vt 0.099871 0.712427
vt 0.099070 0.696978
vt 0.100704 0.727870
vt 0.207027 0.744146
vt 0.154332 0.743728
vt 0.101559 0.743304
vt 0.057637 0.742925
vt 0.056871 0.727473
vt 0.056125 0.712002
vt 0.055405 0.696513
vt 0.208117 0.759558
vt 0.209213 0.774986
vt 0.156296 0.774568
vt 0.155312 0.759147
vt 0.210303 0.790429
vt 0.157275 0.789993
vt 0.103301 0.774146
vt 0.102428 0.758730
vt 0.104170 0.789551
vt 0.211372 0.805885
vt 0.158237 0.805418
vt 0.105024 0.804945
vt 0.060736 0.804528
vt 0.059972 0.789159
vt 0.059195 0.773769
vt 0.058414 0.758357
vt 0.212408 0.821353
vt 0.213399 0.836830
vt 0.160064 0.836267
vt 0.159170 0.820842
vt 0.214333 0.852317
vt 0.160908 0.851691
vt 0.106651 0.835698
vt 0.105854 0.820327
vt 0.107406 0.851059
vt 0.215197 0.867813
vt 0.161692 0.867115
vt 0.108110 0.866411
vt 0.063518 0.865806
vt 0.062880 0.850513
vt 0.062198 0.835203
vt 0.061481 0.819876
vt 0.215977 0.883315
vt 0.216655 0.898817
vt 0.163026 0.897955
vt 0.162403 0.882537
vt 0.217210 0.914311
vt 0.163543 0.913364
vt 0.109321 0.897088
vt 0.108753 0.881754
vt 0.109800 0.912412
vt 0.217621 0.929788
vt 0.163935 0.928759
vt 0.110175 0.927725
vt 0.065436 0.926849
vt 0.065075 0.911603
vt 0.064627 0.896349
vt 0.064104 0.881084
vt 0.217877 0.945242
vt 0.218009 0.960678
vt 0.164349 0.959502
vt 0.164195 0.944137
vt 0.218060 0.976102
vt 0.164431 0.974857
vt 0.110613 0.958320
vt 0.110438 0.943027
vt 0.110729 0.973607
vt 0.218068 0.991520
vt 0.164479 0.990209
vt 0.110815 0.988892
vt 0.066158 0.987784
vt 0.066039 0.972555
vt 0.065896 0.957323
vt 0.065704 0.942089
vt 0.216786 0.025268
vt 0.217136 0.040718
vt 0.163544 0.038126
vt 0.163276 0.022724
vt 0.217397 0.056170
vt 0.163735 0.053524
vt 0.109877 0.035525
vt 0.109692 0.020171
vt 0.110000 0.050868
vt 0.216392 0.009820
vt 0.217524 0.071628
vt 0.163812 0.068916
vt 0.110027 0.066196
vt 0.065274 0.063935
vt 0.065286 0.048660
vt 0.065220 0.033361
vt 0.065102 0.018047
vt 0.109476 0.004812
vt 0.064957 0.002724
vt 0.162971 0.007321
vt 0.217484 0.087090
vt 0.217285 0.102554
vt 0.163544 0.099678
vt 0.163746 0.084301
vt 0.216944 0.118012
vt 0.163222 0.115046
vt 0.109733 0.096795
vt 0.109937 0.081504
vt 0.109428 0.112072
vt 0.216482 0.133460
vt 0.162793 0.130403
vt 0.109034 0.127338
vt 0.064306 0.124796
vt 0.064670 0.109603
vt 0.064959 0.094400
vt 0.065164 0.079180
vt 0.215914 0.148893
vt 0.215252 0.164310
vt 0.161672 0.161087
vt 0.162274 0.145750
vt 0.214504 0.179712
vt 0.160996 0.176416
vt 0.108022 0.157855
vt 0.108563 0.142598
vt 0.107418 0.173111
vt 0.213681 0.195100
vt 0.160253 0.191739
vt 0.106756 0.188370
vt 0.062249 0.185579
vt 0.062842 0.170373
vt 0.063386 0.155176
vt 0.063876 0.139985
vt 0.212790 0.210472
vt 0.211845 0.225829
vt 0.158603 0.222371
vt 0.159452 0.207057
vt 0.210856 0.241168
vt 0.157714 0.237680
vt 0.105291 0.218906
vt 0.106045 0.203634
vt 0.104503 0.234184
vt 0.060234 0.231290
vt 0.060938 0.216036
vt 0.061612 0.200799
vt 0.011637 0.197771
vt 0.017784 0.198090
vt 0.017189 0.213295
vt 0.011054 0.212975
vt 0.032940 0.199000
vt 0.032318 0.214215
vt 0.016568 0.228527
vt 0.010445 0.228205
vt 0.031669 0.229454
vt 0.010541 0.182567
vt 0.012187 0.182592
vt 0.009995 0.197749
vt 0.018346 0.182908
vt 0.033529 0.183807
vt 0.030998 0.244719
vt 0.015927 0.243788
vt 0.009815 0.243466
vt 0.008810 0.228187
vt 0.008183 0.243447
vt 0.009416 0.212955
vt 0.013598 0.137162
vt 0.019788 0.137470
vt 0.019352 0.152603
vt 0.013172 0.152292
vt 0.035037 0.138321
vt 0.034582 0.153472
vt 0.018870 0.167748
vt 0.012700 0.167434
vt 0.034078 0.168632
vt 0.012308 0.121996
vt 0.013973 0.122038
vt 0.011937 0.137125
vt 0.020173 0.122343
vt 0.035439 0.123174
vt 0.011050 0.167405
vt 0.011516 0.152260
vt 0.014751 0.076622
vt 0.020970 0.076918
vt 0.020771 0.092077
vt 0.014557 0.091778
vt 0.036263 0.077691
vt 0.036060 0.092868
vt 0.020503 0.107215
vt 0.014295 0.106913
vt 0.035782 0.108027
vt 0.013184 0.061372
vt 0.014872 0.061434
vt 0.013068 0.076565
vt 0.021094 0.061727
vt 0.036383 0.062484
vt 0.012624 0.106866
vt 0.012879 0.091726
vt 0.014847 0.015667
vt 0.021063 0.015956
vt 0.021121 0.031238
vt 0.014902 0.030948
vt 0.036309 0.016677
vt 0.036386 0.031969
vt 0.021139 0.046498
vt 0.014917 0.046207
vt 0.036419 0.047241
vt 0.013068 0.000300
vt 0.014772 0.000376
vt 0.013147 0.015595
vt 0.020983 0.000664
vt 0.036209 0.001376
vt 0.013224 0.046141
vt 0.013205 0.030878
vt 0.015281 0.940892
vt 0.021519 0.941087
vt 0.021731 0.956268
vt 0.015496 0.956070
vt 0.036817 0.941456
vt 0.037022 0.956655
vt 0.021902 0.971449
vt 0.015673 0.971247
vt 0.037183 0.971852
vt 0.013296 0.925602
vt 0.015006 0.925712
vt 0.013572 0.940785
vt 0.021246 0.925903
vt 0.036546 0.926255
vt 0.037322 0.987048
vt 0.022054 0.986630
vt 0.015829 0.986424
vt 0.013968 0.971145
vt 0.014127 0.986324
vt 0.013790 0.955966
vt 0.013764 0.880140
vt 0.019997 0.880320
vt 0.020478 0.895524
vt 0.014241 0.895341
vt 0.035270 0.880615
vt 0.035765 0.895838
vt 0.020898 0.910717
vt 0.014658 0.910530
vt 0.036194 0.911050
vt 0.011524 0.864796
vt 0.013237 0.864923
vt 0.012052 0.880018
vt 0.019464 0.865099
vt 0.034720 0.865377
vt 0.012947 0.910416
vt 0.012529 0.895223
vt 0.011435 0.819131
vt 0.017637 0.819302
vt 0.018277 0.834593
vt 0.012066 0.834420
vt 0.032822 0.819539
vt 0.033488 0.834841
vt 0.018888 0.849858
vt 0.012669 0.849683
vt 0.034123 0.850119
vt 0.009073 0.803672
vt 0.010783 0.803813
vt 0.009724 0.818993
vt 0.016975 0.803984
vt 0.032132 0.804212
vt 0.010956 0.849553
vt 0.010354 0.834286
vt 0.008760 0.757675
vt 0.014918 0.757847
vt 0.015608 0.773256
vt 0.009439 0.773085
vt 0.029984 0.758067
vt 0.030706 0.773476
vt 0.016296 0.788635
vt 0.010115 0.788465
vt 0.031424 0.788858
vt 0.006384 0.742083
vt 0.008085 0.742233
vt 0.007057 0.757526
vt 0.014230 0.742408
vt 0.029266 0.742630
vt 0.008408 0.788320
vt 0.007733 0.772938
vt 0.006142 0.695727
vt 0.012252 0.695912
vt 0.012892 0.711439
vt 0.006770 0.711258
vt 0.027200 0.696163
vt 0.027868 0.711677
vt 0.013553 0.726938
vt 0.007419 0.726761
vt 0.028558 0.727167
vt 0.003855 0.680018
vt 0.005542 0.680169
vt 0.004451 0.695575
vt 0.011641 0.680358
vt 0.026563 0.680625
vt 0.005722 0.726609
vt 0.005075 0.711106
vt 0.003962 0.633350
vt 0.010032 0.633556
vt 0.010526 0.649178
vt 0.004448 0.648978
vt 0.024888 0.633886
vt 0.025402 0.649485
vt 0.011064 0.664779
vt 0.004976 0.664585
vt 0.025962 0.665065
vt 0.001851 0.617562
vt 0.003524 0.617703
vt 0.002285 0.633205
vt 0.009586 0.617915
vt 0.024425 0.618272
vt 0.003292 0.664436
vt 0.002767 0.648831
vt 0.002536 0.570671
vt 0.008578 0.570904
vt 0.008856 0.586587
vt 0.002808 0.586361
vt 0.023382 0.571348
vt 0.023669 0.587001
vt 0.009193 0.602258
vt 0.003139 0.602039
vt 0.024018 0.602643
vt 0.000665 0.554851
vt 0.002324 0.554972
vt 0.000873 0.570545
vt 0.008363 0.555211
vt 0.023159 0.555687
vt 0.001469 0.601902
vt 0.001142 0.586229
vt 0.002078 0.507836
vt 0.008107 0.508093
vt 0.008126 0.523803
vt 0.002094 0.523552
vt 0.022896 0.508663
vt 0.022915 0.524342
vt 0.008211 0.539510
vt 0.002177 0.539265
vt 0.023003 0.540017
vt 0.000481 0.492024
vt 0.002129 0.492116
vt 0.000428 0.507736
vt 0.008157 0.492379
vt 0.022947 0.492981
vt 0.000521 0.539151
vt 0.000442 0.523445
vt 0.002682 0.444975
vt 0.008712 0.445255
vt 0.008461 0.460955
vt 0.002432 0.460681
vt 0.023519 0.445953
vt 0.023261 0.461621
vt 0.008275 0.476665
vt 0.002247 0.476397
vt 0.023070 0.477299
vt 0.001356 0.429221
vt 0.002994 0.429285
vt 0.001041 0.444904
vt 0.009026 0.429571
vt 0.023842 0.430300
vt 0.000602 0.476311
vt 0.000789 0.460603
vt 0.004274 0.382354
vt 0.010312 0.382657
vt 0.009831 0.398267
vt 0.003796 0.397969
vt 0.025165 0.383474
vt 0.024670 0.399056
vt 0.009400 0.413906
vt 0.003367 0.413615
vt 0.024227 0.414666
vt 0.003169 0.366735
vt 0.004797 0.366774
vt 0.002644 0.382309
vt 0.010839 0.367081
vt 0.025709 0.367924
vt 0.001731 0.413557
vt 0.002163 0.397919
vt 0.006572 0.320263
vt 0.012633 0.320581
vt 0.012006 0.336044
vt 0.005953 0.335729
vt 0.027566 0.321482
vt 0.026916 0.336929
vt 0.011406 0.351543
vt 0.005359 0.351232
vt 0.026294 0.352409
vt 0.005585 0.304811
vt 0.007211 0.304834
vt 0.004947 0.320237
vt 0.013280 0.305154
vt 0.028238 0.306068
vt 0.003732 0.351198
vt 0.004327 0.335699
vt 0.009170 0.258757
vt 0.015270 0.259080
vt 0.014605 0.274404
vt 0.008516 0.274082
vt 0.030312 0.260012
vt 0.029618 0.275334
vt 0.013940 0.289762
vt 0.007861 0.289440
vt 0.028924 0.290685
vt 0.007540 0.258739
vt 0.006235 0.289420
vt 0.006889 0.274063
vt 0.328501 0.249953
vt 0.326928 0.265600
vt 0.325422 0.265444
vt 0.327010 0.249783
vt 0.325491 0.281320
vt 0.323974 0.281178
vt 0.323906 0.265290
vt 0.325509 0.249614
vt 0.322445 0.281039
vt 0.329979 0.250125
vt 0.330213 0.234394
vt 0.328418 0.265759
vt 0.326991 0.281465
vt 0.325695 0.297227
vt 0.324188 0.297096
vt 0.322664 0.296969
vt 0.321127 0.296846
vt 0.319585 0.296724
vt 0.320910 0.280902
vt 0.322385 0.265138
vt 0.324004 0.249447
vt 0.327251 0.234028
vt 0.325761 0.233847
vt 0.328736 0.234210
vt 0.323018 0.312912
vt 0.321979 0.328754
vt 0.320457 0.328658
vt 0.321492 0.312801
vt 0.321072 0.344605
vt 0.319556 0.344524
vt 0.318924 0.328566
vt 0.319955 0.312693
vt 0.318030 0.344447
vt 0.324526 0.313029
vt 0.323485 0.328856
vt 0.322574 0.344693
vt 0.321793 0.360525
vt 0.320296 0.360451
vt 0.318786 0.360384
vt 0.317267 0.360321
vt 0.315744 0.360261
vt 0.316499 0.344373
vt 0.317386 0.328476
vt 0.318412 0.312587
vt 0.319649 0.376279
vt 0.319125 0.392090
vt 0.317623 0.392047
vt 0.318144 0.376224
vt 0.318715 0.407889
vt 0.317215 0.407857
vt 0.316113 0.392009
vt 0.316631 0.376174
vt 0.315708 0.407829
vt 0.321143 0.376341
vt 0.320616 0.392140
vt 0.320205 0.407928
vt 0.319899 0.423707
vt 0.318411 0.423679
vt 0.316912 0.423656
vt 0.315407 0.423639
vt 0.313897 0.423623
vt 0.314197 0.407803
vt 0.314600 0.391973
vt 0.315114 0.376127
vt 0.318204 0.439463
vt 0.318088 0.455242
vt 0.316592 0.455238
vt 0.316707 0.439451
vt 0.318056 0.471014
vt 0.316563 0.471019
vt 0.315090 0.455239
vt 0.315203 0.439442
vt 0.315064 0.471028
vt 0.319691 0.439481
vt 0.319573 0.455251
vt 0.319540 0.471014
vt 0.319583 0.486770
vt 0.318101 0.486779
vt 0.316613 0.486792
vt 0.315120 0.486808
vt 0.313625 0.486825
vt 0.313563 0.471038
vt 0.313585 0.455241
vt 0.313695 0.439435
vt 0.318221 0.502536
vt 0.318420 0.518286
vt 0.316944 0.518312
vt 0.316739 0.502556
vt 0.318706 0.534030
vt 0.317236 0.534063
vt 0.315468 0.518341
vt 0.315254 0.502578
vt 0.315767 0.534097
vt 0.319699 0.502519
vt 0.319895 0.518261
vt 0.320178 0.533998
vt 0.320559 0.549731
vt 0.319088 0.549769
vt 0.317620 0.549809
vt 0.316154 0.549848
vt 0.314689 0.549888
vt 0.314298 0.534131
vt 0.313992 0.518370
vt 0.313768 0.502602
vt 0.319571 0.565506
vt 0.320148 0.581242
vt 0.318673 0.581294
vt 0.318101 0.565552
vt 0.320811 0.596979
vt 0.319330 0.597038
vt 0.317198 0.581345
vt 0.316632 0.565597
vt 0.317846 0.597095
vt 0.321042 0.565461
vt 0.321621 0.581189
vt 0.322287 0.596918
vt 0.323031 0.612649
vt 0.321551 0.612718
vt 0.320065 0.612784
vt 0.318574 0.612849
vt 0.317080 0.612913
vt 0.316361 0.597152
vt 0.315722 0.581397
vt 0.315164 0.565642
vt 0.322363 0.628461
vt 0.323249 0.644207
vt 0.321757 0.644289
vt 0.320873 0.628535
vt 0.324216 0.659954
vt 0.322723 0.660045
vt 0.320258 0.644370
vt 0.319376 0.628607
vt 0.321222 0.660134
vt 0.323844 0.628384
vt 0.324732 0.644120
vt 0.325700 0.659858
vt 0.326754 0.675595
vt 0.325270 0.675700
vt 0.323776 0.675802
vt 0.322274 0.675900
vt 0.320770 0.675996
vt 0.319718 0.660222
vt 0.318755 0.644449
vt 0.317877 0.628678
vt 0.326417 0.691446
vt 0.327665 0.707192
vt 0.326169 0.707314
vt 0.324922 0.691557
vt 0.329024 0.722941
vt 0.327526 0.723075
vt 0.324665 0.707432
vt 0.323420 0.691665
vt 0.326019 0.723205
vt 0.327901 0.691330
vt 0.329150 0.707065
vt 0.330510 0.722802
vt 0.331991 0.738544
vt 0.330502 0.738697
vt 0.329001 0.738843
vt 0.327490 0.738986
vt 0.325976 0.739127
vt 0.324509 0.723333
vt 0.323158 0.707548
vt 0.321914 0.691771
vt 0.332108 0.754457
vt 0.333845 0.770208
vt 0.332334 0.770385
vt 0.330602 0.754618
vt 0.335714 0.785932
vt 0.334202 0.786124
vt 0.330813 0.770558
vt 0.329086 0.754776
vt 0.332678 0.786314
vt 0.333600 0.754291
vt 0.335339 0.770027
vt 0.337208 0.785735
vt 0.339208 0.801397
vt 0.337717 0.801609
vt 0.336209 0.801818
vt 0.334688 0.802025
vt 0.333162 0.802231
vt 0.331148 0.786503
vt 0.329286 0.770730
vt 0.327565 0.754932
vt 0.339859 0.817223
vt 0.342146 0.832749
vt 0.340663 0.832990
vt 0.338360 0.817448
vt 0.344589 0.848164
vt 0.343125 0.848422
vt 0.339169 0.833230
vt 0.336850 0.817671
vt 0.341651 0.848679
vt 0.341340 0.816995
vt 0.343613 0.832505
vt 0.346040 0.847904
vt 0.348631 0.863167
vt 0.347199 0.863444
vt 0.345754 0.863721
vt 0.344301 0.863996
vt 0.342843 0.864271
vt 0.340172 0.848936
vt 0.337670 0.833470
vt 0.335334 0.817894
vt 0.349986 0.878568
vt 0.352973 0.893510
vt 0.351568 0.893828
vt 0.348561 0.878863
vt 0.356183 0.908249
vt 0.354801 0.908595
vt 0.350156 0.894147
vt 0.347128 0.879158
vt 0.353413 0.908943
vt 0.351399 0.878272
vt 0.354367 0.893193
vt 0.357555 0.907907
vt 0.360988 0.922389
vt 0.359642 0.922761
vt 0.358286 0.923142
vt 0.356925 0.923529
vt 0.355561 0.923918
vt 0.352020 0.909293
vt 0.348740 0.894466
vt 0.345691 0.879453
vt 0.363356 0.937038
vt 0.367275 0.951128
vt 0.365987 0.951603
vt 0.362033 0.937462
vt 0.371329 0.965094
vt 0.370081 0.965623
vt 0.364697 0.952094
vt 0.360705 0.937897
vt 0.368831 0.966176
vt 0.364673 0.936630
vt 0.368558 0.950680
vt 0.372577 0.964602
vt 0.376663 0.978460
vt 0.375452 0.978997
vt 0.374243 0.979583
vt 0.373036 0.980201
vt 0.371829 0.980836
vt 0.367581 0.966742
vt 0.363405 0.952595
vt 0.359375 0.938338
vt 0.374282 0.015637
vt 0.370096 0.029089
vt 0.368824 0.028597
vt 0.373033 0.015083
vt 0.366036 0.042666
vt 0.364744 0.042230
vt 0.367552 0.028085
vt 0.371785 0.014501
vt 0.363449 0.041780
vt 0.379765 0.002811
vt 0.375533 0.016149
vt 0.378533 0.002248
vt 0.371365 0.029551
vt 0.367325 0.043082
vt 0.363476 0.056807
vt 0.362169 0.056429
vt 0.360856 0.056040
vt 0.359539 0.055642
vt 0.358219 0.055240
vt 0.362152 0.041323
vt 0.366279 0.027562
vt 0.370537 0.013905
vt 0.376081 0.000974
vt 0.374859 0.000300
vt 0.377306 0.001629
vt 0.358542 0.070427
vt 0.355146 0.084644
vt 0.353795 0.084317
vt 0.357209 0.070073
vt 0.351957 0.099054
vt 0.350589 0.098747
vt 0.352438 0.083987
vt 0.355871 0.069714
vt 0.349214 0.098437
vt 0.359867 0.070773
vt 0.356489 0.084967
vt 0.353316 0.099357
vt 0.350324 0.113913
vt 0.348950 0.113626
vt 0.347566 0.113335
vt 0.346176 0.113043
vt 0.344783 0.112749
vt 0.347837 0.098127
vt 0.351078 0.083656
vt 0.354531 0.069354
vt 0.346103 0.128335
vt 0.343409 0.143169
vt 0.341999 0.142907
vt 0.344706 0.128059
vt 0.340862 0.158118
vt 0.339441 0.157870
vt 0.340583 0.142645
vt 0.343302 0.127782
vt 0.338013 0.157622
vt 0.347491 0.128608
vt 0.344809 0.143428
vt 0.342273 0.158365
vt 0.338456 0.173174
vt 0.337025 0.172939
vt 0.335586 0.172704
vt 0.334144 0.172469
vt 0.336582 0.157373
vt 0.339163 0.142382
vt 0.341895 0.127504
vt 0.336188 0.188329
vt 0.334058 0.203582
vt 0.332605 0.203373
vt 0.334746 0.188107
vt 0.332065 0.218937
vt 0.330601 0.218740
vt 0.331145 0.203164
vt 0.333297 0.187885
vt 0.329130 0.218545
vt 0.327654 0.218349
vt 0.329682 0.202956
vt 0.331845 0.187663
vt 0.758322 0.281998
vt 0.770402 0.275543
vt 0.775551 0.287974
vt 0.762275 0.293317
vt 0.783508 0.271566
vt 0.788717 0.282364
vt 0.778057 0.294023
vt 0.764146 0.299078
vt 0.791467 0.287761
vt 0.746714 0.287053
vt 0.795290 0.266932
vt 0.801084 0.275603
vt 0.804176 0.280231
vt 0.805771 0.282618
vt 0.792839 0.290363
vt 0.779209 0.296804
vt 0.765016 0.301887
vt 0.749835 0.302740
vt 0.750395 0.305555
vt 0.748749 0.297281
vt 0.706795 0.286825
vt 0.720425 0.285484
vt 0.720425 0.298939
vt 0.706115 0.298794
vt 0.734056 0.286825
vt 0.734736 0.298794
vt 0.720425 0.305486
vt 0.705639 0.304833
vt 0.735212 0.304833
vt 0.694136 0.287053
vt 0.735483 0.307762
vt 0.720425 0.308497
vt 0.705368 0.307762
vt 0.691016 0.302740
vt 0.690456 0.305555
vt 0.692102 0.297281
vt 0.657342 0.271566
vt 0.670449 0.275543
vt 0.665300 0.287974
vt 0.652134 0.282364
vt 0.682529 0.281998
vt 0.678576 0.293317
vt 0.662794 0.294023
vt 0.649383 0.287761
vt 0.676705 0.299078
vt 0.645561 0.266932
vt 0.675835 0.301887
vt 0.661642 0.296804
vt 0.648012 0.290363
vt 0.636675 0.280231
vt 0.635080 0.282618
vt 0.639767 0.275603
vt 0.617494 0.238544
vt 0.628081 0.247234
vt 0.618567 0.256748
vt 0.608550 0.246527
vt 0.636771 0.257820
vt 0.628788 0.266765
vt 0.613937 0.261378
vt 0.603943 0.250460
vt 0.624854 0.271371
vt 0.608382 0.229754
vt 0.622976 0.273634
vt 0.611808 0.263507
vt 0.601681 0.252339
vt 0.595084 0.238640
vt 0.592697 0.240235
vt 0.599711 0.235548
vt 0.593316 0.192786
vt 0.599771 0.204866
vt 0.587341 0.210015
vt 0.581998 0.196738
vt 0.603749 0.217972
vt 0.592950 0.223180
vt 0.581292 0.212520
vt 0.576236 0.198609
vt 0.587553 0.225931
vt 0.588262 0.181178
vt 0.584952 0.227303
vt 0.578510 0.213672
vt 0.573427 0.199479
vt 0.572575 0.184298
vt 0.569759 0.184858
vt 0.578034 0.183213
vt 0.588490 0.141258
vt 0.589830 0.154889
vt 0.576375 0.154889
vt 0.576520 0.140579
vt 0.588489 0.168520
vt 0.576520 0.169199
vt 0.569828 0.154889
vt 0.570481 0.140103
vt 0.570481 0.169675
vt 0.588262 0.128600
vt 0.567553 0.169947
vt 0.566817 0.154889
vt 0.567553 0.139831
vt 0.572575 0.125480
vt 0.569759 0.124920
vt 0.578034 0.126566
vt 0.603749 0.091806
vt 0.599771 0.104912
vt 0.587341 0.099763
vt 0.592951 0.086598
vt 0.593316 0.116992
vt 0.581998 0.113040
vt 0.581292 0.097258
vt 0.587554 0.083847
vt 0.576237 0.111169
vt 0.608383 0.080024
vt 0.573427 0.110299
vt 0.578510 0.096106
vt 0.584952 0.082475
vt 0.595084 0.071138
vt 0.592697 0.069543
vt 0.599712 0.074230
vt 0.636771 0.051958
vt 0.628081 0.062544
vt 0.618567 0.053030
vt 0.628788 0.043013
vt 0.617494 0.071235
vt 0.608550 0.063251
vt 0.613937 0.048401
vt 0.624854 0.038407
vt 0.603943 0.059318
vt 0.645561 0.042846
vt 0.601681 0.057439
vt 0.611808 0.046272
vt 0.622976 0.036144
vt 0.636675 0.029547
vt 0.635080 0.027160
vt 0.639767 0.034175
vt 0.682529 0.027780
vt 0.670449 0.034235
vt 0.665300 0.021804
vt 0.678576 0.016461
vt 0.657343 0.038212
vt 0.652134 0.027414
vt 0.662794 0.015755
vt 0.676705 0.010700
vt 0.649383 0.022017
vt 0.694136 0.022725
vt 0.648012 0.019415
vt 0.661642 0.012974
vt 0.675835 0.007891
vt 0.691016 0.007038
vt 0.690456 0.004223
vt 0.692102 0.012497
vt 0.734056 0.022953
vt 0.720425 0.024294
vt 0.720425 0.010839
vt 0.734736 0.010984
vt 0.706795 0.022953
vt 0.706115 0.010984
vt 0.720425 0.004292
vt 0.735212 0.004945
vt 0.705639 0.004945
vt 0.746714 0.022725
vt 0.705368 0.002016
vt 0.720425 0.001281
vt 0.735483 0.002016
vt 0.749835 0.007038
vt 0.750395 0.004223
vt 0.748749 0.012497
vt 0.783508 0.038212
vt 0.770402 0.034235
vt 0.775551 0.021804
vt 0.788717 0.027414
vt 0.758322 0.027780
vt 0.762275 0.016461
vt 0.778057 0.015755
vt 0.791468 0.022017
vt 0.764146 0.010700
vt 0.795290 0.042846
vt 0.765016 0.007891
vt 0.779209 0.012974
vt 0.792839 0.019415
vt 0.804176 0.029547
vt 0.805771 0.027160
vt 0.801084 0.034175
vt 0.823357 0.071235
vt 0.812770 0.062544
vt 0.822284 0.053030
vt 0.832301 0.063251
vt 0.804080 0.051958
vt 0.812063 0.043013
vt 0.826914 0.048401
vt 0.836908 0.059318
vt 0.815997 0.038407
vt 0.832469 0.080024
vt 0.817875 0.036144
vt 0.829043 0.046272
vt 0.839170 0.057439
vt 0.845767 0.071138
vt 0.848154 0.069543
vt 0.841139 0.074231
vt 0.847535 0.116992
vt 0.841080 0.104912
vt 0.853510 0.099763
vt 0.858853 0.113040
vt 0.837102 0.091806
vt 0.847900 0.086598
vt 0.859559 0.097258
vt 0.864614 0.111169
vt 0.853297 0.083847
vt 0.852589 0.128600
vt 0.855899 0.082476
vt 0.862341 0.096106
vt 0.867424 0.110299
vt 0.868276 0.125480
vt 0.871092 0.124920
vt 0.862817 0.126566
vt 0.852362 0.168520
vt 0.851021 0.154889
vt 0.864475 0.154889
vt 0.864331 0.169200
vt 0.852361 0.141258
vt 0.864331 0.140579
vt 0.871023 0.154889
vt 0.870370 0.169676
vt 0.870370 0.140103
vt 0.852589 0.181178
vt 0.873298 0.139831
vt 0.874034 0.154889
vt 0.873298 0.169947
vt 0.868276 0.184299
vt 0.871092 0.184859
vt 0.862817 0.183213
vt 0.837102 0.217972
vt 0.841080 0.204866
vt 0.853510 0.210015
vt 0.847900 0.223181
vt 0.847535 0.192786
vt 0.858853 0.196738
vt 0.859559 0.212520
vt 0.853297 0.225931
vt 0.864614 0.198610
vt 0.832469 0.229754
vt 0.867424 0.199479
vt 0.862341 0.213673
vt 0.855899 0.227303
vt 0.845767 0.238640
vt 0.848154 0.240235
vt 0.841139 0.235548
vt 0.804080 0.257820
vt 0.812770 0.247234
vt 0.822284 0.256748
vt 0.812063 0.266765
vt 0.823357 0.238544
vt 0.832301 0.246527
vt 0.826914 0.261378
vt 0.815997 0.271371
vt 0.836908 0.250460
vt 0.839170 0.252339
vt 0.829043 0.263507
vt 0.817875 0.273634
vt 0.339181 0.785470
vt 0.337314 0.769780
vt 0.342277 0.769167
vt 0.344131 0.784818
vt 0.335576 0.754061
vt 0.340549 0.753487
vt 0.353238 0.767828
vt 0.355062 0.783398
vt 0.351536 0.752231
vt 0.341174 0.801113
vt 0.333967 0.738332
vt 0.338948 0.737796
vt 0.349958 0.736621
vt 0.370020 0.734488
vt 0.371553 0.749953
vt 0.373204 0.765405
vt 0.374973 0.780828
vt 0.357006 0.798922
vt 0.376858 0.796208
vt 0.346109 0.800423
vt 0.324562 0.344821
vt 0.325475 0.329001
vt 0.330468 0.329366
vt 0.329562 0.345146
vt 0.326516 0.313191
vt 0.331500 0.313596
vt 0.341488 0.330162
vt 0.340603 0.345859
vt 0.342497 0.314477
vt 0.323780 0.360636
vt 0.327681 0.297406
vt 0.332654 0.297850
vt 0.343625 0.298816
vt 0.363605 0.300562
vt 0.362524 0.316070
vt 0.361560 0.331602
vt 0.360714 0.347147
vt 0.339844 0.361553
vt 0.359991 0.362691
vt 0.328785 0.360923
vt 0.347965 0.847565
vt 0.345555 0.832185
vt 0.350449 0.831418
vt 0.352834 0.846761
vt 0.343296 0.816693
vt 0.348212 0.815964
vt 0.361268 0.829760
vt 0.363607 0.845030
vt 0.359072 0.814383
vt 0.350538 0.862808
vt 0.378859 0.811528
vt 0.380985 0.826769
vt 0.383247 0.841909
vt 0.366101 0.860168
vt 0.385656 0.856928
vt 0.355378 0.861969
vt 0.322188 0.407992
vt 0.322601 0.392220
vt 0.327615 0.392432
vt 0.327206 0.408168
vt 0.323128 0.376436
vt 0.328138 0.376685
vt 0.338702 0.392900
vt 0.338304 0.408558
vt 0.339212 0.377233
vt 0.321882 0.423757
vt 0.359390 0.378225
vt 0.358906 0.393748
vt 0.358531 0.409264
vt 0.338011 0.424210
vt 0.358258 0.424776
vt 0.326902 0.423898
vt 0.359399 0.907483
vt 0.356233 0.892792
vt 0.361008 0.891885
vt 0.364134 0.906545
vt 0.353287 0.877893
vt 0.358096 0.877018
vt 0.371612 0.889962
vt 0.374669 0.904574
vt 0.368763 0.875153
vt 0.362805 0.921940
vt 0.388224 0.871804
vt 0.390969 0.886517
vt 0.393908 0.901050
vt 0.377952 0.918965
vt 0.397058 0.915383
vt 0.367497 0.920975
vt 0.321522 0.471024
vt 0.321556 0.455273
vt 0.326582 0.455344
vt 0.326551 0.471061
vt 0.321674 0.439518
vt 0.326697 0.439623
vt 0.337707 0.455504
vt 0.337684 0.471146
vt 0.337813 0.439859
vt 0.321565 0.486767
vt 0.358078 0.440286
vt 0.357988 0.455794
vt 0.357981 0.471300
vt 0.337741 0.486782
vt 0.358052 0.486802
vt 0.326598 0.486771
vt 0.374293 0.964068
vt 0.370310 0.950176
vt 0.374900 0.949166
vt 0.378827 0.963039
vt 0.366459 0.936154
vt 0.371102 0.935165
vt 0.385171 0.947111
vt 0.388996 0.960972
vt 0.381469 0.933129
vt 0.378342 0.977895
vt 0.400426 0.929509
vt 0.403966 0.943471
vt 0.407621 0.957323
vt 0.392883 0.974773
vt 0.411333 0.971120
vt 0.382818 0.976849
vt 0.322162 0.533959
vt 0.321878 0.518234
vt 0.326920 0.518172
vt 0.327207 0.533865
vt 0.321682 0.502504
vt 0.326719 0.502474
vt 0.338081 0.518037
vt 0.338374 0.533658
vt 0.337872 0.502412
vt 0.322542 0.549680
vt 0.358198 0.502299
vt 0.358421 0.517792
vt 0.358723 0.533282
vt 0.338757 0.549276
vt 0.359106 0.548769
vt 0.327588 0.549554
vt 0.369076 0.043560
vt 0.373097 0.030062
vt 0.377616 0.031060
vt 0.373633 0.044538
vt 0.377246 0.016694
vt 0.381726 0.017712
vt 0.387711 0.033075
vt 0.383807 0.046543
vt 0.391739 0.019732
vt 0.365246 0.057255
vt 0.381459 0.003392
vt 0.385900 0.004429
vt 0.395829 0.006450
vt 0.413987 0.009985
vt 0.410050 0.023282
vt 0.406171 0.036635
vt 0.402409 0.050100
vt 0.380088 0.060196
vt 0.398822 0.063734
vt 0.369840 0.058211
vt 0.324268 0.596832
vt 0.323603 0.581115
vt 0.328642 0.580925
vt 0.329301 0.596610
vt 0.323025 0.565398
vt 0.328068 0.565240
vt 0.339796 0.580504
vt 0.340442 0.596117
vt 0.339232 0.564891
vt 0.325010 0.612551
vt 0.359574 0.564254
vt 0.360122 0.579737
vt 0.360749 0.595219
vt 0.341164 0.611731
vt 0.361449 0.610701
vt 0.330036 0.612296
vt 0.355143 0.099740
vt 0.358298 0.085368
vt 0.362959 0.086273
vt 0.359836 0.100616
vt 0.361657 0.071197
vt 0.366285 0.072127
vt 0.373338 0.088189
vt 0.370273 0.102486
vt 0.376602 0.074083
vt 0.352168 0.114278
vt 0.395455 0.077580
vt 0.392298 0.091626
vt 0.389331 0.105846
vt 0.367381 0.116943
vt 0.386530 0.120216
vt 0.356890 0.115126
vt 0.327677 0.659721
vt 0.326710 0.643997
vt 0.331725 0.643675
vt 0.332688 0.659365
vt 0.325823 0.628273
vt 0.330843 0.627985
vt 0.342828 0.642962
vt 0.343778 0.658577
vt 0.341958 0.627346
vt 0.328731 0.675444
vt 0.362221 0.626183
vt 0.363069 0.641664
vt 0.363996 0.657144
vt 0.344814 0.674189
vt 0.365007 0.672619
vt 0.333736 0.675053
vt 0.344159 0.158684
vt 0.346683 0.143762
vt 0.351457 0.144551
vt 0.348957 0.159443
vt 0.349351 0.128957
vt 0.354100 0.129776
vt 0.362047 0.146253
vt 0.359593 0.161083
vt 0.364641 0.131537
vt 0.383877 0.134713
vt 0.381365 0.149326
vt 0.378992 0.164046
vt 0.332486 0.722606
vt 0.331126 0.706884
vt 0.336121 0.706423
vt 0.337475 0.722108
vt 0.329877 0.691164
vt 0.334878 0.690738
vt 0.347169 0.705405
vt 0.348505 0.721012
vt 0.345942 0.689798
vt 0.366107 0.688090
vt 0.367304 0.703557
vt 0.368605 0.719023
vt 0.328970 0.281661
vt 0.330387 0.265972
vt 0.335329 0.266493
vt 0.333929 0.282144
vt 0.331936 0.250354
vt 0.336861 0.250913
vt 0.346241 0.267626
vt 0.344872 0.283194
vt 0.347738 0.252126
vt 0.367556 0.254320
vt 0.366116 0.269673
vt 0.364801 0.285092
vt 0.389479 0.471536
vt 0.389463 0.456241
vt 0.430097 0.456816
vt 0.430143 0.471841
vt 0.389527 0.440945
vt 0.430128 0.441794
vt 0.476837 0.457477
vt 0.476918 0.472189
vt 0.476829 0.442769
vt 0.389573 0.486830
vt 0.389678 0.425650
vt 0.430241 0.426775
vt 0.476899 0.428067
vt 0.526605 0.429444
vt 0.526581 0.443808
vt 0.526630 0.458180
vt 0.526748 0.472561
vt 0.477072 0.486906
vt 0.526935 0.486949
vt 0.430265 0.486866
vt 0.436579 0.951727
vt 0.433181 0.937884
vt 0.470922 0.930704
vt 0.473993 0.944536
vt 0.429885 0.923949
vt 0.467936 0.916801
vt 0.514347 0.922461
vt 0.517044 0.936282
vt 0.511715 0.908594
vt 0.440028 0.965523
vt 0.426741 0.909876
vt 0.465077 0.902793
vt 0.509182 0.894660
vt 0.556171 0.886002
vt 0.558358 0.899858
vt 0.560613 0.913686
vt 0.562913 0.927496
vt 0.519774 0.950081
vt 0.565236 0.941298
vt 0.477107 0.958333
vt 0.390292 0.532697
vt 0.389980 0.517410
vt 0.430718 0.516917
vt 0.431043 0.531942
vt 0.389740 0.502121
vt 0.430458 0.501891
vt 0.477576 0.516349
vt 0.477914 0.531074
vt 0.477293 0.501626
vt 0.390677 0.547982
vt 0.527187 0.501344
vt 0.527494 0.515745
vt 0.527845 0.530149
vt 0.478299 0.545799
vt 0.528231 0.544554
vt 0.431428 0.546967
vt 0.431314 0.055563
vt 0.434856 0.042093
vt 0.471906 0.049106
vt 0.468649 0.062586
vt 0.438502 0.028717
vt 0.475251 0.035697
vt 0.514533 0.057156
vt 0.511604 0.070649
vt 0.517533 0.043706
vt 0.427930 0.069175
vt 0.442201 0.015388
vt 0.478642 0.022323
vt 0.520568 0.030279
vt 0.565236 0.038745
vt 0.562579 0.052231
vt 0.559949 0.065724
vt 0.557369 0.079232
vt 0.508782 0.084208
vt 0.554866 0.092762
vt 0.465527 0.076172
vt 0.392260 0.593826
vt 0.391661 0.578546
vt 0.432373 0.577011
vt 0.432938 0.592029
vt 0.391133 0.563265
vt 0.431871 0.561990
vt 0.479201 0.575244
vt 0.479728 0.589962
vt 0.478727 0.560523
vt 0.392929 0.609104
vt 0.528642 0.558960
vt 0.529087 0.573363
vt 0.529574 0.587760
vt 0.480315 0.604674
vt 0.530114 0.602150
vt 0.433569 0.607043
vt 0.418930 0.111031
vt 0.421750 0.096923
vt 0.459786 0.103742
vt 0.457153 0.117708
vt 0.424744 0.082964
vt 0.462573 0.089892
vt 0.503544 0.111576
vt 0.501126 0.125380
vt 0.506094 0.097850
vt 0.416266 0.125269
vt 0.552462 0.106322
vt 0.550164 0.119917
vt 0.547974 0.133550
vt 0.498836 0.139260
vt 0.545896 0.147227
vt 0.454664 0.131779
vt 0.395372 0.654923
vt 0.394482 0.639653
vt 0.435036 0.637059
vt 0.435879 0.652058
vt 0.393669 0.624380
vt 0.434267 0.622054
vt 0.481685 0.634076
vt 0.482473 0.648763
vt 0.480966 0.619379
vt 0.396344 0.670186
vt 0.530715 0.616529
vt 0.531380 0.630898
vt 0.532110 0.645254
vt 0.483333 0.663442
vt 0.532907 0.659599
vt 0.436799 0.667049
vt 0.409104 0.168626
vt 0.411357 0.154075
vt 0.450081 0.160195
vt 0.447982 0.174529
vt 0.413743 0.139620
vt 0.452308 0.145944
vt 0.494627 0.167230
vt 0.492704 0.181315
vt 0.496670 0.153211
vt 0.406981 0.183266
vt 0.543932 0.160950
vt 0.542083 0.174722
vt 0.540348 0.188541
vt 0.490902 0.195463
vt 0.538728 0.202410
vt 0.446009 0.188941
vt 0.399796 0.715945
vt 0.398549 0.700696
vt 0.438884 0.697008
vt 0.440060 0.711975
vt 0.397400 0.685444
vt 0.437799 0.682032
vt 0.485280 0.692766
vt 0.486374 0.707412
vt 0.484268 0.678109
vt 0.401148 0.731190
vt 0.533772 0.673931
vt 0.534706 0.688249
vt 0.535712 0.702552
vt 0.487553 0.722047
vt 0.536793 0.716839
vt 0.441332 0.726936
vt 0.395720 0.288025
vt 0.396952 0.272838
vt 0.436757 0.276917
vt 0.435631 0.291805
vt 0.398304 0.257711
vt 0.437996 0.262082
vt 0.482541 0.281605
vt 0.481537 0.296149
vt 0.483651 0.267107
vt 0.394602 0.303260
vt 0.399781 0.242657
vt 0.439353 0.247311
vt 0.484871 0.252660
vt 0.533361 0.258358
vt 0.532287 0.272458
vt 0.531314 0.286598
vt 0.530441 0.300776
vt 0.480636 0.310732
vt 0.529663 0.314987
vt 0.434614 0.306736
vt 0.401387 0.227684
vt 0.403123 0.212795
vt 0.442434 0.217981
vt 0.440832 0.232610
vt 0.404987 0.197989
vt 0.444160 0.203425
vt 0.487653 0.223942
vt 0.486204 0.238271
vt 0.489218 0.209672
vt 0.537221 0.216326
vt 0.535826 0.230291
vt 0.534540 0.244301
vt 0.405869 0.776855
vt 0.404185 0.761657
vt 0.444177 0.756825
vt 0.445751 0.771734
vt 0.402611 0.746431
vt 0.442704 0.741889
vt 0.490177 0.751271
vt 0.491625 0.765847
vt 0.488820 0.736668
vt 0.407661 0.792013
vt 0.537948 0.731108
vt 0.539182 0.745355
vt 0.540494 0.759578
vt 0.493163 0.780391
vt 0.541888 0.773772
vt 0.447425 0.786606
vt 0.391918 0.349137
vt 0.392700 0.333827
vt 0.432897 0.336693
vt 0.432197 0.351700
vt 0.393595 0.318531
vt 0.433703 0.321702
vt 0.479132 0.339987
vt 0.478527 0.354646
vt 0.479835 0.325347
vt 0.391251 0.364450
vt 0.528979 0.329228
vt 0.528386 0.343495
vt 0.527882 0.357783
vt 0.478018 0.369318
vt 0.527463 0.372089
vt 0.431603 0.366715
vt 0.413729 0.837091
vt 0.411583 0.822148
vt 0.451084 0.816194
vt 0.453083 0.830884
vt 0.409563 0.807116
vt 0.449201 0.801430
vt 0.496522 0.809351
vt 0.498350 0.823750
vt 0.494794 0.794895
vt 0.416011 0.851927
vt 0.543365 0.787935
vt 0.544927 0.802063
vt 0.546576 0.816154
vt 0.500285 0.838086
vt 0.548313 0.830205
vt 0.455202 0.845486
vt 0.389919 0.410354
vt 0.390257 0.395057
vt 0.430730 0.396743
vt 0.430440 0.411758
vt 0.390699 0.379756
vt 0.431116 0.381729
vt 0.477283 0.398680
vt 0.477049 0.413371
vt 0.477604 0.383996
vt 0.527129 0.386410
vt 0.526876 0.400744
vt 0.526702 0.415088
vt 0.423789 0.895628
vt 0.421027 0.881211
vt 0.459841 0.874381
vt 0.462379 0.888652
vt 0.418439 0.866639
vt 0.457452 0.859989
vt 0.504491 0.866536
vt 0.506773 0.880641
vt 0.502330 0.852349
vt 0.550142 0.844214
vt 0.552061 0.858183
vt 0.554071 0.872111
vn 0.1643 0.0004 -0.9864
vn 0.1687 0.0267 -0.9853
vn 0.2643 0.0284 -0.9640
vn 0.2600 0.0014 -0.9656
vn 0.1695 0.2886 -0.9423
vn 0.2608 0.2924 -0.9200
vn 0.3573 0.0301 -0.9335
vn 0.3532 0.0024 -0.9355
vn 0.3494 0.2961 -0.8889
vn 0.0594 -0.0039 -0.9982
vn 0.0664 -0.0005 -0.9978
vn 0.1574 -0.0032 -0.9875
vn 0.0708 0.0251 -0.9972
vn 0.0757 0.2847 -0.9556
vn 0.0571 0.8332 -0.5500
vn 0.1115 0.8345 -0.5395
vn 0.1640 0.8358 -0.5239
vn 0.2143 0.8369 -0.5035
vn 0.2625 0.8380 -0.4783
vn 0.4348 0.2998 -0.8491
vn 0.4475 0.0317 -0.8937
vn 0.4436 0.0034 -0.8962
vn 0.3466 -0.0016 -0.9380
vn 0.4372 -0.0009 -0.8993
vn 0.2532 -0.0024 -0.9674
vn 0.5297 0.0045 -0.8482
vn 0.5333 0.0334 -0.8452
vn 0.6134 0.0350 -0.7890
vn 0.6101 0.0055 -0.7923
vn 0.5158 0.3033 -0.8012
vn 0.5911 0.3066 -0.7461
vn 0.6876 0.0367 -0.7252
vn 0.6847 0.0066 -0.7288
vn 0.6605 0.3098 -0.6840
vn 0.5236 -0.0001 -0.8519
vn 0.3076 0.8391 -0.4487
vn 0.3491 0.8401 -0.4153
vn 0.3870 0.8408 -0.3784
vn 0.4213 0.8415 -0.3380
vn 0.7237 0.3127 -0.6151
vn 0.7556 0.0381 -0.6539
vn 0.7531 0.0075 -0.6579
vn 0.6794 0.0016 -0.7337
vn 0.7484 0.0023 -0.6633
vn 0.6044 0.0007 -0.7966
vn 0.8142 0.0085 -0.5805
vn 0.8162 0.0396 -0.5763
vn 0.8686 0.0410 -0.4938
vn 0.8670 0.0094 -0.4981
vn 0.7799 0.3153 -0.5406
vn 0.8282 0.3178 -0.4616
vn 0.9127 0.0422 -0.4065
vn 0.9116 0.0103 -0.4110
vn 0.8686 0.3199 -0.3785
vn 0.8100 0.0031 -0.5864
vn 0.4513 0.8422 -0.2948
vn 0.4769 0.8428 -0.2495
vn 0.4981 0.8431 -0.2023
vn 0.5149 0.8434 -0.1533
vn 0.9008 0.3217 -0.2915
vn 0.9481 0.0433 -0.3148
vn 0.9476 0.0111 -0.3193
vn 0.9086 0.0047 -0.4176
vn 0.9453 0.0053 -0.3262
vn 0.8635 0.0039 -0.5044
vn 0.9744 0.0118 -0.2246
vn 0.9745 0.0443 -0.2200
vn 0.9912 0.0452 -0.1239
vn 0.9916 0.0125 -0.1284
vn 0.9245 0.3232 -0.2019
vn 0.9393 0.3244 -0.1111
vn 0.9986 0.0459 -0.0266
vn 0.9994 0.0131 -0.0309
vn 0.9454 0.3253 -0.0195
vn 0.9728 0.0060 -0.2316
vn 0.5269 0.8436 -0.1031
vn 0.5342 0.8437 -0.0525
vn 0.5369 0.8437 -0.0016
vn 0.5349 0.8434 0.0495
vn 0.9426 0.3258 0.0728
vn 0.9963 0.0464 0.0716
vn 0.9976 0.0135 0.0674
vn 0.9992 0.0071 -0.0381
vn 0.9981 0.0075 0.0603
vn 0.9908 0.0066 -0.1355
vn 0.9862 0.0139 0.1651
vn 0.9845 0.0467 0.1690
vn 0.9633 0.0469 0.2642
vn 0.9653 0.0141 0.2605
vn 0.9310 0.3259 0.1643
vn 0.9108 0.3258 0.2536
vn 0.9330 0.0469 0.3569
vn 0.9353 0.0143 0.3535
vn 0.8821 0.3252 0.3406
vn 0.9874 0.0079 0.1581
vn 0.5281 0.8432 0.1002
vn 0.5168 0.8429 0.1497
vn 0.5012 0.8424 0.1979
vn 0.4811 0.8418 0.2449
vn 0.8450 0.3244 0.4251
vn 0.8935 0.0467 0.4467
vn 0.8961 0.0143 0.4436
vn 0.9378 0.0084 0.3469
vn 0.8992 0.0085 0.4374
vn 0.9672 0.0082 0.2537
vn 0.8482 0.0142 0.5295
vn 0.8453 0.0464 0.5322
vn 0.7895 0.0458 0.6120
vn 0.7925 0.0139 0.6097
vn 0.8000 0.3231 0.5055
vn 0.7477 0.3216 0.5809
vn 0.7261 0.0451 0.6861
vn 0.7292 0.0136 0.6841
vn 0.6885 0.3198 0.6509
vn 0.8519 0.0085 0.5236
vn 0.4566 0.8411 0.2899
vn 0.4282 0.8404 0.3322
vn 0.3960 0.8395 0.3720
vn 0.3600 0.8385 0.4090
vn 0.6223 0.3176 0.7154
vn 0.6553 0.0442 0.7541
vn 0.6585 0.0132 0.7524
vn 0.7340 0.0082 0.6791
vn 0.6637 0.0079 0.7479
vn 0.7967 0.0084 0.6042
vn 0.5814 0.0126 0.8135
vn 0.5781 0.0432 0.8148
vn 0.4959 0.0420 0.8673
vn 0.4992 0.0119 0.8664
vn 0.5501 0.3151 0.7734
vn 0.4730 0.3124 0.8238
vn 0.4089 0.0407 0.9116
vn 0.4122 0.0112 0.9110
vn 0.3912 0.3095 0.8667
vn 0.5870 0.0075 0.8095
vn 0.3204 0.8375 0.4425
vn 0.2781 0.8365 0.4722
vn 0.2328 0.8353 0.4981
vn 0.1848 0.8340 0.5198
vn 0.3050 0.3062 0.9017
vn 0.3174 0.0392 0.9474
vn 0.3207 0.0103 0.9471
vn 0.4185 0.0065 0.9082
vn 0.3272 0.0059 0.9449
vn 0.5052 0.0070 0.8630
vn 0.2261 0.0094 0.9741
vn 0.2228 0.0377 0.9741
vn 0.1266 0.0361 0.9913
vn 0.1298 0.0085 0.9915
vn 0.2156 0.3028 0.9283
vn 0.1245 0.2993 0.9460
vn 0.0291 0.0344 0.9990
vn 0.0323 0.0074 0.9995
vn 0.0319 0.2956 0.9547
vn 0.2327 0.0052 0.9725
vn 0.1346 0.8328 0.5369
vn 0.0830 0.8315 0.5492
vn 0.0302 0.8302 0.5566
vn -0.0239 0.8289 0.5589
vn -0.0620 0.2918 0.9545
vn -0.0693 0.0327 0.9970
vn -0.0662 0.0064 0.9978
vn 0.0391 0.0037 0.9992
vn -0.0594 0.0029 0.9982
vn 0.1366 0.0045 0.9906
vn -0.1641 0.0053 0.9864
vn -0.1671 0.0309 0.9854
vn -0.2627 0.0291 0.9644
vn -0.2598 0.0042 0.9656
vn -0.1556 0.2879 0.9449
vn -0.2474 0.2840 0.9263
vn -0.3558 0.0273 0.9341
vn -0.3530 0.0031 0.9356
vn -0.3371 0.2802 0.8988
vn -0.1573 0.0020 0.9875
vn -0.0782 0.8276 0.5559
vn -0.1321 0.8263 0.5475
vn -0.1852 0.8250 0.5339
vn -0.2375 0.8237 0.5149
vn -0.4245 0.2763 0.8622
vn -0.4461 0.0255 0.8946
vn -0.4434 0.0020 0.8963
vn -0.3465 0.0003 0.9380
vn -0.4372 -0.0005 0.8993
vn -0.2532 0.0012 0.9674
vn -0.5295 0.0009 0.8483
vn -0.5320 0.0238 0.8464
vn -0.6123 0.0222 0.7903
vn -0.6099 -0.0002 0.7924
vn -0.5079 0.2725 0.8171
vn -0.5861 0.2689 0.7643
vn -0.6867 0.0206 0.7266
vn -0.6845 -0.0011 0.7290
vn -0.6589 0.2655 0.7038
vn -0.5236 -0.0014 0.8519
vn -0.2878 0.8225 0.4905
vn -0.3354 0.8214 0.4612
vn -0.3802 0.8204 0.4271
vn -0.4217 0.8194 0.3882
vn -0.7258 0.2622 0.6359
vn -0.7550 0.0191 0.6554
vn -0.7530 -0.0021 0.6580
vn -0.6794 -0.0030 0.7337
vn -0.7483 -0.0038 0.6633
vn -0.6044 -0.0022 0.7966
vn -0.8141 -0.0030 0.5807
vn -0.8159 0.0178 0.5779
vn -0.8685 0.0165 0.4953
vn -0.8670 -0.0038 0.4983
vn -0.7857 0.2592 0.5616
vn -0.8376 0.2565 0.4822
vn -0.9128 0.0154 0.4080
vn -0.9115 -0.0046 0.4112
vn -0.8815 0.2541 0.3979
vn -0.8100 -0.0045 0.5864
vn -0.4592 0.8186 0.3450
vn -0.4920 0.8179 0.2983
vn -0.5200 0.8173 0.2483
vn -0.5429 0.8168 0.1951
vn -0.9171 0.2520 0.3089
vn -0.9485 0.0144 0.3162
vn -0.9476 -0.0052 0.3195
vn -0.9086 -0.0058 0.4176
vn -0.9453 -0.0063 0.3262
vn -0.8635 -0.0052 0.5044
vn -0.9744 -0.0059 0.2247
vn -0.9751 0.0136 0.2213
vn -0.9921 0.0129 0.1250
vn -0.9917 -0.0063 0.1285
vn -0.9435 0.2503 0.2169
vn -0.9606 0.2489 0.1232
vn -0.9995 0.0124 0.0274
vn -0.9995 -0.0067 0.0310
vn -0.9683 0.2480 0.0282
vn -0.9728 -0.0069 0.2316
vn -0.5601 0.8165 0.1397
vn -0.5715 0.8164 0.0829
vn -0.5770 0.8163 0.0253
vn -0.5764 0.8164 -0.0331
vn -0.9665 0.2474 -0.0677
vn -0.9974 0.0120 -0.0710
vn -0.9977 -0.0070 -0.0674
vn -0.9992 -0.0077 0.0381
vn -0.9981 -0.0080 -0.0603
vn -0.9908 -0.0073 0.1355
vn -0.9862 -0.0073 -0.1651
vn -0.9856 0.0117 -0.1687
vn -0.9644 0.0117 -0.2641
vn -0.9654 -0.0074 -0.2605
vn -0.9551 0.2473 -0.1629
vn -0.9344 0.2476 -0.2559
vn -0.9340 0.0118 -0.3570
vn -0.9354 -0.0074 -0.3535
vn -0.9046 0.2482 -0.3464
vn -0.9874 -0.0082 -0.1581
vn -0.5697 0.8168 -0.0911
vn -0.5570 0.8173 -0.1478
vn -0.5385 0.8178 -0.2028
vn -0.5143 0.8185 -0.2560
vn -0.8657 0.2493 -0.4341
vn -0.8944 0.0121 -0.4471
vn -0.8961 -0.0074 -0.4437
vn -0.9378 -0.0084 -0.3469
vn -0.8992 -0.0085 -0.4374
vn -0.9672 -0.0084 -0.2537
vn -0.8482 -0.0072 -0.5296
vn -0.8461 0.0125 -0.5328
vn -0.7901 0.0130 -0.6129
vn -0.7925 -0.0070 -0.6098
vn -0.8181 0.2507 -0.5174
vn -0.7630 0.2526 -0.5950
vn -0.7264 0.0137 -0.6871
vn -0.7292 -0.0067 -0.6843
vn -0.7004 0.2547 -0.6667
vn -0.8519 -0.0084 -0.5236
vn -0.4846 0.8194 -0.3062
vn -0.4501 0.8204 -0.3526
vn -0.4112 0.8214 -0.3952
vn -0.3680 0.8225 -0.4336
vn -0.6306 0.2572 -0.7322
vn -0.6554 0.0145 -0.7552
vn -0.6584 -0.0063 -0.7526
vn -0.7340 -0.0081 -0.6791
vn -0.6637 -0.0079 -0.7479
vn -0.7967 -0.0083 -0.6042
vn 0.0303 0.2263 0.9736
vn 0.1249 0.2261 0.9660
vn 0.1244 0.0363 0.9915
vn 0.0270 0.0363 0.9990
vn 0.2184 0.2260 0.9493
vn 0.2206 0.0363 0.9747
vn 0.1239 0.0053 0.9922
vn 0.0264 0.0053 0.9996
vn 0.2203 0.0053 0.9754
vn -0.0402 0.6524 0.7568
vn 0.0336 0.6516 0.7578
vn -0.0653 0.2264 0.9718
vn 0.1065 0.6509 0.7516
vn 0.1785 0.6503 0.7384
vn 0.2492 0.6498 0.7181
vn 0.3103 0.2258 0.9234
vn 0.3153 0.0363 0.9483
vn 0.3151 0.0053 0.9490
vn 0.3150 0.0004 0.9491
vn 0.2202 0.0004 0.9754
vn 0.1238 0.0004 0.9923
vn 0.0263 0.0004 0.9996
vn -0.0721 0.0053 0.9974
vn -0.0722 0.0004 0.9974
vn -0.0714 0.0363 0.9968
vn -0.5813 -0.0058 -0.8136
vn -0.5780 0.0155 -0.8159
vn -0.4955 0.0166 -0.8684
vn -0.4991 -0.0052 -0.8665
vn -0.5546 0.2600 -0.7904
vn -0.4739 0.2630 -0.8404
vn -0.4082 0.0178 -0.9127
vn -0.4121 -0.0046 -0.9111
vn -0.3886 0.2663 -0.8821
vn -0.5870 -0.0076 -0.8095
vn -0.3210 0.8238 -0.4672
vn -0.2714 0.8251 -0.4955
vn -0.2194 0.8264 -0.5185
vn -0.1652 0.8277 -0.5362
vn -0.2991 0.2697 -0.9153
vn -0.3165 0.0191 -0.9484
vn -0.3205 -0.0039 -0.9472
vn -0.4185 -0.0068 -0.9082
vn -0.3272 -0.0063 -0.9449
vn -0.5051 -0.0072 -0.8630
vn -0.2258 -0.0031 -0.9742
vn -0.2216 0.0205 -0.9749
vn -0.1252 0.0219 -0.9919
vn -0.1296 -0.0023 -0.9915
vn -0.2069 0.2733 -0.9394
vn -0.1135 0.2770 -0.9541
vn -0.0276 0.0235 -0.9993
vn -0.0320 -0.0014 -0.9995
vn -0.0192 0.2808 -0.9595
vn -0.2327 -0.0058 -0.9725
vn -0.1097 0.8292 -0.5481
vn -0.0540 0.8306 -0.5543
vn 0.0016 0.8319 -0.5549
vn -0.0391 -0.0045 -0.9992
vn -0.1365 -0.0052 -0.9906
vn 0.0000 -1.0000 0.0000
vn 0.0000 -1.0000 -0.0004
vn 0.0001 -1.0000 -0.0002
vn -0.0001 -1.0000 -0.0002
vn 0.0000 -1.0000 -0.0002
vn 0.0002 -1.0000 -0.0004
vn 0.0002 -1.0000 -0.0001
vn 0.0001 -1.0000 -0.0001
vn 0.0003 -1.0000 -0.0003
vn 0.0004 -1.0000 -0.0002
vn 0.0002 -1.0000 0.0000
vn 0.0004 -1.0000 0.0000
vn 0.0002 -1.0000 0.0001
vn 0.0004 -1.0000 0.0002
vn 0.0002 -1.0000 0.0002
vn 0.0001 -1.0000 0.0001
vn 0.0003 -1.0000 0.0003
vn 0.0001 -1.0000 0.0002
vn 0.0002 -1.0000 0.0004
vn 0.0000 -1.0000 0.0002
vn 0.0000 -1.0000 0.0004
vn -0.0001 -1.0000 0.0002
vn -0.0002 -1.0000 0.0004
vn -0.0002 -1.0000 0.0002
vn -0.0001 -1.0000 0.0001
vn -0.0003 -1.0000 0.0003
vn -0.0002 -1.0000 0.0001
vn -0.0004 -1.0000 0.0002
vn -0.0002 -1.0000 0.0000
vn -0.0004 -1.0000 0.0000
vn -0.0002 -1.0000 -0.0001
vn -0.0004 -1.0000 -0.0002
vn -0.0002 -1.0000 -0.0002
vn -0.0001 -1.0000 -0.0001
vn -0.0003 -1.0000 -0.0003
vn -0.0002 -1.0000 -0.0004
vn 0.1227 -0.0023 -0.9924
vn 0.1350 -0.0028 -0.9908
vn 0.2312 -0.0022 -0.9729
vn 0.2191 -0.0017 -0.9757
vn 0.1472 -0.0032 -0.9891
vn 0.2432 -0.0025 -0.9700
vn 0.3252 -0.0015 -0.9456
vn 0.3134 -0.0010 -0.9496
vn 0.3369 -0.0019 -0.9415
vn 0.0140 -0.0030 -0.9999
vn 0.0244 -0.0029 -0.9997
vn 0.1123 -0.0023 -0.9937
vn 0.0368 -0.0034 -0.9993
vn 0.0492 -0.0038 -0.9988
vn 0.4279 -0.0012 -0.9038
vn 0.4166 -0.0008 -0.9091
vn 0.4053 -0.0003 -0.9142
vn 0.3034 -0.0008 -0.9528
vn 0.3957 0.0000 -0.9184
vn 0.2089 -0.0016 -0.9779
vn 0.5148 -0.0005 -0.8573
vn 0.5961 0.0002 -0.8029
vn 0.5861 0.0005 -0.8102
vn 0.5041 -0.0002 -0.8636
vn 0.6718 0.0010 -0.7407
vn 0.6625 0.0013 -0.7490
vn 0.5759 0.0011 -0.8175
vn 0.4932 0.0004 -0.8699
vn 0.6530 0.0019 -0.7573
vn 0.7414 0.0017 -0.6710
vn 0.7330 0.0020 -0.6802
vn 0.7244 0.0026 -0.6894
vn 0.7171 0.0033 -0.6970
vn 0.6450 0.0025 -0.7641
vn 0.5673 0.0017 -0.8235
vn 0.4841 0.0008 -0.8750
vn 0.8039 0.0024 -0.5948
vn 0.8581 0.0032 -0.5134
vn 0.8516 0.0034 -0.5241
vn 0.7964 0.0027 -0.6048
vn 0.9042 0.0038 -0.4270
vn 0.8988 0.0041 -0.4384
vn 0.8450 0.0041 -0.5348
vn 0.7887 0.0033 -0.6148
vn 0.8932 0.0048 -0.4497
vn 0.9418 0.0045 -0.3360
vn 0.9375 0.0047 -0.3478
vn 0.9331 0.0054 -0.3596
vn 0.9292 0.0064 -0.3695
vn 0.8884 0.0057 -0.4591
vn 0.8393 0.0049 -0.5437
vn 0.7821 0.0041 -0.6231
vn 0.9703 0.0051 -0.2418
vn 0.9893 0.0057 -0.1458
vn 0.9874 0.0059 -0.1583
vn 0.9672 0.0053 -0.2539
vn 0.9988 0.0062 -0.0485
vn 0.9981 0.0064 -0.0611
vn 0.9853 0.0066 -0.1707
vn 0.9639 0.0060 -0.2661
vn 0.9973 0.0071 -0.0736
vn 0.9987 0.0066 0.0499
vn 0.9993 0.0068 0.0373
vn 0.9997 0.0076 0.0247
vn 0.9998 0.0086 0.0142
vn 0.9964 0.0082 -0.0842
vn 0.9834 0.0077 -0.1811
vn 0.9610 0.0070 -0.2763
vn 0.9890 0.0070 0.1478
vn 0.9698 0.0073 0.2436
vn 0.9728 0.0075 0.2315
vn 0.9908 0.0072 0.1353
vn 0.9414 0.0075 0.3371
vn 0.9456 0.0078 0.3253
vn 0.9756 0.0082 0.2192
vn 0.9924 0.0079 0.1229
vn 0.9496 0.0085 0.3134
vn 0.9037 0.0076 0.4280
vn 0.9090 0.0079 0.4167
vn 0.9142 0.0086 0.4053
vn 0.9183 0.0096 0.3956
vn 0.9528 0.0095 0.3034
vn 0.9779 0.0093 0.2089
vn 0.9936 0.0090 0.1124
vn 0.8573 0.0077 0.5147
vn 0.8029 0.0076 0.5960
vn 0.8103 0.0079 0.5859
vn 0.8636 0.0079 0.5040
vn 0.7410 0.0075 0.6715
vn 0.7492 0.0078 0.6622
vn 0.8176 0.0086 0.5757
vn 0.8699 0.0087 0.4931
vn 0.7574 0.0085 0.6528
vn 0.6714 0.0073 0.7411
vn 0.6805 0.0076 0.7327
vn 0.6896 0.0083 0.7241
vn 0.6971 0.0091 0.7169
vn 0.7642 0.0094 0.6449
vn 0.8235 0.0095 0.5672
vn 0.8750 0.0096 0.4840
vn 0.5953 0.0070 0.8034
vn 0.5140 0.0066 0.8577
vn 0.5246 0.0070 0.8513
vn 0.6052 0.0073 0.7960
vn 0.4278 0.0062 0.9038
vn 0.4389 0.0066 0.8985
vn 0.5351 0.0077 0.8447
vn 0.6150 0.0080 0.7884
vn 0.4500 0.0072 0.8930
vn 0.3369 0.0056 0.9415
vn 0.3484 0.0061 0.9373
vn 0.3600 0.0067 0.9329
vn 0.3697 0.0071 0.9291
vn 0.4592 0.0078 0.8882
vn 0.5438 0.0083 0.8391
vn 0.6232 0.0087 0.7820
vn 0.2426 0.0051 0.9701
vn 0.1467 0.0044 0.9892
vn 0.1589 0.0049 0.9873
vn 0.2546 0.0055 0.9670
vn 0.0493 0.0038 0.9987
vn 0.0616 0.0043 0.9981
vn 0.1711 0.0055 0.9852
vn 0.2665 0.0061 0.9638
vn 0.0740 0.0049 0.9972
vn -0.0492 0.0031 0.9988
vn -0.0368 0.0036 0.9993
vn -0.0244 0.0041 0.9997
vn -0.0141 0.0042 0.9999
vn 0.0843 0.0050 0.9964
vn 0.1813 0.0058 0.9834
vn 0.2765 0.0065 0.9610
vn -0.1472 0.0023 0.9891
vn -0.2432 0.0015 0.9700
vn -0.2312 0.0021 0.9729
vn -0.1350 0.0028 0.9908
vn -0.3369 0.0008 0.9415
vn -0.3252 0.0014 0.9456
vn -0.2191 0.0026 0.9757
vn -0.1227 0.0034 0.9924
vn -0.3134 0.0019 0.9496
vn -0.4279 0.0000 0.9038
vn -0.4166 0.0006 0.9091
vn -0.4053 0.0011 0.9142
vn -0.3957 0.0008 0.9183
vn -0.3035 0.0017 0.9528
vn -0.2089 0.0025 0.9779
vn -0.1123 0.0034 0.9937
vn -0.5148 -0.0008 0.8573
vn -0.5961 -0.0015 0.8029
vn -0.5861 -0.0008 0.8102
vn -0.5041 -0.0001 0.8636
vn -0.6718 -0.0022 0.7407
vn -0.6625 -0.0015 0.7490
vn -0.5759 -0.0004 0.8175
vn -0.4933 0.0003 0.8699
vn -0.6530 -0.0011 0.7573
vn -0.7414 -0.0029 0.6710
vn -0.7330 -0.0022 0.6802
vn -0.7244 -0.0018 0.6894
vn -0.7171 -0.0024 0.6970
vn -0.6451 -0.0016 0.7641
vn -0.5673 -0.0008 0.8235
vn -0.4841 -0.0000 0.8750
vn -0.8039 -0.0036 0.5948
vn -0.8581 -0.0042 0.5134
vn -0.8516 -0.0034 0.5241
vn -0.7964 -0.0029 0.6048
vn -0.9042 -0.0048 0.4270
vn -0.8988 -0.0040 0.4384
vn -0.8450 -0.0031 0.5348
vn -0.7887 -0.0025 0.6148
vn -0.8932 -0.0037 0.4497
vn -0.9418 -0.0053 0.3360
vn -0.9375 -0.0045 0.3478
vn -0.9331 -0.0042 0.3596
vn -0.9292 -0.0050 0.3695
vn -0.8884 -0.0044 0.4591
vn -0.8393 -0.0038 0.5437
vn -0.7822 -0.0031 0.6230
vn -0.9703 -0.0058 0.2418
vn -0.9893 -0.0062 0.1458
vn -0.9874 -0.0054 0.1582
vn -0.9672 -0.0050 0.2539
vn -0.9988 -0.0065 0.0485
vn -0.9981 -0.0058 0.0611
vn -0.9853 -0.0051 0.1707
vn -0.9639 -0.0047 0.2661
vn -0.9973 -0.0055 0.0736
vn -0.9987 -0.0068 -0.0499
vn -0.9993 -0.0061 -0.0373
vn -0.9997 -0.0058 -0.0247
vn -0.9998 -0.0067 -0.0142
vn -0.9964 -0.0064 0.0842
vn -0.9834 -0.0060 0.1811
vn -0.9610 -0.0056 0.2763
vn -0.9890 -0.0071 -0.1478
vn -0.9698 -0.0072 -0.2436
vn -0.9728 -0.0065 -0.2315
vn -0.9908 -0.0063 -0.1354
vn -0.9414 -0.0074 -0.3371
vn -0.9456 -0.0066 -0.3253
vn -0.9756 -0.0062 -0.2192
vn -0.9924 -0.0060 -0.1229
vn -0.9496 -0.0063 -0.3134
vn -0.9037 -0.0074 -0.4280
vn -0.9090 -0.0067 -0.4167
vn -0.9142 -0.0064 -0.4053
vn -0.9184 -0.0074 -0.3956
vn -0.9528 -0.0073 -0.3034
vn -0.9779 -0.0072 -0.2089
vn -0.9936 -0.0070 -0.1124
vn -0.8573 -0.0074 -0.5148
vn -0.8029 -0.0074 -0.5960
vn -0.8103 -0.0067 -0.5859
vn -0.8636 -0.0067 -0.5040
vn -0.7409 -0.0072 -0.6715
vn -0.7492 -0.0066 -0.6623
vn -0.8176 -0.0064 -0.5758
vn -0.8699 -0.0065 -0.4931
vn -0.7574 -0.0063 -0.6529
vn -0.6714 -0.0071 -0.7411
vn -0.6805 -0.0064 -0.7327
vn -0.6896 -0.0062 -0.7241
vn -0.6971 -0.0069 -0.7169
vn -0.7642 -0.0071 -0.6449
vn -0.8235 -0.0073 -0.5672
vn -0.8750 -0.0074 -0.4840
vn -0.5953 -0.0068 -0.8035
vn -0.5140 -0.0066 -0.8578
vn -0.5246 -0.0060 -0.8513
vn -0.6052 -0.0063 -0.7960
vn -0.4278 -0.0062 -0.9038
vn -0.4389 -0.0056 -0.8985
vn -0.5351 -0.0057 -0.8448
vn -0.6150 -0.0060 -0.7884
vn -0.4500 -0.0053 -0.8930
vn -0.3368 -0.0058 -0.9415
vn -0.3484 -0.0053 -0.9373
vn -0.3600 -0.0049 -0.9329
vn -0.3697 -0.0054 -0.9291
vn -0.4593 -0.0059 -0.8882
vn -0.5439 -0.0063 -0.8391
vn -0.6232 -0.0066 -0.7820
vn -0.2426 -0.0054 -0.9701
vn -0.1467 -0.0049 -0.9892
vn -0.1589 -0.0044 -0.9873
vn -0.2546 -0.0049 -0.9670
vn -0.0493 -0.0044 -0.9987
vn -0.0616 -0.0039 -0.9981
vn -0.1711 -0.0040 -0.9852
vn -0.2665 -0.0045 -0.9638
vn -0.0740 -0.0035 -0.9972
vn -0.0844 -0.0037 -0.9964
vn -0.1813 -0.0043 -0.9834
vn -0.2765 -0.0049 -0.9610
vn -0.2712 -0.3504 -0.8965
vn -0.2870 -0.0522 -0.9565
vn -0.1922 -0.0509 -0.9800
vn -0.1824 -0.3482 -0.9195
vn -0.2834 -0.0112 -0.9589
vn -0.1884 -0.0103 -0.9820
vn -0.0955 -0.0494 -0.9942
vn -0.0918 -0.3458 -0.9338
vn -0.0915 -0.0095 -0.9957
vn -0.2042 -0.8455 -0.4933
vn -0.3577 -0.3524 -0.8647
vn -0.1544 -0.8456 -0.5109
vn -0.3797 -0.0535 -0.9236
vn -0.3764 -0.0119 -0.9264
vn 0.0068 -0.0086 -0.9999
vn 0.0027 -0.0479 -0.9988
vn 0.0004 -0.3434 -0.9392
vn -0.0526 -0.8441 -0.5336
vn 0.0003 -0.8424 -0.5388
vn -0.1039 -0.8457 -0.5235
vn -0.5919 -0.3575 -0.7224
vn -0.6310 -0.0567 -0.7736
vn -0.5525 -0.0558 -0.8316
vn -0.5188 -0.3560 -0.7772
vn -0.6288 -0.0137 -0.7774
vn -0.5499 -0.0132 -0.8351
vn -0.4686 -0.0547 -0.8817
vn -0.4407 -0.3543 -0.8248
vn -0.4656 -0.0126 -0.8849
vn -0.3755 -0.8474 -0.3754
vn -0.6597 -0.3587 -0.6604
vn -0.3361 -0.8478 -0.4101
vn -0.7040 -0.0576 -0.7078
vn -0.7022 -0.0142 -0.7118
vn -0.2508 -0.8469 -0.4688
vn -0.2942 -0.8482 -0.4404
vn -0.8219 -0.3613 -0.4403
vn -0.8789 -0.0593 -0.4732
vn -0.8285 -0.0588 -0.5568
vn -0.7752 -0.3607 -0.5186
vn -0.8784 -0.0150 -0.4776
vn -0.8276 -0.0148 -0.5611
vn -0.7702 -0.0582 -0.6351
vn -0.7211 -0.3598 -0.5920
vn -0.7688 -0.0145 -0.6393
vn -0.4900 -0.8478 -0.2027
vn -0.8611 -0.3617 -0.3573
vn -0.4665 -0.8486 -0.2495
vn -0.9212 -0.0595 -0.3845
vn -0.9211 -0.0150 -0.3889
vn -0.4094 -0.8484 -0.3355
vn -0.4390 -0.8493 -0.2932
vn -0.9277 -0.3616 -0.0923
vn -0.9931 -0.0596 -0.1009
vn -0.9785 -0.0597 -0.1975
vn -0.9142 -0.3618 -0.1825
vn -0.9943 -0.0148 -0.1052
vn -0.9793 -0.0150 -0.2018
vn -0.9545 -0.0597 -0.2921
vn -0.8920 -0.3619 -0.2709
vn -0.9549 -0.0150 -0.2965
vn -0.5318 -0.8469 0.0004
vn -0.9325 -0.3611 -0.0007
vn -0.5274 -0.8480 -0.0519
vn -0.9982 -0.0593 -0.0028
vn -0.9998 -0.0145 -0.0069
vn -0.5066 -0.8484 -0.1530
vn -0.5182 -0.8490 -0.1027
vn -0.8936 -0.3585 0.2698
vn -0.9563 -0.0577 0.2867
vn -0.9796 -0.0583 0.1919
vn -0.9153 -0.3596 0.1812
vn -0.9589 -0.0132 0.2832
vn -0.9820 -0.0137 0.1882
vn -0.9937 -0.0589 0.0953
vn -0.9283 -0.3604 0.0909
vn -0.9957 -0.0142 0.0914
vn -0.4940 -0.8448 0.2053
vn -0.8632 -0.3573 0.3566
vn -0.5097 -0.8462 0.1549
vn -0.9235 -0.0569 0.3793
vn -0.9265 -0.0126 0.3762
vn -0.5286 -0.8472 0.0529
vn -0.5204 -0.8476 0.1040
vn -0.7242 -0.3527 0.5926
vn -0.7740 -0.0538 0.6309
vn -0.8318 -0.0549 0.5522
vn -0.7780 -0.3544 0.5187
vn -0.7776 -0.0104 0.6287
vn -0.8353 -0.0112 0.5497
vn -0.8818 -0.0559 0.4683
vn -0.8245 -0.3559 0.4400
vn -0.8850 -0.0119 0.4654
vn -0.3809 -0.8420 0.3819
vn -0.6629 -0.3508 0.6614
vn -0.4148 -0.8436 0.3409
vn -0.7082 -0.0526 0.7040
vn -0.7120 -0.0095 0.7021
vn -0.4711 -0.8450 0.2529
vn -0.4441 -0.8451 0.2975
vn -0.4438 -0.3446 0.8272
vn -0.4738 -0.0484 0.8793
vn -0.5574 -0.0498 0.8287
vn -0.5220 -0.3468 0.7792
vn -0.4778 -0.0066 0.8784
vn -0.5614 -0.0075 0.8275
vn -0.6356 -0.0512 0.7703
vn -0.5951 -0.3489 0.7239
vn -0.6395 -0.0085 0.7687
vn -0.2076 -0.8386 0.5035
vn -0.3606 -0.3424 0.8676
vn -0.2550 -0.8404 0.4782
vn -0.3851 -0.0468 0.9217
vn -0.3891 -0.0055 0.9211
vn -0.3413 -0.8420 0.4177
vn -0.2990 -0.8420 0.4489
vn -0.0939 -0.3353 0.9374
vn -0.1013 -0.0421 0.9940
vn -0.1979 -0.0437 0.9792
vn -0.1848 -0.3377 0.9229
vn -0.1053 -0.0023 0.9944
vn -0.2019 -0.0034 0.9794
vn -0.2926 -0.0453 0.9551
vn -0.2738 -0.3400 0.8996
vn -0.2966 -0.0044 0.9550
vn 0.0008 -0.8352 0.5500
vn -0.0013 -0.3329 0.9430
vn -0.0531 -0.8369 0.5447
vn -0.0030 -0.0405 0.9991
vn -0.0070 -0.0012 1.0000
vn -0.1570 -0.8386 0.5216
vn -0.1054 -0.8386 0.5344
vn 0.2729 -0.3258 0.9051
vn 0.2869 -0.0359 0.9573
vn 0.1920 -0.0374 0.9807
vn 0.1830 -0.3281 0.9267
vn 0.2833 0.0017 0.9590
vn 0.1883 0.0008 0.9821
vn 0.0952 -0.0389 0.9947
vn 0.0915 -0.3305 0.9394
vn 0.0914 -0.0002 0.9958
vn 0.2130 -0.8319 0.5123
vn 0.3609 -0.3235 0.8747
vn 0.1608 -0.8336 0.5284
vn 0.3797 -0.0345 0.9245
vn 0.3763 0.0026 0.9265
vn 0.0551 -0.8351 0.5472
vn 0.1081 -0.8352 0.5392
vn 0.6004 -0.3175 0.7340
vn 0.6316 -0.0308 0.7747
vn 0.5528 -0.0319 0.8327
vn 0.5254 -0.3194 0.7886
vn 0.6288 0.0048 0.7775
vn 0.5498 0.0042 0.8353
vn 0.4688 -0.0331 0.8827
vn 0.4455 -0.3214 0.8356
vn 0.4656 0.0034 0.8850
vn 0.3955 -0.8294 0.3945
vn 0.6700 -0.3158 0.6717
vn 0.3533 -0.8308 0.4299
vn 0.7047 -0.0298 0.7089
vn 0.7022 0.0053 0.7119
vn 0.2624 -0.8321 0.4887
vn 0.3086 -0.8323 0.4605
vn 0.8372 -0.3120 0.4491
vn 0.8801 -0.0276 0.4740
vn 0.8295 -0.0282 0.5578
vn 0.7890 -0.3130 0.5286
vn 0.8785 0.0063 0.4777
vn 0.8276 0.0061 0.5612
vn 0.7710 -0.0289 0.6361
vn 0.7333 -0.3143 0.6029
vn 0.7688 0.0058 0.6394
vn 0.5180 -0.8282 0.2141
vn 0.8776 -0.3111 0.3647
vn 0.4929 -0.8292 0.2633
vn 0.9224 -0.0272 0.3852
vn 0.9212 0.0064 0.3890
vn 0.4319 -0.8298 0.3533
vn 0.4636 -0.8303 0.3091
vn 0.9459 -0.3104 0.0944
vn 0.9945 -0.0270 0.1011
vn 0.9799 -0.0269 0.1978
vn 0.9321 -0.3103 0.1864
vn 0.9944 0.0061 0.1052
vn 0.9794 0.0063 0.2018
vn 0.9558 -0.0269 0.2926
vn 0.9094 -0.3106 0.2766
vn 0.9550 0.0065 0.2965
vn 0.5598 -0.8286 -0.0002
vn 0.9505 -0.3107 0.0009
vn 0.5562 -0.8292 0.0549
vn 0.9996 -0.0273 0.0028
vn 0.9999 0.0057 0.0069
vn 0.5354 -0.8290 0.1616
vn 0.5472 -0.8299 0.1085
vn 0.9091 -0.3133 -0.2746
vn 0.9574 -0.0292 -0.2871
vn 0.9809 -0.0284 -0.1922
vn 0.9319 -0.3122 -0.1845
vn 0.9590 0.0040 -0.2833
vn 0.9821 0.0047 -0.1883
vn 0.9950 -0.0278 -0.0955
vn 0.9458 -0.3113 -0.0925
vn 0.9958 0.0052 -0.0914
vn 0.5143 -0.8307 -0.2130
vn 0.8772 -0.3147 -0.3625
vn 0.5325 -0.8309 -0.1612
vn 0.9245 -0.0302 -0.3799
vn 0.9265 0.0033 -0.3762
vn 0.5553 -0.8298 -0.0551
vn 0.5453 -0.8311 -0.1085
vn 0.7328 -0.3204 -0.6002
vn 0.7745 -0.0338 -0.6316
vn 0.8326 -0.0324 -0.5529
vn 0.7886 -0.3183 -0.5261
vn 0.7776 0.0006 -0.6287
vn 0.8353 0.0016 -0.5498
vn 0.8827 -0.0312 -0.4689
vn 0.8368 -0.3164 -0.4468
vn 0.8850 0.0025 -0.4655
vn 0.3901 -0.8342 -0.3897
vn 0.6697 -0.3226 -0.6688
vn 0.4267 -0.8341 -0.3495
vn 0.7086 -0.0352 -0.7047
vn 0.7120 -0.0003 -0.7022
vn 0.4887 -0.8323 -0.2615
vn 0.4588 -0.8340 -0.3064
vn 0.4457 -0.3302 -0.8320
vn 0.4737 -0.0398 -0.8798
vn 0.5575 -0.0382 -0.8293
vn 0.5254 -0.3276 -0.7852
vn 0.4777 -0.0034 -0.8785
vn 0.5613 -0.0024 -0.8276
vn 0.6359 -0.0367 -0.7709
vn 0.6001 -0.3251 -0.7308
vn 0.6395 -0.0013 -0.7688
vn 0.2089 -0.8384 -0.5034
vn 0.3613 -0.3328 -0.8710
vn 0.2577 -0.8381 -0.4807
vn 0.3849 -0.0414 -0.9220
vn 0.3890 -0.0045 -0.9212
vn 0.3480 -0.8361 -0.4241
vn 0.3035 -0.8379 -0.4536
vn 0.0929 -0.3408 -0.9355
vn 0.1009 -0.0463 -0.9938
vn 0.1975 -0.0447 -0.9792
vn 0.1840 -0.3382 -0.9229
vn 0.1051 -0.0076 -0.9944
vn 0.2018 -0.0066 -0.9794
vn 0.2923 -0.0431 -0.9553
vn 0.2736 -0.3355 -0.9014
vn 0.2965 -0.0056 -0.9550
vn 0.0535 -0.8422 -0.5364
vn 0.1574 -0.8403 -0.5188
vn 0.1055 -0.8420 -0.5289
vn -0.0440 0.9236 0.3807
vn -0.0797 0.9244 0.3730
vn -0.0139 0.9901 0.1397
vn -0.0014 0.9898 0.1425
vn -0.1145 0.9252 0.3617
vn -0.0261 0.9904 0.1356
vn 0.0328 0.9990 -0.0299
vn 0.0286 0.9991 -0.0313
vn 0.0369 0.9989 -0.0282
vn -0.1137 0.6531 0.7486
vn -0.0074 0.9229 0.3849
vn -0.1856 0.6539 0.7335
vn -0.2557 0.6547 0.7112
vn -0.3239 0.6556 0.6820
vn -0.1484 0.9260 0.3471
vn -0.0378 0.9907 0.1304
vn 0.0407 0.9988 -0.0261
vn 0.0242 0.9992 -0.0323
vn 0.0113 0.9895 0.1440
vn -0.1806 0.9268 0.3292
vn -0.2108 0.9276 0.3083
vn -0.0596 0.9914 0.1167
vn -0.0491 0.9910 0.1241
vn -0.2387 0.9284 0.2846
vn -0.0693 0.9917 0.1083
vn 0.0476 0.9986 -0.0208
vn 0.0443 0.9987 -0.0236
vn 0.0506 0.9985 -0.0178
vn -0.3890 0.6564 0.6463
vn -0.4500 0.6572 0.6046
vn -0.5066 0.6581 0.5570
vn -0.5586 0.6589 0.5036
vn -0.2644 0.9292 0.2580
vn -0.0782 0.9920 0.0990
vn 0.0533 0.9984 -0.0145
vn -0.2875 0.9300 0.2291
vn -0.3074 0.9307 0.1982
vn -0.0930 0.9926 0.0781
vn -0.0861 0.9923 0.0889
vn -0.3242 0.9314 0.1654
vn -0.0988 0.9929 0.0667
vn 0.0577 0.9983 -0.0073
vn 0.0557 0.9984 -0.0110
vn 0.0594 0.9982 -0.0035
vn -0.6053 0.6597 0.4454
vn -0.6457 0.6604 0.3833
vn -0.6799 0.6611 0.3173
vn -0.7075 0.6618 0.2477
vn -0.3378 0.9320 0.1310
vn -0.1034 0.9931 0.0546
vn 0.0607 0.9981 0.0004
vn -0.3480 0.9326 0.0953
vn -0.3546 0.9331 0.0590
vn -0.1092 0.9936 0.0296
vn -0.1069 0.9933 0.0422
vn -0.3575 0.9336 0.0222
vn -0.1101 0.9937 0.0168
vn 0.0622 0.9980 0.0085
vn 0.0616 0.9981 0.0044
vn 0.0624 0.9980 0.0125
vn -0.7282 0.6623 0.1758
vn -0.7416 0.6629 0.1026
vn -0.7477 0.6634 0.0284
vn -0.7464 0.6638 -0.0466
vn -0.3568 0.9340 -0.0148
vn -0.1098 0.9939 0.0039
vn 0.0623 0.9979 0.0166
vn -0.3525 0.9344 -0.0518
vn -0.3446 0.9346 -0.0878
vn -0.1056 0.9942 -0.0214
vn -0.1083 0.9940 -0.0089
vn -0.3331 0.9348 -0.1229
vn -0.1016 0.9942 -0.0335
vn 0.0609 0.9978 0.0246
vn 0.0618 0.9979 0.0207
vn 0.0598 0.9978 0.0285
vn -0.7377 0.6641 -0.1212
vn -0.7217 0.6644 -0.1940
vn -0.6986 0.6646 -0.2650
vn -0.6683 0.6648 -0.3337
vn -0.3181 0.9349 -0.1570
vn -0.0964 0.9943 -0.0454
vn 0.0582 0.9978 0.0323
vn -0.2999 0.9350 -0.1894
vn -0.2787 0.9349 -0.2197
vn -0.0827 0.9943 -0.0671
vn -0.0901 0.9943 -0.0566
vn -0.2546 0.9348 -0.2477
vn -0.0744 0.9942 -0.0769
vn 0.0541 0.9977 0.0394
vn 0.0563 0.9977 0.0360
vn 0.0515 0.9977 0.0427
vn -0.6314 0.6648 -0.3992
vn -0.5885 0.6647 -0.4602
vn -0.5397 0.6646 -0.5167
vn -0.4852 0.6644 -0.5683
vn -0.2276 0.9346 -0.2733
vn -0.0650 0.9942 -0.0858
vn 0.0487 0.9977 0.0458
vn -0.1983 0.9343 -0.2962
vn -0.1671 0.9339 -0.3159
vn -0.0440 0.9939 -0.1007
vn -0.0549 0.9940 -0.0938
vn -0.1340 0.9335 -0.3324
vn -0.0326 0.9937 -0.1065
vn 0.0421 0.9978 0.0511
vn 0.0456 0.9978 0.0486
vn 0.0385 0.9978 0.0533
vn -0.4259 0.6641 -0.6144
vn -0.3627 0.6637 -0.6541
vn -0.2960 0.6634 -0.6872
vn -0.2258 0.6630 -0.7138
vn -0.0993 0.9330 -0.3457
vn -0.0205 0.9936 -0.1112
vn 0.0347 0.9979 0.0552
vn -0.0634 0.9325 -0.3555
vn -0.0270 0.9319 -0.3617
vn 0.0046 0.9931 -0.1169
vn -0.0081 0.9933 -0.1147
vn 0.0097 0.9312 -0.3642
vn 0.0174 0.9929 -0.1179
vn 0.0264 0.9980 0.0579
vn 0.0306 0.9979 0.0567
vn 0.0220 0.9980 0.0587
vn -0.1534 0.6623 -0.7333
vn -0.0801 0.6617 -0.7454
vn -0.0059 0.6611 -0.7502
vn 0.0688 0.6605 -0.7477
vn 0.0468 0.9306 -0.3631
vn 0.0303 0.9926 -0.1176
vn 0.0175 0.9981 0.0590
vn 0.0837 0.9298 -0.3584
vn 0.1195 0.9290 -0.3501
vn 0.0558 0.9920 -0.1133
vn 0.0432 0.9923 -0.1161
vn 0.1544 0.9283 -0.3383
vn 0.0680 0.9917 -0.1093
vn 0.0085 0.9983 0.0583
vn 0.0130 0.9982 0.0588
vn 0.0041 0.9983 0.0573
vn 0.1429 0.6597 -0.7378
vn 0.2151 0.6588 -0.7208
vn 0.2852 0.6581 -0.6968
vn 0.3529 0.6573 -0.6659
vn 0.1881 0.9275 -0.3231
vn 0.0798 0.9914 -0.1040
vn -0.0003 0.9984 0.0558
vn 0.2203 0.9266 -0.3047
vn 0.2502 0.9258 -0.2833
vn 0.1017 0.9907 -0.0902
vn 0.0911 0.9910 -0.0976
vn 0.2778 0.9250 -0.2591
vn 0.1114 0.9904 -0.0818
vn -0.0087 0.9986 0.0515
vn -0.0046 0.9985 0.0538
vn -0.0125 0.9987 0.0487
vn 0.4172 0.6564 -0.6285
vn 0.4771 0.6555 -0.5853
vn 0.5324 0.6547 -0.5365
vn 0.5828 0.6540 -0.4823
vn 0.3030 0.9243 -0.2322
vn 0.1203 0.9901 -0.0724
vn -0.0161 0.9988 0.0455
vn 0.3256 0.9235 -0.2030
vn 0.3450 0.9227 -0.1719
vn 0.1352 0.9895 -0.0514
vn 0.1283 0.9898 -0.0622
vn 0.3612 0.9220 -0.1391
vn 0.1410 0.9892 -0.0399
vn -0.0221 0.9990 0.0379
vn -0.0193 0.9989 0.0418
vn -0.0246 0.9991 0.0338
vn 0.6278 0.6531 -0.4234
vn 0.6664 0.6523 -0.3610
vn 0.6988 0.6516 -0.2951
vn 0.7246 0.6510 -0.2261
vn 0.3742 0.9214 -0.1047
vn 0.1456 0.9889 -0.0278
vn -0.0266 0.9992 0.0293
vn 0.3839 0.9208 -0.0692
vn 0.3899 0.9202 -0.0332
vn 0.1513 0.9885 -0.0027
vn 0.1491 0.9887 -0.0153
vn 0.3924 0.9197 0.0031
vn 0.1522 0.9883 0.0101
vn -0.0290 0.9994 0.0197
vn -0.0280 0.9993 0.0245
vn -0.0295 0.9995 0.0148
vn 0.7437 0.6503 -0.1549
vn 0.7557 0.6497 -0.0827
vn 0.7606 0.6492 -0.0098
vn 0.7583 0.6488 0.0636
vn 0.3914 0.9193 0.0399
vn 0.1518 0.9881 0.0231
vn -0.0295 0.9995 0.0099
vn 0.3868 0.9190 0.0762
vn 0.3787 0.9187 0.1118
vn 0.1475 0.9879 0.0484
vn 0.1503 0.9880 0.0359
vn 0.3672 0.9185 0.1463
vn 0.1434 0.9878 0.0606
vn -0.0277 0.9996 0.0002
vn -0.0288 0.9995 0.0050
vn -0.0261 0.9996 -0.0045
vn 0.7490 0.6484 0.1364
vn 0.7328 0.6480 0.2075
vn 0.7097 0.6478 0.2766
vn 0.6799 0.6478 0.3436
vn 0.3523 0.9184 0.1798
vn 0.1381 0.9878 0.0724
vn -0.0240 0.9997 -0.0089
vn 0.3342 0.9184 0.2117
vn 0.3133 0.9184 0.2415
vn 0.1243 0.9877 0.0941
vn 0.1317 0.9877 0.0837
vn 0.2895 0.9186 0.2690
vn 0.1159 0.9878 0.1038
vn -0.0184 0.9997 -0.0170
vn -0.0214 0.9997 -0.0131
vn -0.0150 0.9997 -0.0205
vn 0.6438 0.6477 0.4074
vn 0.6019 0.6477 0.4670
vn 0.5545 0.6478 0.5223
vn 0.5015 0.6481 0.5730
vn 0.2630 0.9188 0.2943
vn 0.1065 0.9879 0.1127
vn -0.0113 0.9996 -0.0237
vn 0.2342 0.9191 0.3169
vn 0.2035 0.9194 0.3365
vn 0.0855 0.9881 0.1275
vn 0.0964 0.9880 0.1206
vn 0.1710 0.9199 0.3530
vn 0.0741 0.9883 0.1332
vn -0.0031 0.9996 -0.0286
vn -0.0073 0.9996 -0.0263
vn 0.0013 0.9995 -0.0304
vn 0.4440 0.6484 0.6185
vn 0.3826 0.6487 0.6579
vn 0.3176 0.6492 0.6911
vn 0.1368 0.9204 0.3663
vn 0.0620 0.9885 0.1378
vn 0.0058 0.9995 -0.0317
vn 0.1015 0.9209 0.3763
vn 0.0656 0.9215 0.3827
vn 0.0370 0.9890 0.1434
vn 0.0496 0.9887 0.1412
vn 0.0292 0.9222 0.3856
vn 0.0242 0.9892 0.1444
vn 0.0150 0.9993 -0.0329
vn 0.0104 0.9994 -0.0326
vn 0.0196 0.9993 -0.0328
vn 0.0005 -1.0000 -0.0030
vn 0.0005 -1.0000 -0.0026
vn 0.0034 -0.9998 -0.0173
vn 0.0049 -0.9998 -0.0182
vn 0.0006 -1.0000 -0.0030
vn 0.0024 -0.9998 -0.0187
vn 0.0195 -0.9950 -0.0979
vn 0.0292 -0.9948 -0.0979
vn 0.0105 -0.9948 -0.1017
vn 0.0013 -1.0000 -0.0032
vn 0.0000 -1.0000 -0.0035
vn 0.0000 -0.9998 -0.0201
vn 0.0000 -0.9945 -0.1047
vn 0.0400 -0.9945 -0.0967
vn 0.0076 -0.9998 -0.0185
vn 0.0016 -1.0000 -0.0025
vn 0.0014 -1.0000 -0.0022
vn 0.0098 -0.9998 -0.0146
vn 0.0114 -0.9998 -0.0148
vn 0.0017 -1.0000 -0.0025
vn 0.0093 -0.9998 -0.0163
vn 0.0556 -0.9950 -0.0831
vn 0.0647 -0.9947 -0.0795
vn 0.0486 -0.9948 -0.0900
vn 0.0025 -1.0000 -0.0025
vn 0.0743 -0.9944 -0.0743
vn 0.0141 -0.9998 -0.0141
vn 0.0025 -1.0000 -0.0017
vn 0.0022 -1.0000 -0.0014
vn 0.0146 -0.9998 -0.0098
vn 0.0163 -0.9998 -0.0093
vn 0.0025 -1.0000 -0.0016
vn 0.0149 -0.9998 -0.0114
vn 0.0837 -0.9949 -0.0559
vn 0.0909 -0.9946 -0.0490
vn 0.0798 -0.9947 -0.0649
vn 0.0032 -1.0000 -0.0013
vn 0.0980 -0.9944 -0.0405
vn 0.0185 -0.9998 -0.0076
vn 0.0030 -1.0000 -0.0006
vn 0.0026 -1.0000 -0.0005
vn 0.0174 -0.9998 -0.0034
vn 0.0188 -0.9998 -0.0024
vn 0.0030 -1.0000 -0.0005
vn 0.0182 -0.9998 -0.0049
vn 0.0998 -0.9948 -0.0198
vn 0.1039 -0.9945 -0.0106
vn 0.0996 -0.9946 -0.0296
vn 0.0035 -1.0000 0.0000
vn 0.1073 -0.9942 0.0000
vn 0.0202 -0.9998 0.0000
vn 0.0031 -1.0000 0.0005
vn 0.0026 -1.0000 0.0005
vn 0.0176 -0.9998 0.0035
vn 0.0186 -0.9998 0.0050
vn 0.0030 -1.0000 0.0007
vn 0.0189 -0.9998 0.0025
vn 0.1010 -0.9947 0.0201
vn 0.1014 -0.9944 0.0303
vn 0.1046 -0.9944 0.0108
vn 0.0033 -1.0000 0.0014
vn 0.1004 -0.9940 0.0416
vn 0.0190 -0.9998 0.0079
vn 0.0027 -1.0000 0.0017
vn 0.0023 -1.0000 0.0015
vn 0.0152 -0.9998 0.0102
vn 0.0154 -0.9998 0.0120
vn 0.0026 -1.0000 0.0018
vn 0.0168 -0.9998 0.0097
vn 0.0867 -0.9945 0.0580
vn 0.0831 -0.9942 0.0676
vn 0.0937 -0.9943 0.0507
vn 0.0026 -1.0000 0.0026
vn 0.0777 -0.9939 0.0778
vn 0.0147 -0.9998 0.0148
vn 0.0018 -1.0000 0.0026
vn 0.0015 -1.0000 0.0023
vn 0.0103 -0.9998 0.0154
vn 0.0099 -0.9998 0.0172
vn 0.0017 -1.0000 0.0027
vn 0.0120 -0.9998 0.0156
vn 0.0586 -0.9944 0.0877
vn 0.0514 -0.9941 0.0952
vn 0.0679 -0.9942 0.0836
vn 0.0014 -1.0000 0.0034
vn 0.0425 -0.9938 0.1025
vn 0.0081 -0.9998 0.0196
vn 0.0007 -1.0000 0.0032
vn 0.0005 -1.0000 0.0027
vn 0.0036 -0.9998 0.0185
vn 0.0025 -0.9998 0.0200
vn 0.0005 -1.0000 0.0032
vn 0.0052 -0.9998 0.0193
vn 0.0207 -0.9943 0.1043
vn 0.0111 -0.9940 0.1083
vn 0.0311 -0.9940 0.1041
vn 0.0000 -1.0000 0.0038
vn 0.0000 -0.9937 0.1116
vn 0.0000 -0.9998 0.0215
vn -0.0006 -1.0000 0.0032
vn -0.0005 -1.0000 0.0028
vn -0.0037 -0.9998 0.0186
vn -0.0053 -0.9998 0.0196
vn -0.0007 -1.0000 0.0032
vn -0.0026 -0.9998 0.0201
vn -0.0208 -0.9943 0.1046
vn -0.0312 -0.9940 0.1046
vn -0.0112 -0.9940 0.1086
vn -0.0015 -1.0000 0.0035
vn -0.0427 -0.9937 0.1032
vn -0.0083 -0.9998 0.0200
vn -0.0018 -1.0000 0.0028
vn -0.0016 -1.0000 0.0024
vn -0.0106 -0.9998 0.0159
vn -0.0125 -0.9998 0.0161
vn -0.0019 -1.0000 0.0027
vn -0.0101 -0.9998 0.0177
vn -0.0591 -0.9943 0.0886
vn -0.0687 -0.9940 0.0845
vn -0.0519 -0.9940 0.0960
vn -0.0027 -1.0000 0.0027
vn -0.0786 -0.9938 0.0787
vn -0.0153 -0.9998 0.0153
vn -0.0027 -1.0000 0.0019
vn -0.0024 -1.0000 0.0016
vn -0.0159 -0.9998 0.0106
vn -0.0176 -0.9998 0.0101
vn -0.0028 -1.0000 0.0018
vn -0.0161 -0.9998 0.0125
vn -0.0880 -0.9944 0.0589
vn -0.0951 -0.9941 0.0515
vn -0.0843 -0.9940 0.0686
vn -0.0035 -1.0000 0.0015
vn -0.1020 -0.9939 0.0423
vn -0.0200 -0.9998 0.0083
vn -0.0032 -1.0000 0.0007
vn -0.0028 -1.0000 0.0005
vn -0.0186 -0.9998 0.0037
vn -0.0200 -0.9998 0.0026
vn -0.0032 -1.0000 0.0006
vn -0.0196 -0.9998 0.0053
vn -0.1029 -0.9945 0.0205
vn -0.1065 -0.9942 0.0110
vn -0.1032 -0.9942 0.0309
vn -0.0038 -1.0000 0.0000
vn -0.1092 -0.9940 0.0001
vn -0.0214 -0.9998 0.0000
vn -0.0032 -1.0000 -0.0005
vn -0.0027 -1.0000 -0.0005
vn -0.0184 -0.9998 -0.0036
vn -0.0192 -0.9998 -0.0052
vn -0.0032 -1.0000 -0.0007
vn -0.0199 -0.9998 -0.0025
vn -0.1017 -0.9946 -0.0201
vn -0.1013 -0.9944 -0.0301
vn -0.1058 -0.9943 -0.0108
vn -0.0034 -1.0000 -0.0014
vn -0.0996 -0.9942 -0.0411
vn -0.0195 -0.9998 -0.0080
vn -0.0027 -1.0000 -0.0017
vn -0.0023 -1.0000 -0.0015
vn -0.0154 -0.9998 -0.0102
vn -0.0155 -0.9998 -0.0119
vn -0.0026 -1.0000 -0.0018
vn -0.0172 -0.9998 -0.0098
vn -0.0851 -0.9948 -0.0567
vn -0.0810 -0.9945 -0.0658
vn -0.0924 -0.9944 -0.0498
vn -0.0026 -1.0000 -0.0026
vn -0.0753 -0.9943 -0.0752
vn -0.0147 -0.9998 -0.0146
vn -0.0018 -1.0000 -0.0026
vn -0.0015 -1.0000 -0.0022
vn -0.0101 -0.9998 -0.0151
vn -0.0096 -0.9998 -0.0167
vn -0.0017 -1.0000 -0.0027
vn -0.0119 -0.9998 -0.0154
vn -0.0562 -0.9949 -0.0840
vn -0.0491 -0.9947 -0.0908
vn -0.0655 -0.9946 -0.0804
vn -0.0014 -1.0000 -0.0033
vn -0.0403 -0.9944 -0.0973
vn -0.0078 -0.9998 -0.0189
vn -0.0006 -1.0000 -0.0030
vn -0.0005 -1.0000 -0.0026
vn -0.0035 -0.9998 -0.0175
vn -0.0024 -0.9998 -0.0188
vn -0.0005 -1.0000 -0.0031
vn -0.0050 -0.9998 -0.0185
vn -0.0196 -0.9950 -0.0983
vn -0.0105 -0.9947 -0.1019
vn -0.0294 -0.9947 -0.0984
vn 0.3544 0.2277 -0.9069
vn 0.2638 0.2278 -0.9373
vn 0.2662 0.0363 -0.9632
vn 0.3591 0.0363 -0.9326
vn 0.1707 0.2280 -0.9586
vn 0.1707 0.0363 -0.9846
vn 0.2657 0.0053 -0.9640
vn 0.3587 0.0053 -0.9334
vn 0.1701 0.0053 -0.9854
vn 0.4420 0.2275 -0.8676
vn 0.0753 0.2281 -0.9707
vn 0.0729 0.0363 -0.9966
vn 0.0723 0.0053 -0.9973
vn 0.0722 0.0004 -0.9974
vn 0.1700 0.0004 -0.9854
vn 0.2655 0.0004 -0.9641
vn 0.3586 0.0004 -0.9335
vn 0.4488 0.0053 -0.8936
vn 0.4487 0.0004 -0.8936
vn 0.4492 0.0363 -0.8927
vn -0.6666 0.2276 0.7097
vn -0.5940 0.2275 0.7716
vn -0.6135 0.0363 0.7888
vn -0.6877 0.0363 0.7251
vn -0.5157 0.2273 0.8261
vn -0.5334 0.0363 0.8451
vn -0.6145 0.0053 0.7889
vn -0.6887 0.0053 0.7250
vn -0.5344 0.0053 0.8452
vn -0.7333 0.2278 0.6406
vn -0.4319 0.2271 0.8728
vn -0.4476 0.0363 0.8935
vn -0.4486 0.0053 0.8937
vn -0.4487 0.0004 0.8937
vn -0.5345 0.0004 0.8451
vn -0.6146 0.0004 0.7888
vn -0.6888 0.0004 0.7249
vn -0.7567 0.0053 0.6537
vn -0.7568 0.0004 0.6536
vn -0.7558 0.0363 0.6538
vn 0.6749 0.2270 -0.7021
vn 0.6030 0.2271 -0.7646
vn 0.6149 0.0363 -0.7877
vn 0.6890 0.0363 -0.7238
vn 0.5253 0.2273 -0.8199
vn 0.5349 0.0363 -0.8441
vn 0.6147 0.0053 -0.7887
vn 0.6889 0.0053 -0.7248
vn 0.5346 0.0053 -0.8451
vn 0.7407 0.2268 -0.6324
vn 0.5345 0.0004 -0.8451
vn 0.6146 0.0004 -0.7888
vn 0.6888 0.0004 -0.7249
vn 0.7569 0.0053 -0.6535
vn 0.7568 0.0004 -0.6536
vn 0.7569 0.0363 -0.6525
vn -0.8878 0.2282 0.3995
vn -0.8444 0.2281 0.4847
vn -0.8689 0.0363 0.4936
vn -0.9130 0.0363 0.4063
vn -0.7929 0.2279 0.5651
vn -0.8165 0.0363 0.5762
vn -0.8698 0.0053 0.4933
vn -0.9139 0.0053 0.4059
vn -0.8174 0.0053 0.5760
vn -0.9229 0.2283 0.3099
vn -0.8175 0.0004 0.5759
vn -0.8699 0.0004 0.4932
vn -0.9139 0.0004 0.4058
vn -0.9494 0.0053 0.3140
vn -0.9494 0.0004 0.3139
vn -0.9486 0.0363 0.3144
vn 0.8921 0.2263 -0.3909
vn 0.8498 0.2265 -0.4760
vn 0.8697 0.0363 -0.4922
vn 0.9136 0.0363 -0.4049
vn 0.7992 0.2266 -0.5566
vn 0.8174 0.0363 -0.5748
vn 0.8699 0.0053 -0.4931
vn 0.9140 0.0053 -0.4057
vn 0.8176 0.0053 -0.5758
vn 0.9262 0.2262 -0.3016
vn 0.8175 0.0004 -0.5759
vn 0.8699 0.0004 -0.4932
vn 0.9139 0.0004 -0.4058
vn 0.9494 0.0053 -0.3139
vn 0.9494 0.0004 -0.3139
vn 0.9490 0.0363 -0.3131
vn -0.9731 0.2286 0.0278
vn -0.9657 0.2285 0.1231
vn -0.9917 0.0363 0.1232
vn -0.9990 0.0363 0.0257
vn -0.9490 0.2284 0.2173
vn -0.9749 0.0363 0.2196
vn -0.9924 0.0053 0.1228
vn -0.9997 0.0053 0.0252
vn -0.9756 0.0053 0.2192
vn -0.9711 0.2287 -0.0685
vn -0.9757 0.0004 0.2191
vn -0.9924 0.0004 0.1227
vn -0.9997 0.0004 0.0252
vn -0.9973 0.0053 -0.0731
vn -0.9973 0.0004 -0.0732
vn -0.9967 0.0363 -0.0727
vn 0.9739 0.2257 -0.0213
vn 0.9672 0.2258 -0.1159
vn 0.9919 0.0363 -0.1220
vn 0.9990 0.0363 -0.0247
vn 0.9513 0.2260 -0.2094
vn 0.9752 0.0363 -0.2183
vn 0.9924 0.0053 -0.1226
vn 0.9997 0.0053 -0.0251
vn 0.9757 0.0053 -0.2189
vn 0.9714 0.2257 0.0740
vn 0.9757 0.0004 -0.2190
vn 0.9924 0.0004 -0.1227
vn 0.9997 0.0004 -0.0252
vn 0.9973 0.0053 0.0732
vn 0.9973 0.0004 0.0732
vn 0.9966 0.0363 0.0735
vn -0.9090 0.2288 -0.3483
vn -0.9388 0.2288 -0.2575
vn -0.9633 0.0363 -0.2658
vn -0.9328 0.0363 -0.3586
vn -0.9595 0.2287 -0.1641
vn -0.9847 0.0363 -0.1704
vn -0.9639 0.0053 -0.2662
vn -0.9333 0.0053 -0.3590
vn -0.9853 0.0053 -0.1708
vn -0.8701 0.2289 -0.4364
vn -0.9853 0.0004 -0.1708
vn -0.9639 0.0004 -0.2662
vn -0.9333 0.0004 -0.3590
vn -0.8935 0.0053 -0.4489
vn -0.8936 0.0004 -0.4489
vn -0.8930 0.0363 -0.4486
vn 0.9089 0.2254 0.3508
vn 0.9386 0.2254 0.2610
vn 0.9632 0.0363 0.2663
vn 0.9326 0.0363 0.3589
vn 0.9595 0.2255 0.1686
vn 0.9846 0.0363 0.1711
vn 0.9639 0.0053 0.2662
vn 0.9333 0.0053 0.3590
vn 0.9853 0.0053 0.1709
vn 0.8703 0.2254 0.4379
vn 0.9853 0.0004 0.1708
vn 0.9639 0.0004 0.2662
vn 0.9333 0.0004 0.3590
vn 0.8935 0.0053 0.4489
vn 0.8936 0.0004 0.4489
vn 0.8929 0.0363 0.4487
vn -0.7052 0.2288 -0.6710
vn -0.7677 0.2288 -0.5985
vn -0.7884 0.0363 -0.6141
vn -0.7246 0.0363 -0.6882
vn -0.8227 0.2289 -0.5203
vn -0.8446 0.0363 -0.5342
vn -0.7889 0.0053 -0.6145
vn -0.7252 0.0053 -0.6885
vn -0.8451 0.0053 -0.5345
vn -0.6355 0.2288 -0.7374
vn -0.8451 0.0004 -0.5345
vn -0.7889 0.0004 -0.6145
vn -0.7252 0.0004 -0.6885
vn -0.6540 0.0053 -0.7564
vn -0.6540 0.0004 -0.7564
vn -0.6534 0.0363 -0.7561
vn 0.7072 0.2254 0.6700
vn 0.7689 0.2253 0.5983
vn 0.7884 0.0363 0.6140
vn 0.7248 0.0363 0.6879
vn 0.8233 0.2254 0.5208
vn 0.8446 0.0363 0.5342
vn 0.7889 0.0053 0.6144
vn 0.7252 0.0053 0.6885
vn 0.8451 0.0053 0.5345
vn 0.6384 0.2255 0.7359
vn 0.8451 0.0004 0.5345
vn 0.7889 0.0004 0.6145
vn 0.7252 0.0004 0.6885
vn 0.6541 0.0053 0.7564
vn 0.6540 0.0004 0.7564
vn 0.6538 0.0363 0.7558
vn -0.3931 0.2286 -0.8906
vn -0.4787 0.2287 -0.8477
vn -0.4934 0.0363 -0.8690
vn -0.4061 0.0363 -0.9131
vn -0.5595 0.2287 -0.7966
vn -0.5759 0.0363 -0.8167
vn -0.4940 0.0053 -0.8694
vn -0.4067 0.0053 -0.9135
vn -0.5765 0.0053 -0.8170
vn -0.3033 0.2286 -0.9251
vn -0.5766 0.0004 -0.8170
vn -0.4940 0.0004 -0.8694
vn -0.4068 0.0004 -0.9135
vn -0.3150 0.0053 -0.9491
vn -0.3150 0.0004 -0.9491
vn -0.3143 0.0363 -0.9486
vn 0.3992 0.2257 0.8886
vn 0.4836 0.2256 0.8457
vn 0.4941 0.0363 0.8686
vn 0.4070 0.0363 0.9127
vn 0.5634 0.2255 0.7948
vn 0.5765 0.0363 0.8163
vn 0.4941 0.0053 0.8694
vn 0.4069 0.0053 0.9134
vn 0.5766 0.0053 0.8170
vn 0.5766 0.0004 0.8170
vn 0.4941 0.0004 0.8694
vn 0.4068 0.0004 0.9135
vn -0.0208 0.2282 -0.9734
vn -0.1162 0.2283 -0.9666
vn -0.1231 0.0363 -0.9917
vn -0.0255 0.0363 -0.9990
vn -0.2104 0.2285 -0.9505
vn -0.2194 0.0363 -0.9749
vn -0.1237 0.0053 -0.9923
vn -0.0262 0.0053 -0.9996
vn -0.2201 0.0053 -0.9754
vn -0.2202 0.0004 -0.9754
vn -0.1238 0.0004 -0.9923
vn -0.0262 0.0004 -0.9996
vn -0.3439 0.2270 0.9111
vn -0.2534 0.2268 0.9404
vn -0.2645 0.0363 0.9637
vn -0.3575 0.0363 0.9332
vn -0.1604 0.2266 0.9607
vn -0.1691 0.0363 0.9849
vn -0.2654 0.0053 0.9641
vn -0.3584 0.0053 0.9335
vn -0.1699 0.0053 0.9854
vn -0.1700 0.0004 0.9854
vn -0.2655 0.0004 0.9641
vn -0.3585 0.0004 0.9335
vn -0.9997 0.0000 0.0252
vn -0.9924 0.0000 0.1227
vn -0.9757 0.0000 0.2191
vn -0.9973 0.0000 -0.0732
vn -0.9494 0.0000 0.3139
vn -0.9496 0.0000 0.3134
vn -0.9758 0.0000 0.2185
vn -0.9925 0.0000 0.1222
vn -0.9997 0.0000 0.0247
vn -0.9973 0.0000 -0.0735
vn 0.9997 0.0000 -0.0252
vn 0.9924 0.0000 -0.1227
vn 0.9757 0.0000 -0.2191
vn 0.9973 0.0000 0.0732
vn 0.9494 0.0000 -0.3139
vn 0.9492 0.0000 -0.3145
vn 0.9756 0.0000 -0.2196
vn 0.9924 0.0000 -0.1232
vn 0.9997 0.0000 -0.0256
vn 0.9973 0.0000 0.0728
vn -0.9333 0.0000 -0.3590
vn -0.9639 0.0000 -0.2662
vn -0.9853 0.0000 -0.1708
vn -0.8936 0.0000 -0.4489
vn -0.9852 0.0000 -0.1711
vn -0.9638 0.0000 -0.2664
vn -0.9333 0.0000 -0.3591
vn -0.8935 0.0000 -0.4490
vn 0.9333 0.0000 0.3590
vn 0.9639 0.0000 0.2662
vn 0.9853 0.0000 0.1708
vn 0.8936 0.0000 0.4489
vn 0.9854 0.0000 0.1705
vn 0.9640 0.0000 0.2660
vn 0.9334 0.0000 0.3588
vn -0.7252 0.0000 -0.6885
vn -0.7889 0.0000 -0.6145
vn -0.8451 0.0000 -0.5345
vn -0.6540 0.0000 -0.7564
vn -0.7890 0.0000 -0.6144
vn -0.7253 0.0000 -0.6884
vn -0.6542 0.0000 -0.7563
vn 0.7252 0.0000 0.6885
vn 0.7889 0.0000 0.6145
vn 0.8451 0.0000 0.5345
vn 0.6540 0.0000 0.7564
vn 0.7251 0.0000 0.6886
vn 0.6539 0.0000 0.7566
vn -0.4068 0.0000 -0.9135
vn -0.4941 0.0000 -0.8694
vn -0.5766 0.0000 -0.8170
vn -0.3150 0.0000 -0.9491
vn -0.5768 0.0000 -0.8169
vn -0.4944 0.0000 -0.8692
vn -0.4072 0.0000 -0.9133
vn -0.3155 0.0000 -0.9489
vn 0.4068 0.0000 0.9135
vn 0.4941 0.0000 0.8694
vn 0.5766 0.0000 0.8170
vn 0.3150 0.0000 0.9491
vn 0.5763 0.0000 0.8172
vn 0.4937 0.0000 0.8696
vn 0.4064 0.0000 0.9137
vn 0.3146 0.0000 0.9492
vn -0.0262 0.0000 -0.9996
vn -0.1238 0.0000 -0.9923
vn -0.2202 0.0000 -0.9754
vn 0.0722 0.0000 -0.9974
vn -0.2207 0.0000 -0.9753
vn -0.1244 0.0000 -0.9922
vn -0.0269 0.0000 -0.9996
vn 0.0715 0.0000 -0.9974
vn -0.3586 0.0000 0.9335
vn -0.2655 0.0000 0.9641
vn -0.1700 0.0000 0.9854
vn -0.4487 0.0000 0.8936
vn -0.0722 0.0000 0.9974
vn -0.0729 0.0000 0.9973
vn -0.1707 0.0000 0.9853
vn -0.2662 0.0000 0.9639
vn -0.3593 0.0000 0.9332
vn -0.4494 0.0000 0.8933
vn 0.0262 0.0000 0.9996
vn 0.1238 0.0000 0.9923
vn 0.2202 0.0000 0.9754
vn 0.2196 0.0000 0.9756
vn 0.1232 0.0000 0.9924
vn 0.0256 0.0000 0.9997
vn 0.3586 0.0000 -0.9335
vn 0.2655 0.0000 -0.9641
vn 0.1700 0.0000 -0.9854
vn 0.4487 0.0000 -0.8936
vn 0.1693 0.0000 -0.9855
vn 0.2648 0.0000 -0.9643
vn 0.3578 0.0000 -0.9338
vn 0.4480 0.0000 -0.8940
vn -0.6888 0.0000 0.7249
vn -0.6146 0.0000 0.7888
vn -0.5345 0.0000 0.8451
vn -0.7568 0.0000 0.6536
vn -0.5352 0.0000 0.8447
vn -0.6152 0.0000 0.7883
vn -0.6894 0.0000 0.7244
vn -0.7573 0.0000 0.6530
vn 0.6888 0.0000 -0.7249
vn 0.6146 0.0000 -0.7888
vn 0.5345 0.0000 -0.8451
vn 0.7568 0.0000 -0.6536
vn 0.5339 0.0000 -0.8455
vn 0.6140 0.0000 -0.7893
vn 0.6883 0.0000 -0.7254
vn 0.7563 0.0000 -0.6542
vn -0.9139 0.0000 0.4058
vn -0.8699 0.0000 0.4932
vn -0.8175 0.0000 0.5759
vn -0.8179 0.0000 0.5753
vn -0.8702 0.0000 0.4926
vn -0.9142 0.0000 0.4052
vn 0.9139 0.0000 -0.4058
vn 0.8699 0.0000 -0.4932
vn 0.8175 0.0000 -0.5759
vn 0.8171 0.0000 -0.5765
vn 0.8695 0.0000 -0.4938
vn 0.9137 0.0000 -0.4064
usemtl material.baked
s 1
f 5530/5052/4623 5531/5053/4624 5534/5054/4625 5533/5055/4626
f 5531/5053/4624 5532/5056/4627 5535/5057/4628 5534/5054/4625
f 5533/5055/4626 5534/5054/4625 5537/5058/4629 5536/5059/4630
f 5534/5054/4625 5535/5057/4628 5538/5060/4631 5537/5058/4629
f 4714/5061/4632 4816/5062/4633 5530/5052/4623 5047/5063/4634
f 4816/5062/4633 4817/5064/4635 5531/5053/4624 5530/5052/4623
f 4817/5064/4635 4818/5065/4636 5532/5056/4627 5531/5053/4624
f 4818/5065/4636 4747/5066/4637 4815/5067/4638 5532/5056/4627
f 5532/5056/4627 4815/5067/4638 4814/5068/4639 5535/5057/4628
f 5535/5057/4628 4814/5068/4639 4813/5069/4640 5538/5060/4631
f 5538/5060/4631 4813/5069/4640 4746/5070/4641 4957/5071/4642
f 5537/5058/4629 5538/5060/4631 4957/5071/4642 4958/5072/4643
f 5536/5059/4630 5537/5058/4629 4958/5072/4643 4959/5073/4644
f 5049/5074/4645 5536/5059/4630 4959/5073/4644 4715/5075/4646
f 5048/5076/4647 5533/5055/4626 5536/5059/4630 5049/5074/4645
f 5047/5063/4634 5530/5052/4623 5533/5055/4626 5048/5076/4647
f 5539/5077/4648 5540/5078/4649 5543/5079/4650 5542/5080/4651
f 5540/5078/4649 5541/5081/4652 5544/5082/4653 5543/5079/4650
f 5542/5080/4651 5543/5079/4650 5546/5083/4654 5545/5084/4655
f 5543/5079/4650 5544/5082/4653 5547/5085/4656 5546/5083/4654
f 4715/5075/4646 4959/5073/4644 5539/5077/4648 5044/5086/4657
f 4959/5073/4644 4958/5072/4643 5540/5078/4649 5539/5077/4648
f 4958/5072/4643 4957/5071/4642 5541/5081/4652 5540/5078/4649
f 4957/5071/4642 4746/5070/4641 4827/5087/4658 5541/5081/4652
f 5541/5081/4652 4827/5087/4658 4826/5088/4659 5544/5082/4653
f 5544/5082/4653 4826/5088/4659 4825/5089/4660 5547/5085/4656
f 5547/5085/4656 4825/5089/4660 4748/5090/4661 4960/5091/4662
f 5546/5083/4654 5547/5085/4656 4960/5091/4662 4961/5092/4663
f 5545/5084/4655 5546/5083/4654 4961/5092/4663 4962/5093/4664
f 5046/5094/4665 5545/5084/4655 4962/5093/4664 4716/5095/4666
f 5045/5096/4667 5542/5080/4651 5545/5084/4655 5046/5094/4665
f 5044/5086/4657 5539/5077/4648 5542/5080/4651 5045/5096/4667
f 5548/5097/4668 5549/5098/4669 5552/5099/4670 5551/5100/4671
f 5549/5098/4669 5550/5101/4672 5553/5102/4673 5552/5099/4670
f 5551/5100/4671 5552/5099/4670 5555/5103/4674 5554/5104/4675
f 5552/5099/4670 5553/5102/4673 5556/5105/4676 5555/5103/4674
f 4716/5095/4666 4962/5093/4664 5548/5097/4668 5041/5106/4677
f 4962/5093/4664 4961/5092/4663 5549/5098/4669 5548/5097/4668
f 4961/5092/4663 4960/5091/4662 5550/5101/4672 5549/5098/4669
f 4960/5091/4662 4748/5090/4661 4836/5107/4678 5550/5101/4672
f 5550/5101/4672 4836/5107/4678 4835/5108/4679 5553/5102/4673
f 5553/5102/4673 4835/5108/4679 4834/5109/4680 5556/5105/4676
f 5556/5105/4676 4834/5109/4680 4749/5110/4681 4963/5111/4682
f 5555/5103/4674 5556/5105/4676 4963/5111/4682 4964/5112/4683
f 5554/5104/4675 5555/5103/4674 4964/5112/4683 4965/5113/4684
f 5043/5114/4685 5554/5104/4675 4965/5113/4684 4717/5115/4686
f 5042/5116/4687 5551/5100/4671 5554/5104/4675 5043/5114/4685
f 5041/5106/4677 5548/5097/4668 5551/5100/4671 5042/5116/4687
f 5557/5117/4688 5558/5118/4689 5561/5119/4690 5560/5120/4691
f 5558/5118/4689 5559/5121/4692 5562/5122/4693 5561/5119/4690
f 5560/5120/4691 5561/5119/4690 5564/5123/4694 5563/5124/4695
f 5561/5119/4690 5562/5122/4693 5565/5125/4696 5564/5123/4694
f 4717/5115/4686 4965/5113/4684 5557/5117/4688 5038/5126/4697
f 4965/5113/4684 4964/5112/4683 5558/5118/4689 5557/5117/4688
f 4964/5112/4683 4963/5111/4682 5559/5121/4692 5558/5118/4689
f 4963/5111/4682 4749/5110/4681 4845/5127/4698 5559/5121/4692
f 5559/5121/4692 4845/5127/4698 4844/5128/4699 5562/5122/4693
f 5562/5122/4693 4844/5128/4699 4843/5129/4700 5565/5125/4696
f 5565/5125/4696 4843/5129/4700 4750/5130/4701 4966/5131/4702
f 5564/5123/4694 5565/5125/4696 4966/5131/4702 4967/5132/4703
f 5563/5124/4695 5564/5123/4694 4967/5132/4703 4968/5133/4704
f 5040/5134/4705 5563/5124/4695 4968/5133/4704 4718/5135/4706
f 5039/5136/4707 5560/5120/4691 5563/5124/4695 5040/5134/4705
f 5038/5126/4697 5557/5117/4688 5560/5120/4691 5039/5136/4707
f 5566/5137/4708 5567/5138/4709 5570/5139/4710 5569/5140/4711
f 5567/5138/4709 5568/5141/4712 5571/5142/4713 5570/5139/4710
f 5569/5140/4711 5570/5139/4710 5573/5143/4714 5572/5144/4715
f 5570/5139/4710 5571/5142/4713 5574/5145/4716 5573/5143/4714
f 4718/5135/4706 4968/5133/4704 5566/5137/4708 5035/5146/4717
f 4968/5133/4704 4967/5132/4703 5567/5138/4709 5566/5137/4708
f 4967/5132/4703 4966/5131/4702 5568/5141/4712 5567/5138/4709
f 4966/5131/4702 4750/5130/4701 4854/5147/4718 5568/5141/4712
f 5568/5141/4712 4854/5147/4718 4853/5148/4719 5571/5142/4713
f 5571/5142/4713 4853/5148/4719 4852/5149/4720 5574/5145/4716
f 5574/5145/4716 4852/5149/4720 4751/5150/4721 4969/5151/4722
f 5573/5143/4714 5574/5145/4716 4969/5151/4722 4970/5152/4723
f 5572/5144/4715 5573/5143/4714 4970/5152/4723 4971/5153/4724
f 5037/5154/4725 5572/5144/4715 4971/5153/4724 4719/5155/4726
f 5036/5156/4727 5569/5140/4711 5572/5144/4715 5037/5154/4725
f 5035/5146/4717 5566/5137/4708 5569/5140/4711 5036/5156/4727
f 5575/5157/4728 5576/5158/4729 5579/5159/4730 5578/5160/4731
f 5576/5158/4729 5577/5161/4732 5580/5162/4733 5579/5159/4730
f 5578/5160/4731 5579/5159/4730 5582/5163/4734 5581/5164/4735
f 5579/5159/4730 5580/5162/4733 5583/5165/4736 5582/5163/4734
f 4719/5155/4726 4971/5153/4724 5575/5157/4728 5032/5166/4737
f 4971/5153/4724 4970/5152/4723 5576/5158/4729 5575/5157/4728
f 4970/5152/4723 4969/5151/4722 5577/5161/4732 5576/5158/4729
f 4969/5151/4722 4751/5150/4721 4863/5167/4738 5577/5161/4732
f 5577/5161/4732 4863/5167/4738 4862/5168/4739 5580/5162/4733
f 5580/5162/4733 4862/5168/4739 4861/5169/4740 5583/5165/4736
f 5583/5165/4736 4861/5169/4740 4752/5170/4741 4972/5171/4742
f 5582/5163/4734 5583/5165/4736 4972/5171/4742 4973/5172/4743
f 5581/5164/4735 5582/5163/4734 4973/5172/4743 4974/5173/4744
f 5034/5174/4745 5581/5164/4735 4974/5173/4744 4720/5175/4746
f 5033/5176/4747 5578/5160/4731 5581/5164/4735 5034/5174/4745
f 5032/5166/4737 5575/5157/4728 5578/5160/4731 5033/5176/4747
f 5584/5177/4748 5585/5178/4749 5588/5179/4750 5587/5180/4751
f 5585/5178/4749 5586/5181/4752 5589/5182/4753 5588/5179/4750
f 5587/5180/4751 5588/5179/4750 5591/5183/4754 5590/5184/4755
f 5588/5179/4750 5589/5182/4753 5592/5185/4756 5591/5183/4754
f 4720/5175/4746 4974/5173/4744 5584/5177/4748 5029/5186/4757
f 4974/5173/4744 4973/5172/4743 5585/5178/4749 5584/5177/4748
f 4973/5172/4743 4972/5171/4742 5586/5181/4752 5585/5178/4749
f 4972/5171/4742 4752/5170/4741 4872/5187/4758 5586/5181/4752
f 5586/5181/4752 4872/5187/4758 4871/5188/4759 5589/5182/4753
f 5589/5182/4753 4871/5188/4759 4870/5189/4760 5592/5185/4756
f 5592/5185/4756 4870/5189/4760 4753/5190/4761 4975/5191/4762
f 5591/5183/4754 5592/5185/4756 4975/5191/4762 4976/5192/4763
f 5590/5184/4755 5591/5183/4754 4976/5192/4763 4977/5193/4764
f 5031/5194/4765 5590/5184/4755 4977/5193/4764 4721/5195/4766
f 5030/5196/4767 5587/5180/4751 5590/5184/4755 5031/5194/4765
f 5029/5186/4757 5584/5177/4748 5587/5180/4751 5030/5196/4767
f 5593/5197/4768 5594/5198/4769 5597/5199/4770 5596/5200/4771
f 5594/5198/4769 5595/5201/4772 5598/5202/4773 5597/5199/4770
f 5596/5200/4771 5597/5199/4770 5600/5203/4774 5599/5204/4775
f 5597/5199/4770 5598/5202/4773 5601/5205/4776 5600/5203/4774
f 4721/5195/4766 4977/5193/4764 5593/5197/4768 5026/5206/4777
f 4977/5193/4764 4976/5192/4763 5594/5198/4769 5593/5197/4768
f 4976/5192/4763 4975/5191/4762 5595/5201/4772 5594/5198/4769
f 4975/5191/4762 4753/5190/4761 4881/5207/4778 5595/5201/4772
f 5595/5201/4772 4881/5207/4778 4880/5208/4779 5598/5202/4773
f 5598/5202/4773 4880/5208/4779 4879/5209/4780 5601/5205/4776
f 5601/5205/4776 4879/5209/4780 4754/5210/4781 4978/5211/4782
f 5600/5203/4774 5601/5205/4776 4978/5211/4782 4979/5212/4783
f 5599/5204/4775 5600/5203/4774 4979/5212/4783 4980/5213/4784
f 5028/5214/4785 5599/5204/4775 4980/5213/4784 4722/5215/4786
f 5027/5216/4787 5596/5200/4771 5599/5204/4775 5028/5214/4785
f 5026/5206/4777 5593/5197/4768 5596/5200/4771 5027/5216/4787
f 5602/5217/4788 5603/5218/4789 5606/5219/4790 5605/5220/4791
f 5603/5218/4789 5604/5221/4792 5607/5222/4793 5606/5219/4790
f 5605/5220/4791 5606/5219/4790 5609/5223/4794 5608/5224/4795
f 5606/5219/4790 5607/5222/4793 5610/5225/4796 5609/5223/4794
f 4722/5215/4786 4980/5213/4784 5602/5217/4788 5023/5226/4797
f 4980/5213/4784 4979/5212/4783 5603/5218/4789 5602/5217/4788
f 4979/5212/4783 4978/5211/4782 5604/5221/4792 5603/5218/4789
f 4978/5211/4782 4754/5210/4781 4890/5227/4798 5604/5221/4792
f 5604/5221/4792 4890/5227/4798 4889/5228/4799 5607/5222/4793
f 5607/5222/4793 4889/5228/4799 4888/5229/4800 5610/5225/4796
f 5610/5225/4796 4888/5229/4800 4755/5230/4801 4981/5231/4802
f 5609/5223/4794 5610/5225/4796 4981/5231/4802 4982/5232/4803
f 5608/5224/4795 5609/5223/4794 4982/5232/4803 4983/5233/4804
f 5025/5234/4805 5608/5224/4795 4983/5233/4804 4723/5235/4806
f 5024/5236/4807 5605/5220/4791 5608/5224/4795 5025/5234/4805
f 5023/5226/4797 5602/5217/4788 5605/5220/4791 5024/5236/4807
f 5611/5237/4808 5612/5238/4809 5615/5239/4810 5614/5240/4811
f 5612/5238/4809 5613/5241/4812 5616/5242/4813 5615/5239/4810
f 5614/5240/4811 5615/5239/4810 5618/5243/4814 5617/5244/4815
f 5615/5239/4810 5616/5242/4813 5619/5245/4816 5618/5243/4814
f 4723/5235/4806 4983/5233/4804 5611/5237/4808 5020/5246/4817
f 4983/5233/4804 4982/5232/4803 5612/5238/4809 5611/5237/4808
f 4982/5232/4803 4981/5231/4802 5613/5241/4812 5612/5238/4809
f 4981/5231/4802 4755/5230/4801 4899/5247/4818 5613/5241/4812
f 5613/5241/4812 4899/5247/4818 4898/5248/4819 5616/5242/4813
f 5616/5242/4813 4898/5248/4819 4897/5249/4820 5619/5245/4816
f 5619/5245/4816 4897/5249/4820 4756/5250/4821 4984/5251/4822
f 5618/5243/4814 5619/5245/4816 4984/5251/4822 4985/5252/4823
f 5617/5244/4815 5618/5243/4814 4985/5252/4823 4986/5253/4824
f 5022/5254/4825 5617/5244/4815 4986/5253/4824 4724/5255/4826
f 5021/5256/4827 5614/5240/4811 5617/5244/4815 5022/5254/4825
f 5020/5246/4817 5611/5237/4808 5614/5240/4811 5021/5256/4827
f 5620/5257/4828 5621/5258/4829 5624/5259/4830 5623/5260/4831
f 5621/5258/4829 5622/5261/4832 5625/5262/4833 5624/5259/4830
f 5623/5260/4831 5624/5259/4830 5627/5263/4834 5626/5264/4835
f 5624/5259/4830 5625/5262/4833 5628/5265/4836 5627/5263/4834
f 4724/5255/4826 4986/5253/4824 5620/5257/4828 5017/5266/4837
f 4986/5253/4824 4985/5252/4823 5621/5258/4829 5620/5257/4828
f 4985/5252/4823 4984/5251/4822 5622/5261/4832 5621/5258/4829
f 4984/5251/4822 4756/5250/4821 4908/5267/4838 5622/5261/4832
f 5622/5261/4832 4908/5267/4838 4907/5268/4839 5625/5262/4833
f 5625/5262/4833 4907/5268/4839 4906/5269/4840 5628/5265/4836
f 5628/5265/4836 4906/5269/4840 4757/5270/4841 4987/5271/4842
f 5627/5263/4834 5628/5265/4836 4987/5271/4842 4988/5272/4843
f 5626/5264/4835 5627/5263/4834 4988/5272/4843 4989/5273/4844
f 5019/5274/4845 5626/5264/4835 4989/5273/4844 4725/5275/4846
f 5018/5276/4847 5623/5260/4831 5626/5264/4835 5019/5274/4845
f 5017/5266/4837 5620/5257/4828 5623/5260/4831 5018/5276/4847
f 5629/5277/4848 5630/5278/4849 5633/5279/4850 5632/5280/4851
f 5630/5278/4849 5631/5281/4852 5634/5282/4853 5633/5279/4850
f 5632/5280/4851 5633/5279/4850 5636/5283/4854 5635/5284/4855
f 5633/5279/4850 5634/5282/4853 5637/5285/4856 5636/5283/4854
f 4725/5275/4846 4989/5273/4844 5629/5277/4848 5014/5286/4857
f 4989/5273/4844 4988/5272/4843 5630/5278/4849 5629/5277/4848
f 4988/5272/4843 4987/5271/4842 5631/5281/4852 5630/5278/4849
f 4987/5271/4842 4757/5270/4841 4917/5287/4858 5631/5281/4852
f 5631/5281/4852 4917/5287/4858 4916/5288/4859 5634/5282/4853
f 5634/5282/4853 4916/5288/4859 4915/5289/4860 5637/5285/4856
f 5637/5285/4856 4915/5289/4860 4758/5290/4861 4990/5291/4862
f 5636/5283/4854 5637/5285/4856 4990/5291/4862 4991/5292/4863
f 5635/5284/4855 5636/5283/4854 4991/5292/4863 4992/5293/4864
f 5016/5294/4865 5635/5284/4855 4992/5293/4864 4726/5295/4866
f 5015/5296/4867 5632/5280/4851 5635/5284/4855 5016/5294/4865
f 5014/5286/4857 5629/5277/4848 5632/5280/4851 5015/5296/4867
f 5638/5297/4868 5639/5298/4869 5642/5299/4870 5641/5300/4871
f 5639/5298/4869 5640/5301/4872 5643/5302/4873 5642/5299/4870
f 5641/5300/4871 5642/5299/4870 5645/5303/4874 5644/5304/4875
f 5642/5299/4870 5643/5302/4873 5646/5305/4876 5645/5303/4874
f 4726/5306/4866 4992/5307/4864 5638/5297/4868 5011/5308/4877
f 4992/5307/4864 4991/5309/4863 5639/5298/4869 5638/5297/4868
f 4991/5309/4863 4990/5310/4862 5640/5301/4872 5639/5298/4869
f 4990/5310/4862 4758/5311/4861 4926/5312/4878 5640/5301/4872
f 5640/5301/4872 4926/5312/4878 4925/5313/4879 5643/5302/4873
f 5643/5302/4873 4925/5313/4879 4924/5314/4880 5646/5305/4876
f 5646/5305/4876 4924/5314/4880 4759/5315/4881 4993/5316/4882
f 5645/5303/4874 5646/5305/4876 4993/5316/4882 4994/5317/4883
f 5644/5304/4875 5645/5303/4874 4994/5317/4883 4995/5318/4884
f 5013/5319/4885 5644/5304/4875 4995/5318/4884 4727/5320/4886
f 5012/5321/4887 5641/5300/4871 5644/5304/4875 5013/5319/4885
f 5011/5308/4877 5638/5297/4868 5641/5300/4871 5012/5321/4887
f 5647/5322/4888 5648/5323/4889 5651/5324/4890 5650/5325/4891
f 5648/5323/4889 5649/5326/4892 5652/5327/4893 5651/5324/4890
f 5650/5325/4891 5651/5324/4890 5654/5328/4894 5653/5329/4895
f 5651/5324/4890 5652/5327/4893 5655/5330/4896 5654/5328/4894
f 4727/5320/4886 4995/5318/4884 5647/5322/4888 5008/5331/4897
f 4995/5318/4884 4994/5317/4883 5648/5323/4889 5647/5322/4888
f 4994/5317/4883 4993/5316/4882 5649/5326/4892 5648/5323/4889
f 4993/5316/4882 4759/5315/4881 4935/5332/4898 5649/5326/4892
f 5649/5326/4892 4935/5332/4898 4934/5333/4899 5652/5327/4893
f 5652/5327/4893 4934/5333/4899 4933/5334/4900 5655/5330/4896
f 5655/5330/4896 4933/5334/4900 4760/5335/4901 4996/5336/4902
f 5654/5328/4894 5655/5330/4896 4996/5336/4902 4997/5337/4903
f 5653/5329/4895 5654/5328/4894 4997/5337/4903 4998/5338/4904
f 5010/5339/4905 5653/5329/4895 4998/5338/4904 4728/5340/4906
f 5009/5341/4907 5650/5325/4891 5653/5329/4895 5010/5339/4905
f 5008/5331/4897 5647/5322/4888 5650/5325/4891 5009/5341/4907
f 5656/5342/4908 5657/5343/4909 5660/5344/4910 5659/5345/4911
f 5657/5343/4909 5658/5346/4912 5661/5347/4913 5660/5344/4910
f 5659/5345/4911 5660/5344/4910 5663/5348/4914 5662/5349/4915
f 5660/5344/4910 5661/5347/4913 5664/5350/4916 5663/5348/4914
f 4683/5351/4917 5191/5352/4918 5656/5342/4908 5388/5353/4919
f 5191/5352/4918 5192/5354/4920 5657/5343/4909 5656/5342/4908
f 5192/5354/4920 5193/5355/4921 5658/5346/4912 5657/5343/4909
f 5193/5355/4921 4713/5356/4922 5389/5357/4923 5658/5346/4912
f 5658/5346/4912 5389/5357/4923 5390/5358/4924 5661/5347/4913
f 5661/5347/4913 5390/5358/4924 5391/5359/4925 5664/5350/4916
f 5664/5350/4916 5391/5359/4925 4793/5360/4926 5385/5361/4927
f 5663/5348/4914 5664/5350/4916 5385/5361/4927 5384/5362/4928
f 5662/5349/4915 5663/5348/4914 5384/5362/4928 5383/5363/4929
f 5386/5364/4930 5662/5349/4915 5383/5363/4929 4778/5365/4931
f 5387/5366/4932 5659/5345/4911 5662/5349/4915 5386/5364/4930
f 5388/5353/4919 5656/5342/4908 5659/5345/4911 5387/5366/4932
f 5665/5367/4933 5666/5368/4934 5669/5369/4935 5668/5370/4936
f 5666/5368/4934 5667/5371/4937 5670/5372/4938 5669/5369/4935
f 5668/5370/4936 5669/5369/4935 5672/5373/4939 5671/5374/4940
f 5669/5369/4935 5670/5372/4938 5673/5375/4941 5672/5373/4939
f 4728/5340/4906 4998/5338/4904 5665/5367/4933 5005/5376/4942
f 4998/5338/4904 4997/5337/4903 5666/5368/4934 5665/5367/4933
f 4997/5337/4903 4996/5336/4902 5667/5371/4937 5666/5368/4934
f 4996/5336/4902 4760/5335/4901 4944/5377/4943 5667/5371/4937
f 5667/5371/4937 4944/5377/4943 4943/5378/4944 5670/5372/4938
f 5670/5372/4938 4943/5378/4944 4942/5379/4945 5673/5375/4941
f 5673/5375/4941 4942/5379/4945 4761/5380/4946 4999/5381/4947
f 5672/5373/4939 5673/5375/4941 4999/5381/4947 5000/5382/4948
f 5671/5374/4940 5672/5373/4939 5000/5382/4948 5001/5383/4949
f 5007/5384/4950 5671/5374/4940 5001/5383/4949 4729/5385/4951
f 5006/5386/4952 5668/5370/4936 5671/5374/4940 5007/5384/4950
f 5005/5376/4942 5665/5367/4933 5668/5370/4936 5006/5386/4952
f 5674/5387/4953 5675/5388/4954 5678/5389/4955 5677/5390/4956
f 5675/5388/4954 5676/5391/4957 5679/5392/4958 5678/5389/4955
f 5677/5390/4956 5678/5389/4955 5681/5393/4959 5680/5394/4960
f 5678/5389/4955 5679/5392/4958 5682/5395/4961 5681/5393/4959
f 4729/5385/4951 5001/5383/4949 5674/5387/4953 5002/5396/4962
f 5001/5383/4949 5000/5382/4948 5675/5388/4954 5674/5387/4953
f 5000/5382/4948 4999/5381/4947 5676/5391/4957 5675/5388/4954
f 4999/5381/4947 4761/5380/4946 4953/5397/4963 5676/5391/4957
f 5676/5391/4957 4953/5397/4963 4952/5398/4964 5679/5392/4958
f 5679/5392/4958 4952/5398/4964 4951/5399/4965 5682/5395/4961
f 5682/5395/4961 4951/5399/4965 4747/5066/4637 4818/5065/4636
f 5681/5393/4959 5682/5395/4961 4818/5065/4636 4817/5064/4635
f 5680/5394/4960 5681/5393/4959 4817/5064/4635 4816/5062/4633
f 5004/5400/4966 5680/5394/4960 4816/5062/4633 4714/5061/4632
f 5003/5401/4967 5677/5390/4956 5680/5394/4960 5004/5400/4966
f 5002/5396/4962 5674/5387/4953 5677/5390/4956 5003/5401/4967
f 5684/5402/4968 5685/5403/4968 5683/5404/4968 5715/5405/4968
f 5686/5406/4968 5687/5407/4968 5683/5404/4968 5685/5403/4968
f 5688/5408/4968 5689/5409/4968 5683/5404/4968 5687/5407/4968
f 5690/5410/4968 5691/5411/4968 5683/5404/4968 5689/5409/4968
f 5692/5412/4968 5693/5413/4968 5683/5404/4968 5691/5411/4968
f 5694/5414/4968 5695/5415/4968 5683/5404/4968 5693/5413/4968
f 5696/5416/4968 5697/5417/4968 5683/5404/4968 5695/5415/4968
f 5698/5418/4968 5699/5419/4968 5683/5404/4968 5697/5417/4968
f 5700/5420/4968 5701/5421/4968 5683/5404/4968 5699/5419/4968
f 5702/5422/4968 5703/5423/4968 5683/5404/4968 5701/5421/4968
f 5704/5424/4968 5705/5425/4968 5683/5404/4968 5703/5423/4968
f 5706/5426/4968 5707/5427/4968 5683/5404/4968 5705/5425/4968
f 5708/5428/4968 5709/5429/4968 5683/5404/4968 5707/5427/4968
f 5710/5430/4968 5711/5431/4968 5683/5404/4968 5709/5429/4968
f 5712/5432/4968 5713/5433/4968 5683/5404/4968 5711/5431/4968
f 5714/5434/4968 5715/5405/4968 5683/5404/4968 5713/5433/4968
f 4682/5435/4969 5242/5436/4970 5684/5402/4968 5289/5437/4971
f 5242/5436/4970 5243/5438/4972 5685/5403/4968 5684/5402/4968
f 5289/5437/4971 5684/5402/4968 5715/5405/4968 5288/5439/4972
f 4684/5440/4973 5245/5441/4974 5686/5406/4968 5244/5442/4972
f 5245/5441/4974 5246/5443/4975 5687/5407/4968 5686/5406/4968
f 5244/5442/4972 5686/5406/4968 5685/5403/4968 5243/5438/4972
f 4686/5444/4976 5248/5445/4974 5688/5408/4968 5247/5446/4970
f 5248/5445/4974 5249/5447/4975 5689/5409/4968 5688/5408/4968
f 5247/5446/4970 5688/5408/4968 5687/5407/4968 5246/5443/4975
f 4688/5448/4977 5251/5449/4978 5690/5410/4968 5250/5450/4970
f 5251/5449/4978 5252/5451/4978 5691/5411/4968 5690/5410/4968
f 5250/5450/4970 5690/5410/4968 5689/5409/4968 5249/5447/4975
f 4690/5452/4979 5254/5453/4980 5692/5412/4968 5253/5454/4974
f 5254/5453/4980 5255/5455/4978 5693/5413/4968 5692/5412/4968
f 5253/5454/4974 5692/5412/4968 5691/5411/4968 5252/5451/4978
f 4692/5456/4981 5257/5457/4982 5694/5414/4968 5256/5458/4978
f 5257/5457/4982 5258/5459/4983 5695/5415/4968 5694/5414/4968
f 5256/5458/4978 5694/5414/4968 5693/5413/4968 5255/5455/4978
f 4694/5460/4984 5260/5461/4985 5696/5416/4968 5259/5462/4980
f 5260/5461/4985 5261/5463/4983 5697/5417/4968 5696/5416/4968
f 5259/5462/4980 5696/5416/4968 5695/5415/4968 5258/5459/4983
f 4696/5464/4986 5263/5465/4987 5698/5418/4968 5262/5466/4982
f 5263/5465/4987 5264/5467/4987 5699/5419/4968 5698/5418/4968
f 5262/5466/4982 5698/5418/4968 5697/5417/4968 5261/5463/4983
f 4698/5468/4988 5266/5469/4989 5700/5420/4968 5265/5470/4985
f 5266/5469/4989 5267/5471/4987 5701/5421/4968 5700/5420/4968
f 5265/5470/4985 5700/5420/4968 5699/5419/4968 5264/5467/4987
f 4700/5472/4990 5269/5473/4991 5702/5422/4968 5268/5474/4987
f 5269/5473/4991 5270/5475/4992 5703/5423/4968 5702/5422/4968
f 5268/5474/4987 5702/5422/4968 5701/5421/4968 5267/5471/4987
f 4702/5476/4993 5272/5477/4994 5704/5424/4968 5271/5478/4989
f 5272/5477/4994 5273/5479/4992 5705/5425/4968 5704/5424/4968
f 5271/5478/4989 5704/5424/4968 5703/5423/4968 5270/5475/4992
f 4704/5480/4995 5275/5481/4996 5706/5426/4968 5274/5482/4991
f 5275/5481/4996 5276/5483/4996 5707/5427/4968 5706/5426/4968
f 5274/5482/4991 5706/5426/4968 5705/5425/4968 5273/5479/4992
f 4706/5484/4997 5278/5485/4998 5708/5428/4968 5277/5486/4994
f 5278/5485/4998 5279/5487/4996 5709/5429/4968 5708/5428/4968
f 5277/5486/4994 5708/5428/4968 5707/5427/4968 5276/5483/4996
f 4708/5488/4999 5281/5489/5000 5710/5430/4968 5280/5490/4996
f 5281/5489/5000 5282/5491/5001 5711/5431/4968 5710/5430/4968
f 5280/5490/4996 5710/5430/4968 5709/5429/4968 5279/5487/4996
f 4710/5492/5002 5284/5493/4971 5712/5432/4968 5283/5494/4998
f 5284/5493/4971 5285/5495/5001 5713/5433/4968 5712/5432/4968
f 5283/5494/4998 5712/5432/4968 5711/5431/4968 5282/5491/5001
f 4712/5496/5003 5287/5497/4972 5714/5434/4968 5286/5498/5000
f 5287/5497/4972 5288/5439/4972 5715/5405/4968 5714/5434/4968
f 5286/5498/5000 5714/5434/4968 5713/5433/4968 5285/5495/5001
f 5716/5499/5004 5717/5500/5005 5720/5501/5006 5719/5502/5007
f 5717/5500/5005 5718/5503/5008 5721/5504/5009 5720/5501/5006
f 5719/5502/5007 5720/5501/5006 5723/5505/5010 5722/5506/5011
f 5720/5501/5006 5721/5504/5009 5724/5507/5012 5723/5505/5010
f 4745/5508/5013 4954/5509/5014 5716/5499/5004 5143/5510/5015
f 4954/5509/5014 4955/5511/5016 5717/5500/5005 5716/5499/5004
f 4955/5511/5016 4956/5512/5017 5718/5503/5008 5717/5500/5005
f 4956/5512/5017 4714/5061/4632 5047/5063/4634 5718/5503/5008
f 5718/5503/5008 5047/5063/4634 5048/5076/4647 5721/5504/5009
f 5721/5504/5009 5048/5076/4647 5049/5074/4645 5724/5507/5012
f 5724/5507/5012 5049/5074/4645 4715/5075/4646 5050/5513/5018
f 5723/5505/5010 5724/5507/5012 5050/5513/5018 5051/5514/5019
f 5722/5506/5011 5723/5505/5010 5051/5514/5019 5052/5515/5020
f 5145/5516/5021 5722/5506/5011 5052/5515/5020 4730/5517/5022
f 5144/5518/5023 5719/5502/5007 5722/5506/5011 5145/5516/5021
f 5143/5510/5015 5716/5499/5004 5719/5502/5007 5144/5518/5023
f 5725/5519/5024 5726/5520/5025 5729/5521/5026 5728/5522/5027
f 5726/5520/5025 5727/5523/5028 5730/5524/5029 5729/5521/5026
f 5728/5522/5027 5729/5521/5026 5732/5525/5030 5731/5526/5031
f 5729/5521/5026 5730/5524/5029 5733/5527/5032 5732/5525/5030
f 4715/5075/4646 5044/5086/4657 5725/5519/5024 5050/5513/5018
f 5044/5086/4657 5045/5096/4667 5726/5520/5025 5725/5519/5024
f 5045/5096/4667 5046/5094/4665 5727/5523/5028 5726/5520/5025
f 5046/5094/4665 4716/5095/4666 5053/5528/5033 5727/5523/5028
f 5727/5523/5028 5053/5528/5033 5054/5529/5034 5730/5524/5029
f 5730/5524/5029 5054/5529/5034 5055/5530/5035 5733/5527/5032
f 5733/5527/5032 5055/5530/5035 4731/5531/5036 5142/5532/5037
f 5732/5525/5030 5733/5527/5032 5142/5532/5037 5141/5533/5038
f 5731/5526/5031 5732/5525/5030 5141/5533/5038 5140/5534/5039
f 5052/5515/5020 5731/5526/5031 5140/5534/5039 4730/5517/5022
f 5051/5514/5019 5728/5522/5027 5731/5526/5031 5052/5515/5020
f 5050/5513/5018 5725/5519/5024 5728/5522/5027 5051/5514/5019
f 5734/5535/5040 5735/5536/5041 5738/5537/5042 5737/5538/5043
f 5735/5536/5041 5736/5539/5044 5739/5540/5045 5738/5537/5042
f 5737/5538/5043 5738/5537/5042 5741/5541/5046 5740/5542/5047
f 5738/5537/5042 5739/5540/5045 5742/5543/5048 5741/5541/5046
f 4716/5095/4666 5041/5106/4677 5734/5535/5040 5053/5528/5033
f 5041/5106/4677 5042/5116/4687 5735/5536/5041 5734/5535/5040
f 5042/5116/4687 5043/5114/4685 5736/5539/5044 5735/5536/5041
f 5043/5114/4685 4717/5115/4686 5056/5544/5049 5736/5539/5044
f 5736/5539/5044 5056/5544/5049 5057/5545/5050 5739/5540/5045
f 5739/5540/5045 5057/5545/5050 5058/5546/5051 5742/5543/5048
f 5742/5543/5048 5058/5546/5051 4732/5547/5052 5139/5548/5053
f 5741/5541/5046 5742/5543/5048 5139/5548/5053 5138/5549/5054
f 5740/5542/5047 5741/5541/5046 5138/5549/5054 5137/5550/5055
f 5055/5530/5035 5740/5542/5047 5137/5550/5055 4731/5531/5036
f 5054/5529/5034 5737/5538/5043 5740/5542/5047 5055/5530/5035
f 5053/5528/5033 5734/5535/5040 5737/5538/5043 5054/5529/5034
f 5743/5551/5056 5744/5552/5057 5747/5553/5058 5746/5554/5059
f 5744/5552/5057 5745/5555/5060 5748/5556/5061 5747/5553/5058
f 5746/5554/5059 5747/5553/5058 5750/5557/5062 5749/5558/5063
f 5747/5553/5058 5748/5556/5061 5751/5559/5064 5750/5557/5062
f 4717/5115/4686 5038/5126/4697 5743/5551/5056 5056/5544/5049
f 5038/5126/4697 5039/5136/4707 5744/5552/5057 5743/5551/5056
f 5039/5136/4707 5040/5134/4705 5745/5555/5060 5744/5552/5057
f 5040/5134/4705 4718/5135/4706 5059/5560/5065 5745/5555/5060
f 5745/5555/5060 5059/5560/5065 5060/5561/5066 5748/5556/5061
f 5748/5556/5061 5060/5561/5066 5061/5562/5067 5751/5559/5064
f 5751/5559/5064 5061/5562/5067 4733/5563/5068 5136/5564/5069
f 5750/5557/5062 5751/5559/5064 5136/5564/5069 5135/5565/5070
f 5749/5558/5063 5750/5557/5062 5135/5565/5070 5134/5566/5071
f 5058/5546/5051 5749/5558/5063 5134/5566/5071 4732/5547/5052
f 5057/5545/5050 5746/5554/5059 5749/5558/5063 5058/5546/5051
f 5056/5544/5049 5743/5551/5056 5746/5554/5059 5057/5545/5050
f 5752/5567/5072 5753/5568/5073 5756/5569/5074 5755/5570/5075
f 5753/5568/5073 5754/5571/5076 5757/5572/5077 5756/5569/5074
f 5755/5570/5075 5756/5569/5074 5759/5573/5078 5758/5574/5079
f 5756/5569/5074 5757/5572/5077 5760/5575/5080 5759/5573/5078
f 4718/5135/4706 5035/5146/4717 5752/5567/5072 5059/5560/5065
f 5035/5146/4717 5036/5156/4727 5753/5568/5073 5752/5567/5072
f 5036/5156/4727 5037/5154/4725 5754/5571/5076 5753/5568/5073
f 5037/5154/4725 4719/5155/4726 5062/5576/5081 5754/5571/5076
f 5754/5571/5076 5062/5576/5081 5063/5577/5082 5757/5572/5077
f 5757/5572/5077 5063/5577/5082 5064/5578/5083 5760/5575/5080
f 5760/5575/5080 5064/5578/5083 4734/5579/5084 5133/5580/5085
f 5759/5573/5078 5760/5575/5080 5133/5580/5085 5132/5581/5086
f 5758/5574/5079 5759/5573/5078 5132/5581/5086 5131/5582/5087
f 5061/5562/5067 5758/5574/5079 5131/5582/5087 4733/5563/5068
f 5060/5561/5066 5755/5570/5075 5758/5574/5079 5061/5562/5067
f 5059/5560/5065 5752/5567/5072 5755/5570/5075 5060/5561/5066
f 5761/5583/5088 5762/5584/5089 5765/5585/5090 5764/5586/5091
f 5762/5584/5089 5763/5587/5092 5766/5588/5093 5765/5585/5090
f 5764/5586/5091 5765/5585/5090 5768/5589/5094 5767/5590/5095
f 5765/5585/5090 5766/5588/5093 5769/5591/5096 5768/5589/5094
f 4719/5155/4726 5032/5166/4737 5761/5583/5088 5062/5576/5081
f 5032/5166/4737 5033/5176/4747 5762/5584/5089 5761/5583/5088
f 5033/5176/4747 5034/5174/4745 5763/5587/5092 5762/5584/5089
f 5034/5174/4745 4720/5175/4746 5065/5592/5097 5763/5587/5092
f 5763/5587/5092 5065/5592/5097 5066/5593/5098 5766/5588/5093
f 5766/5588/5093 5066/5593/5098 5067/5594/5099 5769/5591/5096
f 5769/5591/5096 5067/5594/5099 4735/5595/5100 5130/5596/5101
f 5768/5589/5094 5769/5591/5096 5130/5596/5101 5129/5597/5102
f 5767/5590/5095 5768/5589/5094 5129/5597/5102 5128/5598/5103
f 5064/5578/5083 5767/5590/5095 5128/5598/5103 4734/5579/5084
f 5063/5577/5082 5764/5586/5091 5767/5590/5095 5064/5578/5083
f 5062/5576/5081 5761/5583/5088 5764/5586/5091 5063/5577/5082
f 5770/5599/5104 5771/5600/5105 5774/5601/5106 5773/5602/5107
f 5771/5600/5105 5772/5603/5108 5775/5604/5109 5774/5601/5106
f 5773/5602/5107 5774/5601/5106 5777/5605/5110 5776/5606/5111
f 5774/5601/5106 5775/5604/5109 5778/5607/5112 5777/5605/5110
f 4720/5175/4746 5029/5186/4757 5770/5599/5104 5065/5592/5097
f 5029/5186/4757 5030/5196/4767 5771/5600/5105 5770/5599/5104
f 5030/5196/4767 5031/5194/4765 5772/5603/5108 5771/5600/5105
f 5031/5194/4765 4721/5195/4766 5068/5608/5113 5772/5603/5108
f 5772/5603/5108 5068/5608/5113 5069/5609/5114 5775/5604/5109
f 5775/5604/5109 5069/5609/5114 5070/5610/5115 5778/5607/5112
f 5778/5607/5112 5070/5610/5115 4736/5611/5116 5127/5612/5117
f 5777/5605/5110 5778/5607/5112 5127/5612/5117 5126/5613/5118
f 5776/5606/5111 5777/5605/5110 5126/5613/5118 5125/5614/5119
f 5067/5594/5099 5776/5606/5111 5125/5614/5119 4735/5595/5100
f 5066/5593/5098 5773/5602/5107 5776/5606/5111 5067/5594/5099
f 5065/5592/5097 5770/5599/5104 5773/5602/5107 5066/5593/5098
f 5779/5615/5120 5780/5616/5121 5783/5617/5122 5782/5618/5123
f 5780/5616/5121 5781/5619/5124 5784/5620/5125 5783/5617/5122
f 5782/5618/5123 5783/5617/5122 5786/5621/5126 5785/5622/5127
f 5783/5617/5122 5784/5620/5125 5787/5623/5128 5786/5621/5126
f 4721/5195/4766 5026/5206/4777 5779/5615/5120 5068/5608/5113
f 5026/5206/4777 5027/5216/4787 5780/5616/5121 5779/5615/5120
f 5027/5216/4787 5028/5214/4785 5781/5619/5124 5780/5616/5121
f 5028/5214/4785 4722/5215/4786 5071/5624/5129 5781/5619/5124
f 5781/5619/5124 5071/5624/5129 5072/5625/5130 5784/5620/5125
f 5784/5620/5125 5072/5625/5130 5073/5626/5131 5787/5623/5128
f 5787/5623/5128 5073/5626/5131 4737/5627/5132 5124/5628/5133
f 5786/5621/5126 5787/5623/5128 5124/5628/5133 5123/5629/5134
f 5785/5622/5127 5786/5621/5126 5123/5629/5134 5122/5630/5135
f 5070/5610/5115 5785/5622/5127 5122/5630/5135 4736/5611/5116
f 5069/5609/5114 5782/5618/5123 5785/5622/5127 5070/5610/5115
f 5068/5608/5113 5779/5615/5120 5782/5618/5123 5069/5609/5114
f 5788/5631/5136 5789/5632/5137 5792/5633/5138 5791/5634/5139
f 5789/5632/5137 5790/5635/5140 5793/5636/5141 5792/5633/5138
f 5791/5634/5139 5792/5633/5138 5795/5637/5142 5794/5638/5143
f 5792/5633/5138 5793/5636/5141 5796/5639/5144 5795/5637/5142
f 4722/5215/4786 5023/5226/4797 5788/5631/5136 5071/5624/5129
f 5023/5226/4797 5024/5236/4807 5789/5632/5137 5788/5631/5136
f 5024/5236/4807 5025/5234/4805 5790/5635/5140 5789/5632/5137
f 5025/5234/4805 4723/5235/4806 5074/5640/5145 5790/5635/5140
f 5790/5635/5140 5074/5640/5145 5075/5641/5146 5793/5636/5141
f 5793/5636/5141 5075/5641/5146 5076/5642/5147 5796/5639/5144
f 5796/5639/5144 5076/5642/5147 4738/5643/5148 5121/5644/5149
f 5795/5637/5142 5796/5639/5144 5121/5644/5149 5120/5645/5150
f 5794/5638/5143 5795/5637/5142 5120/5645/5150 5119/5646/5151
f 5073/5626/5131 5794/5638/5143 5119/5646/5151 4737/5627/5132
f 5072/5625/5130 5791/5634/5139 5794/5638/5143 5073/5626/5131
f 5071/5624/5129 5788/5631/5136 5791/5634/5139 5072/5625/5130
f 5797/5647/5152 5798/5648/5153 5801/5649/5154 5800/5650/5155
f 5798/5648/5153 5799/5651/5156 5802/5652/5157 5801/5649/5154
f 5800/5650/5155 5801/5649/5154 5804/5653/5158 5803/5654/5159
f 5801/5649/5154 5802/5652/5157 5805/5655/5160 5804/5653/5158
f 4723/5235/4806 5020/5246/4817 5797/5647/5152 5074/5640/5145
f 5020/5246/4817 5021/5256/4827 5798/5648/5153 5797/5647/5152
f 5021/5256/4827 5022/5254/4825 5799/5651/5156 5798/5648/5153
f 5022/5254/4825 4724/5255/4826 5077/5656/5161 5799/5651/5156
f 5799/5651/5156 5077/5656/5161 5078/5657/5162 5802/5652/5157
f 5802/5652/5157 5078/5657/5162 5079/5658/5163 5805/5655/5160
f 5805/5655/5160 5079/5658/5163 4739/5659/5164 5118/5660/5165
f 5804/5653/5158 5805/5655/5160 5118/5660/5165 5117/5661/5166
f 5803/5654/5159 5804/5653/5158 5117/5661/5166 5116/5662/5167
f 5076/5642/5147 5803/5654/5159 5116/5662/5167 4738/5643/5148
f 5075/5641/5146 5800/5650/5155 5803/5654/5159 5076/5642/5147
f 5074/5640/5145 5797/5647/5152 5800/5650/5155 5075/5641/5146
f 5806/5663/5168 5807/5664/5169 5810/5665/5170 5809/5666/5171
f 5807/5664/5169 5808/5667/5172 5811/5668/5173 5810/5665/5170
f 5809/5666/5171 5810/5665/5170 5813/5669/5174 5812/5670/5175
f 5810/5665/5170 5811/5668/5173 5814/5671/5176 5813/5669/5174
f 4724/5255/4826 5017/5266/4837 5806/5663/5168 5077/5656/5161
f 5017/5266/4837 5018/5276/4847 5807/5664/5169 5806/5663/5168
f 5018/5276/4847 5019/5274/4845 5808/5667/5172 5807/5664/5169
f 5019/5274/4845 4725/5275/4846 5080/5672/5177 5808/5667/5172
f 5808/5667/5172 5080/5672/5177 5081/5673/5178 5811/5668/5173
f 5811/5668/5173 5081/5673/5178 5082/5674/5179 5814/5671/5176
f 5814/5671/5176 5082/5674/5179 4740/5675/5180 5115/5676/5181
f 5813/5669/5174 5814/5671/5176 5115/5676/5181 5114/5677/5182
f 5812/5670/5175 5813/5669/5174 5114/5677/5182 5113/5678/5183
f 5079/5658/5163 5812/5670/5175 5113/5678/5183 4739/5659/5164
f 5078/5657/5162 5809/5666/5171 5812/5670/5175 5079/5658/5163
f 5077/5656/5161 5806/5663/5168 5809/5666/5171 5078/5657/5162
f 5815/5679/5184 5816/5680/5185 5819/5681/5186 5818/5682/5187
f 5816/5680/5185 5817/5683/5188 5820/5684/5189 5819/5681/5186
f 5818/5682/5187 5819/5681/5186 5822/5685/5190 5821/5686/5191
f 5819/5681/5186 5820/5684/5189 5823/5687/5192 5822/5685/5190
f 4725/5275/4846 5014/5286/4857 5815/5679/5184 5080/5672/5177
f 5014/5286/4857 5015/5296/4867 5816/5680/5185 5815/5679/5184
f 5015/5296/4867 5016/5294/4865 5817/5683/5188 5816/5680/5185
f 5016/5294/4865 4726/5295/4866 5083/5688/5193 5817/5683/5188
f 5817/5683/5188 5083/5688/5193 5084/5689/5194 5820/5684/5189
f 5820/5684/5189 5084/5689/5194 5085/5690/5195 5823/5687/5192
f 5823/5687/5192 5085/5690/5195 4741/5691/5196 5112/5692/5197
f 5822/5685/5190 5823/5687/5192 5112/5692/5197 5111/5693/5198
f 5821/5686/5191 5822/5685/5190 5111/5693/5198 5110/5694/5199
f 5082/5674/5179 5821/5686/5191 5110/5694/5199 4740/5675/5180
f 5081/5673/5178 5818/5682/5187 5821/5686/5191 5082/5674/5179
f 5080/5672/5177 5815/5679/5184 5818/5682/5187 5081/5673/5178
f 5824/5695/5200 5825/5696/5201 5828/5697/5202 5827/5698/5203
f 5825/5696/5201 5826/5699/5204 5829/5700/5205 5828/5697/5202
f 5827/5698/5203 5828/5697/5202 5831/5701/5206 5830/5702/5207
f 5828/5697/5202 5829/5700/5205 5832/5703/5208 5831/5701/5206
f 4726/5306/4866 5011/5308/4877 5824/5695/5200 5083/5704/5193
f 5011/5308/4877 5012/5321/4887 5825/5696/5201 5824/5695/5200
f 5012/5321/4887 5013/5319/4885 5826/5699/5204 5825/5696/5201
f 5013/5319/4885 4727/5320/4886 5086/5705/5209 5826/5699/5204
f 5826/5699/5204 5086/5705/5209 5087/5706/5210 5829/5700/5205
f 5829/5700/5205 5087/5706/5210 5088/5707/5211 5832/5703/5208
f 5832/5703/5208 5088/5707/5211 4742/5708/5212 5109/5709/5213
f 5831/5701/5206 5832/5703/5208 5109/5709/5213 5108/5710/5214
f 5830/5702/5207 5831/5701/5206 5108/5710/5214 5107/5711/5215
f 5085/5712/5195 5830/5702/5207 5107/5711/5215 4741/5713/5196
f 5084/5714/5194 5827/5698/5203 5830/5702/5207 5085/5712/5195
f 5083/5704/5193 5824/5695/5200 5827/5698/5203 5084/5714/5194
f 5833/5715/5216 5834/5716/5217 5837/5717/5218 5836/5718/5219
f 5834/5716/5217 5835/5719/5220 5838/5720/5221 5837/5717/5218
f 5836/5718/5219 5837/5717/5218 5840/5721/5222 5839/5722/5223
f 5837/5717/5218 5838/5720/5221 5841/5723/5224 5840/5721/5222
f 4727/5320/4886 5008/5331/4897 5833/5715/5216 5086/5705/5209
f 5008/5331/4897 5009/5341/4907 5834/5716/5217 5833/5715/5216
f 5009/5341/4907 5010/5339/4905 5835/5719/5220 5834/5716/5217
f 5010/5339/4905 4728/5340/4906 5089/5724/5225 5835/5719/5220
f 5835/5719/5220 5089/5724/5225 5090/5725/5226 5838/5720/5221
f 5838/5720/5221 5090/5725/5226 5091/5726/5227 5841/5723/5224
f 5841/5723/5224 5091/5726/5227 4743/5727/5228 5106/5728/5229
f 5840/5721/5222 5841/5723/5224 5106/5728/5229 5105/5729/5230
f 5839/5722/5223 5840/5721/5222 5105/5729/5230 5104/5730/5231
f 5088/5707/5211 5839/5722/5223 5104/5730/5231 4742/5708/5212
f 5087/5706/5210 5836/5718/5219 5839/5722/5223 5088/5707/5211
f 5086/5705/5209 5833/5715/5216 5836/5718/5219 5087/5706/5210
f 5842/5731/5232 5843/5732/5233 5846/5733/5234 5845/5734/5235
f 5843/5732/5233 5844/5735/5236 5847/5736/5237 5846/5733/5234
f 5845/5734/5235 5846/5733/5234 5849/5737/5238 5848/5738/5239
f 5846/5733/5234 5847/5736/5237 5850/5739/5240 5849/5737/5238
f 4728/5340/4906 5005/5376/4942 5842/5731/5232 5089/5724/5225
f 5005/5376/4942 5006/5386/4952 5843/5732/5233 5842/5731/5232
f 5006/5386/4952 5007/5384/4950 5844/5735/5236 5843/5732/5233
f 5007/5384/4950 4729/5385/4951 5092/5740/5241 5844/5735/5236
f 5844/5735/5236 5092/5740/5241 5093/5741/5242 5847/5736/5237
f 5847/5736/5237 5093/5741/5242 5094/5742/5243 5850/5739/5240
f 5850/5739/5240 5094/5742/5243 4744/5743/5244 5103/5744/5245
f 5849/5737/5238 5850/5739/5240 5103/5744/5245 5102/5745/5246
f 5848/5738/5239 5849/5737/5238 5102/5745/5246 5101/5746/5247
f 5091/5726/5227 5848/5738/5239 5101/5746/5247 4743/5727/5228
f 5090/5725/5226 5845/5734/5235 5848/5738/5239 5091/5726/5227
f 5089/5724/5225 5842/5731/5232 5845/5734/5235 5090/5725/5226
f 5851/5747/5248 5852/5748/5249 5855/5749/5250 5854/5750/5251
f 5852/5748/5249 5853/5751/5252 5856/5752/5253 5855/5749/5250
f 5854/5750/5251 5855/5749/5250 5858/5753/5254 5857/5754/5255
f 5855/5749/5250 5856/5752/5253 5859/5755/5256 5858/5753/5254
f 4729/5385/4951 5002/5396/4962 5851/5747/5248 5092/5740/5241
f 5002/5396/4962 5003/5401/4967 5852/5748/5249 5851/5747/5248
f 5003/5401/4967 5004/5400/4966 5853/5751/5252 5852/5748/5249
f 5004/5400/4966 4714/5061/4632 4956/5512/5017 5853/5751/5252
f 5853/5751/5252 4956/5512/5017 4955/5511/5016 5856/5752/5253
f 5856/5752/5253 4955/5511/5016 4954/5509/5014 5859/5755/5256
f 5859/5755/5256 4954/5509/5014 4745/5508/5013 5100/5756/5257
f 5858/5753/5254 5859/5755/5256 5100/5756/5257 5099/5757/5258
f 5857/5754/5255 5858/5753/5254 5099/5757/5258 5098/5758/5259
f 5094/5742/5243 5857/5754/5255 5098/5758/5259 4744/5743/5244
f 5093/5741/5242 5854/5750/5251 5857/5754/5255 5094/5742/5243
f 5092/5740/5241 5851/5747/5248 5854/5750/5251 5093/5741/5242
f 5860/5759/5260 5861/5760/5261 5864/5761/5262 5863/5762/5263
f 5861/5760/5261 5862/5763/5264 5865/5764/5265 5864/5761/5262
f 5863/5762/5263 5864/5761/5262 5867/5765/5266 5866/5766/5267
f 5864/5761/5262 5865/5764/5265 5868/5767/5268 5867/5765/5266
f 4777/5768/5269 4947/5769/5270 5860/5759/5260 4948/5770/5271
f 4947/5769/5270 4946/5771/5272 5861/5760/5261 5860/5759/5260
f 4946/5771/5272 4945/5772/5273 5862/5763/5264 5861/5760/5261
f 4945/5772/5273 4744/5743/5244 5098/5758/5259 5862/5763/5264
f 5862/5763/5264 5098/5758/5259 5099/5757/5258 5865/5764/5265
f 5865/5764/5265 5099/5757/5258 5100/5756/5257 5868/5767/5268
f 5868/5767/5268 5100/5756/5257 4745/5508/5013 5097/5773/5274
f 5867/5765/5266 5868/5767/5268 5097/5773/5274 5096/5774/5275
f 5866/5766/5267 5867/5765/5266 5096/5774/5275 5095/5775/5276
f 4950/5776/5277 5866/5766/5267 5095/5775/5276 4762/5777/5278
f 4949/5778/5279 5863/5762/5263 5866/5766/5267 4950/5776/5277
f 4948/5770/5271 5860/5759/5260 5863/5762/5263 4949/5778/5279
f 5869/5779/5280 5870/5780/5281 5873/5781/5282 5872/5782/5283
f 5870/5780/5281 5871/5783/5284 5874/5784/5285 5873/5781/5282
f 5872/5782/5283 5873/5781/5282 5876/5785/5286 5875/5786/5287
f 5873/5781/5282 5874/5784/5285 5877/5787/5288 5876/5785/5286
f 4776/5788/5289 4938/5789/5290 5869/5779/5280 4939/5790/5291
f 4938/5789/5290 4937/5791/5292 5870/5780/5281 5869/5779/5280
f 4937/5791/5292 4936/5792/5293 5871/5783/5284 5870/5780/5281
f 4936/5792/5293 4743/5727/5228 5101/5746/5247 5871/5783/5284
f 5871/5783/5284 5101/5746/5247 5102/5745/5246 5874/5784/5285
f 5874/5784/5285 5102/5745/5246 5103/5744/5245 5877/5787/5288
f 5877/5787/5288 5103/5744/5245 4744/5743/5244 4945/5772/5273
f 5876/5785/5286 5877/5787/5288 4945/5772/5273 4946/5771/5272
f 5875/5786/5287 5876/5785/5286 4946/5771/5272 4947/5769/5270
f 4941/5793/5294 5875/5786/5287 4947/5769/5270 4777/5768/5269
f 4940/5794/5295 5872/5782/5283 5875/5786/5287 4941/5793/5294
f 4939/5790/5291 5869/5779/5280 5872/5782/5283 4940/5794/5295
f 5878/5795/5296 5879/5796/5297 5882/5797/5298 5881/5798/5299
f 5879/5796/5297 5880/5799/5300 5883/5800/5301 5882/5797/5298
f 5881/5798/5299 5882/5797/5298 5885/5801/5302 5884/5802/5303
f 5882/5797/5298 5883/5800/5301 5886/5803/5304 5885/5801/5302
f 4775/5804/5305 4929/5805/5306 5878/5795/5296 4930/5806/5307
f 4929/5805/5306 4928/5807/5308 5879/5796/5297 5878/5795/5296
f 4928/5807/5308 4927/5808/5309 5880/5799/5300 5879/5796/5297
f 4927/5808/5309 4742/5708/5212 5104/5730/5231 5880/5799/5300
f 5880/5799/5300 5104/5730/5231 5105/5729/5230 5883/5800/5301
f 5883/5800/5301 5105/5729/5230 5106/5728/5229 5886/5803/5304
f 5886/5803/5304 5106/5728/5229 4743/5727/5228 4936/5792/5293
f 5885/5801/5302 5886/5803/5304 4936/5792/5293 4937/5791/5292
f 5884/5802/5303 5885/5801/5302 4937/5791/5292 4938/5789/5290
f 4932/5809/5310 5884/5802/5303 4938/5789/5290 4776/5788/5289
f 4931/5810/5311 5881/5798/5299 5884/5802/5303 4932/5809/5310
f 4930/5806/5307 5878/5795/5296 5881/5798/5299 4931/5810/5311
f 5887/5811/5312 5888/5812/5313 5891/5813/5314 5890/5814/5315
f 5888/5812/5313 5889/5815/5316 5892/5816/5317 5891/5813/5314
f 5890/5814/5315 5891/5813/5314 5894/5817/5318 5893/5818/5319
f 5891/5813/5314 5892/5816/5317 5895/5819/5320 5894/5817/5318
f 4774/5820/5321 4920/5821/5322 5887/5811/5312 4921/5822/5323
f 4920/5821/5322 4919/5823/5324 5888/5812/5313 5887/5811/5312
f 4919/5823/5324 4918/5824/5325 5889/5815/5316 5888/5812/5313
f 4918/5824/5325 4741/5713/5196 5107/5711/5215 5889/5815/5316
f 5889/5815/5316 5107/5711/5215 5108/5710/5214 5892/5816/5317
f 5892/5816/5317 5108/5710/5214 5109/5709/5213 5895/5819/5320
f 5895/5819/5320 5109/5709/5213 4742/5708/5212 4927/5808/5309
f 5894/5817/5318 5895/5819/5320 4927/5808/5309 4928/5807/5308
f 5893/5818/5319 5894/5817/5318 4928/5807/5308 4929/5805/5306
f 4923/5825/5326 5893/5818/5319 4929/5805/5306 4775/5804/5305
f 4922/5826/5327 5890/5814/5315 5893/5818/5319 4923/5825/5326
f 4921/5822/5323 5887/5811/5312 5890/5814/5315 4922/5826/5327
f 5896/5827/5328 5897/5828/5329 5900/5829/5330 5899/5830/5331
f 5897/5828/5329 5898/5831/5332 5901/5832/5333 5900/5829/5330
f 5899/5830/5331 5900/5829/5330 5903/5833/5334 5902/5834/5335
f 5900/5829/5330 5901/5832/5333 5904/5835/5336 5903/5833/5334
f 4773/5836/5337 4911/5837/5338 5896/5827/5328 4912/5838/5339
f 4911/5837/5338 4910/5839/5340 5897/5828/5329 5896/5827/5328
f 4910/5839/5340 4909/5840/5341 5898/5831/5332 5897/5828/5329
f 4909/5840/5341 4740/5675/5180 5110/5694/5199 5898/5831/5332
f 5898/5831/5332 5110/5694/5199 5111/5693/5198 5901/5832/5333
f 5901/5832/5333 5111/5693/5198 5112/5692/5197 5904/5835/5336
f 5904/5835/5336 5112/5692/5197 4741/5691/5196 4918/5841/5325
f 5903/5833/5334 5904/5835/5336 4918/5841/5325 4919/5842/5324
f 5902/5834/5335 5903/5833/5334 4919/5842/5324 4920/5843/5322
f 4914/5844/5342 5902/5834/5335 4920/5843/5322 4774/5845/5321
f 4913/5846/5343 5899/5830/5331 5902/5834/5335 4914/5844/5342
f 4912/5838/5339 5896/5827/5328 5899/5830/5331 4913/5846/5343
f 5905/5847/5344 5906/5848/5345 5909/5849/5346 5908/5850/5347
f 5906/5848/5345 5907/5851/5348 5910/5852/5349 5909/5849/5346
f 5908/5850/5347 5909/5849/5346 5912/5853/5350 5911/5854/5351
f 5909/5849/5346 5910/5852/5349 5913/5855/5352 5912/5853/5350
f 4772/5856/5353 4902/5857/5354 5905/5847/5344 4903/5858/5355
f 4902/5857/5354 4901/5859/5356 5906/5848/5345 5905/5847/5344
f 4901/5859/5356 4900/5860/5357 5907/5851/5348 5906/5848/5345
f 4900/5860/5357 4739/5659/5164 5113/5678/5183 5907/5851/5348
f 5907/5851/5348 5113/5678/5183 5114/5677/5182 5910/5852/5349
f 5910/5852/5349 5114/5677/5182 5115/5676/5181 5913/5855/5352
f 5913/5855/5352 5115/5676/5181 4740/5675/5180 4909/5840/5341
f 5912/5853/5350 5913/5855/5352 4909/5840/5341 4910/5839/5340
f 5911/5854/5351 5912/5853/5350 4910/5839/5340 4911/5837/5338
f 4905/5861/5358 5911/5854/5351 4911/5837/5338 4773/5836/5337
f 4904/5862/5359 5908/5850/5347 5911/5854/5351 4905/5861/5358
f 4903/5858/5355 5905/5847/5344 5908/5850/5347 4904/5862/5359
f 5914/5863/5360 5915/5864/5361 5918/5865/5362 5917/5866/5363
f 5915/5864/5361 5916/5867/5364 5919/5868/5365 5918/5865/5362
f 5917/5866/5363 5918/5865/5362 5921/5869/5366 5920/5870/5367
f 5918/5865/5362 5919/5868/5365 5922/5871/5368 5921/5869/5366
f 4771/5872/5369 4893/5873/5370 5914/5863/5360 4894/5874/5371
f 4893/5873/5370 4892/5875/5372 5915/5864/5361 5914/5863/5360
f 4892/5875/5372 4891/5876/5373 5916/5867/5364 5915/5864/5361
f 4891/5876/5373 4738/5643/5148 5116/5662/5167 5916/5867/5364
f 5916/5867/5364 5116/5662/5167 5117/5661/5166 5919/5868/5365
f 5919/5868/5365 5117/5661/5166 5118/5660/5165 5922/5871/5368
f 5922/5871/5368 5118/5660/5165 4739/5659/5164 4900/5860/5357
f 5921/5869/5366 5922/5871/5368 4900/5860/5357 4901/5859/5356
f 5920/5870/5367 5921/5869/5366 4901/5859/5356 4902/5857/5354
f 4896/5877/5374 5920/5870/5367 4902/5857/5354 4772/5856/5353
f 4895/5878/5375 5917/5866/5363 5920/5870/5367 4896/5877/5374
f 4894/5874/5371 5914/5863/5360 5917/5866/5363 4895/5878/5375
f 5923/5879/5376 5924/5880/5377 5927/5881/5378 5926/5882/5379
f 5924/5880/5377 5925/5883/5380 5928/5884/5381 5927/5881/5378
f 5926/5882/5379 5927/5881/5378 5930/5885/5382 5929/5886/5383
f 5927/5881/5378 5928/5884/5381 5931/5887/5384 5930/5885/5382
f 4770/5888/5385 4884/5889/5386 5923/5879/5376 4885/5890/5387
f 4884/5889/5386 4883/5891/5388 5924/5880/5377 5923/5879/5376
f 4883/5891/5388 4882/5892/5389 5925/5883/5380 5924/5880/5377
f 4882/5892/5389 4737/5627/5132 5119/5646/5151 5925/5883/5380
f 5925/5883/5380 5119/5646/5151 5120/5645/5150 5928/5884/5381
f 5928/5884/5381 5120/5645/5150 5121/5644/5149 5931/5887/5384
f 5931/5887/5384 5121/5644/5149 4738/5643/5148 4891/5876/5373
f 5930/5885/5382 5931/5887/5384 4891/5876/5373 4892/5875/5372
f 5929/5886/5383 5930/5885/5382 4892/5875/5372 4893/5873/5370
f 4887/5893/5390 5929/5886/5383 4893/5873/5370 4771/5872/5369
f 4886/5894/5391 5926/5882/5379 5929/5886/5383 4887/5893/5390
f 4885/5890/5387 5923/5879/5376 5926/5882/5379 4886/5894/5391
f 5932/5895/5392 5933/5896/5393 5936/5897/5394 5935/5898/5395
f 5933/5896/5393 5934/5899/5396 5937/5900/5397 5936/5897/5394
f 5935/5898/5395 5936/5897/5394 5939/5901/5398 5938/5902/5399
f 5936/5897/5394 5937/5900/5397 5940/5903/5400 5939/5901/5398
f 4769/5904/5401 4875/5905/5402 5932/5895/5392 4876/5906/5403
f 4875/5905/5402 4874/5907/5404 5933/5896/5393 5932/5895/5392
f 4874/5907/5404 4873/5908/5405 5934/5899/5396 5933/5896/5393
f 4873/5908/5405 4736/5611/5116 5122/5630/5135 5934/5899/5396
f 5934/5899/5396 5122/5630/5135 5123/5629/5134 5937/5900/5397
f 5937/5900/5397 5123/5629/5134 5124/5628/5133 5940/5903/5400
f 5940/5903/5400 5124/5628/5133 4737/5627/5132 4882/5892/5389
f 5939/5901/5398 5940/5903/5400 4882/5892/5389 4883/5891/5388
f 5938/5902/5399 5939/5901/5398 4883/5891/5388 4884/5889/5386
f 4878/5909/5406 5938/5902/5399 4884/5889/5386 4770/5888/5385
f 4877/5910/5407 5935/5898/5395 5938/5902/5399 4878/5909/5406
f 4876/5906/5403 5932/5895/5392 5935/5898/5395 4877/5910/5407
f 5941/5911/5408 5942/5912/5409 5945/5913/5410 5944/5914/5411
f 5942/5912/5409 5943/5915/5412 5946/5916/5413 5945/5913/5410
f 5944/5914/5411 5945/5913/5410 5948/5917/5414 5947/5918/5415
f 5945/5913/5410 5946/5916/5413 5949/5919/5416 5948/5917/5414
f 4768/5920/5417 4866/5921/5418 5941/5911/5408 4867/5922/5419
f 4866/5921/5418 4865/5923/5420 5942/5912/5409 5941/5911/5408
f 4865/5923/5420 4864/5924/5421 5943/5915/5412 5942/5912/5409
f 4864/5924/5421 4735/5595/5100 5125/5614/5119 5943/5915/5412
f 5943/5915/5412 5125/5614/5119 5126/5613/5118 5946/5916/5413
f 5946/5916/5413 5126/5613/5118 5127/5612/5117 5949/5919/5416
f 5949/5919/5416 5127/5612/5117 4736/5611/5116 4873/5908/5405
f 5948/5917/5414 5949/5919/5416 4873/5908/5405 4874/5907/5404
f 5947/5918/5415 5948/5917/5414 4874/5907/5404 4875/5905/5402
f 4869/5925/5422 5947/5918/5415 4875/5905/5402 4769/5904/5401
f 4868/5926/5423 5944/5914/5411 5947/5918/5415 4869/5925/5422
f 4867/5922/5419 5941/5911/5408 5944/5914/5411 4868/5926/5423
f 5950/5927/5424 5951/5928/5425 5954/5929/5426 5953/5930/5427
f 5951/5928/5425 5952/5931/5428 5955/5932/5429 5954/5929/5426
f 5953/5930/5427 5954/5929/5426 5957/5933/5430 5956/5934/5431
f 5954/5929/5426 5955/5932/5429 5958/5935/5432 5957/5933/5430
f 4767/5936/5433 4857/5937/5434 5950/5927/5424 4858/5938/5435
f 4857/5937/5434 4856/5939/5436 5951/5928/5425 5950/5927/5424
f 4856/5939/5436 4855/5940/5437 5952/5931/5428 5951/5928/5425
f 4855/5940/5437 4734/5579/5084 5128/5598/5103 5952/5931/5428
f 5952/5931/5428 5128/5598/5103 5129/5597/5102 5955/5932/5429
f 5955/5932/5429 5129/5597/5102 5130/5596/5101 5958/5935/5432
f 5958/5935/5432 5130/5596/5101 4735/5595/5100 4864/5924/5421
f 5957/5933/5430 5958/5935/5432 4864/5924/5421 4865/5923/5420
f 5956/5934/5431 5957/5933/5430 4865/5923/5420 4866/5921/5418
f 4860/5941/5438 5956/5934/5431 4866/5921/5418 4768/5920/5417
f 4859/5942/5439 5953/5930/5427 5956/5934/5431 4860/5941/5438
f 4858/5938/5435 5950/5927/5424 5953/5930/5427 4859/5942/5439
f 5959/5943/5440 5960/5944/5441 5963/5945/5442 5962/5946/5443
f 5960/5944/5441 5961/5947/5444 5964/5948/5445 5963/5945/5442
f 5962/5946/5443 5963/5945/5442 5966/5949/5446 5965/5950/5447
f 5963/5945/5442 5964/5948/5445 5967/5951/5448 5966/5949/5446
f 4766/5952/5449 4848/5953/5450 5959/5943/5440 4849/5954/5451
f 4848/5953/5450 4847/5955/5452 5960/5944/5441 5959/5943/5440
f 4847/5955/5452 4846/5956/5453 5961/5947/5444 5960/5944/5441
f 4846/5956/5453 4733/5563/5068 5131/5582/5087 5961/5947/5444
f 5961/5947/5444 5131/5582/5087 5132/5581/5086 5964/5948/5445
f 5964/5948/5445 5132/5581/5086 5133/5580/5085 5967/5951/5448
f 5967/5951/5448 5133/5580/5085 4734/5579/5084 4855/5940/5437
f 5966/5949/5446 5967/5951/5448 4855/5940/5437 4856/5939/5436
f 5965/5950/5447 5966/5949/5446 4856/5939/5436 4857/5937/5434
f 4851/5957/5454 5965/5950/5447 4857/5937/5434 4767/5936/5433
f 4850/5958/5455 5962/5946/5443 5965/5950/5447 4851/5957/5454
f 4849/5954/5451 5959/5943/5440 5962/5946/5443 4850/5958/5455
f 5968/5959/5456 5969/5960/5457 5972/5961/5458 5971/5962/5459
f 5969/5960/5457 5970/5963/5460 5973/5964/5461 5972/5961/5458
f 5971/5962/5459 5972/5961/5458 5975/5965/5462 5974/5966/5463
f 5972/5961/5458 5973/5964/5461 5976/5967/5464 5975/5965/5462
f 4765/5968/5465 4839/5969/5466 5968/5959/5456 4840/5970/5467
f 4839/5969/5466 4838/5971/5468 5969/5960/5457 5968/5959/5456
f 4838/5971/5468 4837/5972/5469 5970/5963/5460 5969/5960/5457
f 4837/5972/5469 4732/5547/5052 5134/5566/5071 5970/5963/5460
f 5970/5963/5460 5134/5566/5071 5135/5565/5070 5973/5964/5461
f 5973/5964/5461 5135/5565/5070 5136/5564/5069 5976/5967/5464
f 5976/5967/5464 5136/5564/5069 4733/5563/5068 4846/5956/5453
f 5975/5965/5462 5976/5967/5464 4846/5956/5453 4847/5955/5452
f 5974/5966/5463 5975/5965/5462 4847/5955/5452 4848/5953/5450
f 4842/5973/5470 5974/5966/5463 4848/5953/5450 4766/5952/5449
f 4841/5974/5471 5971/5962/5459 5974/5966/5463 4842/5973/5470
f 4840/5970/5467 5968/5959/5456 5971/5962/5459 4841/5974/5471
f 5977/5975/5472 5978/5976/5473 5981/5977/5474 5980/5978/5475
f 5978/5976/5473 5979/5979/5476 5982/5980/5477 5981/5977/5474
f 5980/5978/5475 5981/5977/5474 5984/5981/5478 5983/5982/5479
f 5981/5977/5474 5982/5980/5477 5985/5983/5480 5984/5981/5478
f 4764/5984/5481 4830/5985/5482 5977/5975/5472 4831/5986/5483
f 4830/5985/5482 4829/5987/5484 5978/5976/5473 5977/5975/5472
f 4829/5987/5484 4828/5988/5485 5979/5979/5476 5978/5976/5473
f 4828/5988/5485 4731/5531/5036 5137/5550/5055 5979/5979/5476
f 5979/5979/5476 5137/5550/5055 5138/5549/5054 5982/5980/5477
f 5982/5980/5477 5138/5549/5054 5139/5548/5053 5985/5983/5480
f 5985/5983/5480 5139/5548/5053 4732/5547/5052 4837/5972/5469
f 5984/5981/5478 5985/5983/5480 4837/5972/5469 4838/5971/5468
f 5983/5982/5479 5984/5981/5478 4838/5971/5468 4839/5969/5466
f 4833/5989/5486 5983/5982/5479 4839/5969/5466 4765/5968/5465
f 4832/5990/5487 5980/5978/5475 5983/5982/5479 4833/5989/5486
f 4831/5986/5483 5977/5975/5472 5980/5978/5475 4832/5990/5487
f 5986/5991/5488 5987/5992/5489 5990/5993/5490 5989/5994/5491
f 5987/5992/5489 5988/5995/5492 5991/5996/5493 5990/5993/5490
f 5989/5994/5491 5990/5993/5490 5993/5997/5494 5992/5998/5495
f 5990/5993/5490 5991/5996/5493 5994/5999/5496 5993/5997/5494
f 4763/6000/5497 4821/6001/5498 5986/5991/5488 4822/6002/5499
f 4821/6001/5498 4820/6003/5500 5987/5992/5489 5986/5991/5488
f 4820/6003/5500 4819/6004/5501 5988/5995/5492 5987/5992/5489
f 4819/6004/5501 4730/5517/5022 5140/5534/5039 5988/5995/5492
f 5988/5995/5492 5140/5534/5039 5141/5533/5038 5991/5996/5493
f 5991/5996/5493 5141/5533/5038 5142/5532/5037 5994/5999/5496
f 5994/5999/5496 5142/5532/5037 4731/5531/5036 4828/5988/5485
f 5993/5997/5494 5994/5999/5496 4828/5988/5485 4829/5987/5484
f 5992/5998/5495 5993/5997/5494 4829/5987/5484 4830/5985/5482
f 4824/6005/5502 5992/5998/5495 4830/5985/5482 4764/5984/5481
f 4823/6006/5503 5989/5994/5491 5992/5998/5495 4824/6005/5502
f 4822/6002/5499 5986/5991/5488 5989/5994/5491 4823/6006/5503
f 5995/6007/5504 5996/6008/5505 5999/6009/5506 5998/6010/5507
f 5996/6008/5505 5997/6011/5508 6000/6012/5509 5999/6009/5506
f 5998/6010/5507 5999/6009/5506 6002/6013/5510 6001/6014/5511
f 5999/6009/5506 6000/6012/5509 6003/6015/5512 6002/6013/5510
f 4762/5777/5278 5095/5775/5276 5995/6007/5504 4810/6016/5513
f 5095/5775/5276 5096/5774/5275 5996/6008/5505 5995/6007/5504
f 5096/5774/5275 5097/5773/5274 5997/6011/5508 5996/6008/5505
f 5097/5773/5274 4745/5508/5013 5143/5510/5015 5997/6011/5508
f 5997/6011/5508 5143/5510/5015 5144/5518/5023 6000/6012/5509
f 6000/6012/5509 5144/5518/5023 5145/5516/5021 6003/6015/5512
f 6003/6015/5512 5145/5516/5021 4730/5517/5022 4819/6004/5501
f 6002/6013/5510 6003/6015/5512 4819/6004/5501 4820/6003/5500
f 6001/6014/5511 6002/6013/5510 4820/6003/5500 4821/6001/5498
f 4812/6017/5514 6001/6014/5511 4821/6001/5498 4763/6000/5497
f 4811/6018/5515 5998/6010/5507 6001/6014/5511 4812/6017/5514
f 4810/6016/5513 5995/6007/5504 5998/6010/5507 4811/6018/5515
f 6004/6019/5516 6005/6020/5517 6008/6021/5518 6007/6022/5519
f 6005/6020/5517 6006/6023/5520 6009/6024/5521 6008/6021/5518
f 6007/6022/5519 6008/6021/5518 6011/6025/5522 6010/6026/5523
f 6008/6021/5518 6009/6024/5521 6012/6027/5524 6011/6025/5522
f 4683/5351/4917 5148/6028/5525 6004/6019/5516 5196/6029/5526
f 5148/6028/5525 5147/6030/5527 6005/6020/5517 6004/6019/5516
f 5147/6030/5527 5146/6031/5528 6006/6023/5520 6005/6020/5517
f 5146/6031/5528 4685/6032/5529 5197/6033/5530 6006/6023/5520
f 6006/6023/5520 5197/6033/5530 5198/6034/5531 6009/6024/5521
f 6009/6024/5521 5198/6034/5531 5199/6035/5532 6012/6027/5524
f 6012/6027/5524 5199/6035/5532 4746/6036/4641 4813/6037/4640
f 6011/6025/5522 6012/6027/5524 4813/6037/4640 4814/6038/4639
f 6010/6026/5523 6011/6025/5522 4814/6038/4639 4815/6039/4638
f 5194/6040/5533 6010/6026/5523 4815/6039/4638 4747/6041/4637
f 5195/6042/5534 6007/6022/5519 6010/6026/5523 5194/6040/5533
f 5196/6029/5526 6004/6019/5516 6007/6022/5519 5195/6042/5534
f 6013/6043/5535 6014/6044/5536 6017/6045/5537 6016/6046/5538
f 6014/6044/5536 6015/6047/5539 6018/6048/5540 6017/6045/5537
f 6016/6046/5538 6017/6045/5537 6020/6049/5541 6019/6050/5542
f 6017/6045/5537 6018/6048/5540 6021/6051/5543 6020/6049/5541
f 4685/6032/5529 5151/6052/5544 6013/6043/5535 5197/6033/5530
f 5151/6052/5544 5150/6053/5545 6014/6044/5536 6013/6043/5535
f 5150/6053/5545 5149/6054/5546 6015/6047/5539 6014/6044/5536
f 5149/6054/5546 4687/6055/5547 5200/6056/5548 6015/6047/5539
f 6015/6047/5539 5200/6056/5548 5201/6057/5549 6018/6048/5540
f 6018/6048/5540 5201/6057/5549 5202/6058/5550 6021/6051/5543
f 6021/6051/5543 5202/6058/5550 4748/6059/4661 4825/6060/4660
f 6020/6049/5541 6021/6051/5543 4825/6060/4660 4826/6061/4659
f 6019/6050/5542 6020/6049/5541 4826/6061/4659 4827/6062/4658
f 5199/6035/5532 6019/6050/5542 4827/6062/4658 4746/6036/4641
f 5198/6034/5531 6016/6046/5538 6019/6050/5542 5199/6035/5532
f 5197/6033/5530 6013/6043/5535 6016/6046/5538 5198/6034/5531
f 6022/6063/5551 6023/6064/5552 6026/6065/5553 6025/6066/5554
f 6023/6064/5552 6024/6067/5555 6027/6068/5556 6026/6065/5553
f 6025/6066/5554 6026/6065/5553 6029/6069/5557 6028/6070/5558
f 6026/6065/5553 6027/6068/5556 6030/6071/5559 6029/6069/5557
f 4687/6055/5547 5154/6072/5560 6022/6063/5551 5200/6056/5548
f 5154/6072/5560 5153/6073/5561 6023/6064/5552 6022/6063/5551
f 5153/6073/5561 5152/6074/5562 6024/6067/5555 6023/6064/5552
f 5152/6074/5562 4689/6075/5563 5203/6076/5564 6024/6067/5555
f 6024/6067/5555 5203/6076/5564 5204/6077/5565 6027/6068/5556
f 6027/6068/5556 5204/6077/5565 5205/6078/5566 6030/6071/5559
f 6030/6071/5559 5205/6078/5566 4749/6079/4681 4834/6080/4680
f 6029/6069/5557 6030/6071/5559 4834/6080/4680 4835/6081/4679
f 6028/6070/5558 6029/6069/5557 4835/6081/4679 4836/6082/4678
f 5202/6058/5550 6028/6070/5558 4836/6082/4678 4748/6059/4661
f 5201/6057/5549 6025/6066/5554 6028/6070/5558 5202/6058/5550
f 5200/6056/5548 6022/6063/5551 6025/6066/5554 5201/6057/5549
f 6031/6083/5567 6032/6084/5568 6035/6085/5569 6034/6086/5570
f 6032/6084/5568 6033/6087/5571 6036/6088/5572 6035/6085/5569
f 6034/6086/5570 6035/6085/5569 6038/6089/5573 6037/6090/5574
f 6035/6085/5569 6036/6088/5572 6039/6091/5575 6038/6089/5573
f 4689/6075/5563 5157/6092/5576 6031/6083/5567 5203/6076/5564
f 5157/6092/5576 5156/6093/5577 6032/6084/5568 6031/6083/5567
f 5156/6093/5577 5155/6094/5578 6033/6087/5571 6032/6084/5568
f 5155/6094/5578 4691/6095/5579 5206/6096/5580 6033/6087/5571
f 6033/6087/5571 5206/6096/5580 5207/6097/5581 6036/6088/5572
f 6036/6088/5572 5207/6097/5581 5208/6098/5582 6039/6091/5575
f 6039/6091/5575 5208/6098/5582 4750/6099/4701 4843/6100/4700
f 6038/6089/5573 6039/6091/5575 4843/6100/4700 4844/6101/4699
f 6037/6090/5574 6038/6089/5573 4844/6101/4699 4845/6102/4698
f 5205/6078/5566 6037/6090/5574 4845/6102/4698 4749/6079/4681
f 5204/6077/5565 6034/6086/5570 6037/6090/5574 5205/6078/5566
f 5203/6076/5564 6031/6083/5567 6034/6086/5570 5204/6077/5565
f 6040/6103/5583 6041/6104/5584 6044/6105/5585 6043/6106/5586
f 6041/6104/5584 6042/6107/5587 6045/6108/5588 6044/6105/5585
f 6043/6106/5586 6044/6105/5585 6047/6109/5589 6046/6110/5590
f 6044/6105/5585 6045/6108/5588 6048/6111/5591 6047/6109/5589
f 4691/6095/5579 5160/6112/5592 6040/6103/5583 5206/6096/5580
f 5160/6112/5592 5159/6113/5593 6041/6104/5584 6040/6103/5583
f 5159/6113/5593 5158/6114/5594 6042/6107/5587 6041/6104/5584
f 5158/6114/5594 4693/6115/5595 5209/6116/5596 6042/6107/5587
f 6042/6107/5587 5209/6116/5596 5210/6117/5597 6045/6108/5588
f 6045/6108/5588 5210/6117/5597 5211/6118/5598 6048/6111/5591
f 6048/6111/5591 5211/6118/5598 4751/6119/4721 4852/6120/4720
f 6047/6109/5589 6048/6111/5591 4852/6120/4720 4853/6121/4719
f 6046/6110/5590 6047/6109/5589 4853/6121/4719 4854/6122/4718
f 5208/6098/5582 6046/6110/5590 4854/6122/4718 4750/6099/4701
f 5207/6097/5581 6043/6106/5586 6046/6110/5590 5208/6098/5582
f 5206/6096/5580 6040/6103/5583 6043/6106/5586 5207/6097/5581
f 6049/6123/5599 6050/6124/5600 6053/6125/5601 6052/6126/5602
f 6050/6124/5600 6051/6127/5603 6054/6128/5604 6053/6125/5601
f 6052/6126/5602 6053/6125/5601 6056/6129/5605 6055/6130/5606
f 6053/6125/5601 6054/6128/5604 6057/6131/5607 6056/6129/5605
f 4693/6115/5595 5163/6132/5608 6049/6123/5599 5209/6116/5596
f 5163/6132/5608 5162/6133/5609 6050/6124/5600 6049/6123/5599
f 5162/6133/5609 5161/6134/5610 6051/6127/5603 6050/6124/5600
f 5161/6134/5610 4695/6135/5611 5212/6136/5612 6051/6127/5603
f 6051/6127/5603 5212/6136/5612 5213/6137/5613 6054/6128/5604
f 6054/6128/5604 5213/6137/5613 5214/6138/5614 6057/6131/5607
f 6057/6131/5607 5214/6138/5614 4752/6139/4741 4861/6140/4740
f 6056/6129/5605 6057/6131/5607 4861/6140/4740 4862/6141/4739
f 6055/6130/5606 6056/6129/5605 4862/6141/4739 4863/6142/4738
f 5211/6118/5598 6055/6130/5606 4863/6142/4738 4751/6119/4721
f 5210/6117/5597 6052/6126/5602 6055/6130/5606 5211/6118/5598
f 5209/6116/5596 6049/6123/5599 6052/6126/5602 5210/6117/5597
f 6058/6143/5615 6059/6144/5616 6062/6145/5617 6061/6146/5618
f 6059/6144/5616 6060/6147/5619 6063/6148/5620 6062/6145/5617
f 6061/6146/5618 6062/6145/5617 6065/6149/5621 6064/6150/5622
f 6062/6145/5617 6063/6148/5620 6066/6151/5623 6065/6149/5621
f 4695/6135/5611 5166/6152/5624 6058/6143/5615 5212/6136/5612
f 5166/6152/5624 5165/6153/5625 6059/6144/5616 6058/6143/5615
f 5165/6153/5625 5164/6154/5626 6060/6147/5619 6059/6144/5616
f 5164/6154/5626 4697/6155/5627 5215/6156/5628 6060/6147/5619
f 6060/6147/5619 5215/6156/5628 5216/6157/5629 6063/6148/5620
f 6063/6148/5620 5216/6157/5629 5217/6158/5630 6066/6151/5623
f 6066/6151/5623 5217/6158/5630 4753/6159/4761 4870/6160/4760
f 6065/6149/5621 6066/6151/5623 4870/6160/4760 4871/6161/4759
f 6064/6150/5622 6065/6149/5621 4871/6161/4759 4872/6162/4758
f 5214/6138/5614 6064/6150/5622 4872/6162/4758 4752/6139/4741
f 5213/6137/5613 6061/6146/5618 6064/6150/5622 5214/6138/5614
f 5212/6136/5612 6058/6143/5615 6061/6146/5618 5213/6137/5613
f 6067/6163/5631 6068/6164/5632 6071/6165/5633 6070/6166/5634
f 6068/6164/5632 6069/6167/5635 6072/6168/5636 6071/6165/5633
f 6070/6166/5634 6071/6165/5633 6074/6169/5637 6073/6170/5638
f 6071/6165/5633 6072/6168/5636 6075/6171/5639 6074/6169/5637
f 4697/6155/5627 5169/6172/5640 6067/6163/5631 5215/6156/5628
f 5169/6172/5640 5168/6173/5641 6068/6164/5632 6067/6163/5631
f 5168/6173/5641 5167/6174/5642 6069/6167/5635 6068/6164/5632
f 5167/6174/5642 4699/6175/5643 5218/6176/5644 6069/6167/5635
f 6069/6167/5635 5218/6176/5644 5219/6177/5645 6072/6168/5636
f 6072/6168/5636 5219/6177/5645 5220/6178/5646 6075/6171/5639
f 6075/6171/5639 5220/6178/5646 4754/6179/4781 4879/6180/4780
f 6074/6169/5637 6075/6171/5639 4879/6180/4780 4880/6181/4779
f 6073/6170/5638 6074/6169/5637 4880/6181/4779 4881/6182/4778
f 5217/6158/5630 6073/6170/5638 4881/6182/4778 4753/6159/4761
f 5216/6157/5629 6070/6166/5634 6073/6170/5638 5217/6158/5630
f 5215/6156/5628 6067/6163/5631 6070/6166/5634 5216/6157/5629
f 6076/6183/5647 6077/6184/5648 6080/6185/5649 6079/6186/5650
f 6077/6184/5648 6078/6187/5651 6081/6188/5652 6080/6185/5649
f 6079/6186/5650 6080/6185/5649 6083/6189/5653 6082/6190/5654
f 6080/6185/5649 6081/6188/5652 6084/6191/5655 6083/6189/5653
f 4699/6175/5643 5172/6192/5656 6076/6183/5647 5218/6176/5644
f 5172/6192/5656 5171/6193/5657 6077/6184/5648 6076/6183/5647
f 5171/6193/5657 5170/6194/5658 6078/6187/5651 6077/6184/5648
f 5170/6194/5658 4701/6195/5659 5221/6196/5660 6078/6187/5651
f 6078/6187/5651 5221/6196/5660 5222/6197/5661 6081/6188/5652
f 6081/6188/5652 5222/6197/5661 5223/6198/5662 6084/6191/5655
f 6084/6191/5655 5223/6198/5662 4755/6199/4801 4888/6200/4800
f 6083/6189/5653 6084/6191/5655 4888/6200/4800 4889/6201/4799
f 6082/6190/5654 6083/6189/5653 4889/6201/4799 4890/6202/4798
f 5220/6178/5646 6082/6190/5654 4890/6202/4798 4754/6179/4781
f 5219/6177/5645 6079/6186/5650 6082/6190/5654 5220/6178/5646
f 5218/6176/5644 6076/6183/5647 6079/6186/5650 5219/6177/5645
f 6085/6203/5663 6086/6204/5664 6089/6205/5665 6088/6206/5666
f 6086/6204/5664 6087/6207/5667 6090/6208/5668 6089/6205/5665
f 6088/6206/5666 6089/6205/5665 6092/6209/5669 6091/6210/5670
f 6089/6205/5665 6090/6208/5668 6093/6211/5671 6092/6209/5669
f 4701/6195/5659 5175/6212/5672 6085/6203/5663 5221/6196/5660
f 5175/6212/5672 5174/6213/5673 6086/6204/5664 6085/6203/5663
f 5174/6213/5673 5173/6214/5674 6087/6207/5667 6086/6204/5664
f 5173/6214/5674 4703/6215/5675 5224/6216/5676 6087/6207/5667
f 6087/6207/5667 5224/6216/5676 5225/6217/5677 6090/6208/5668
f 6090/6208/5668 5225/6217/5677 5226/6218/5678 6093/6211/5671
f 6093/6211/5671 5226/6218/5678 4756/6219/4821 4897/6220/4820
f 6092/6209/5669 6093/6211/5671 4897/6220/4820 4898/6221/4819
f 6091/6210/5670 6092/6209/5669 4898/6221/4819 4899/6222/4818
f 5223/6198/5662 6091/6210/5670 4899/6222/4818 4755/6199/4801
f 5222/6197/5661 6088/6206/5666 6091/6210/5670 5223/6198/5662
f 5221/6196/5660 6085/6203/5663 6088/6206/5666 5222/6197/5661
f 6094/6223/5679 6095/6224/5680 6098/6225/5681 6097/6226/5682
f 6095/6224/5680 6096/6227/5683 6099/6228/5684 6098/6225/5681
f 6097/6226/5682 6098/6225/5681 6101/6229/5685 6100/6230/5686
f 6098/6225/5681 6099/6228/5684 6102/6231/5687 6101/6229/5685
f 4703/6215/5675 5178/6232/5688 6094/6223/5679 5224/6216/5676
f 5178/6232/5688 5177/6233/5689 6095/6224/5680 6094/6223/5679
f 5177/6233/5689 5176/6234/5690 6096/6227/5683 6095/6224/5680
f 5176/6234/5690 4705/6235/5691 5227/6236/5692 6096/6227/5683
f 6096/6227/5683 5227/6236/5692 5228/6237/5693 6099/6228/5684
f 6099/6228/5684 5228/6237/5693 5229/6238/5694 6102/6231/5687
f 6102/6231/5687 5229/6238/5694 4757/6239/4841 4906/6240/4840
f 6101/6229/5685 6102/6231/5687 4906/6240/4840 4907/6241/4839
f 6100/6230/5686 6101/6229/5685 4907/6241/4839 4908/6242/4838
f 5226/6218/5678 6100/6230/5686 4908/6242/4838 4756/6219/4821
f 5225/6217/5677 6097/6226/5682 6100/6230/5686 5226/6218/5678
f 5224/6216/5676 6094/6223/5679 6097/6226/5682 5225/6217/5677
f 6103/6243/5695 6104/6244/5696 6107/6245/5697 6106/6246/5698
f 6104/6244/5696 6105/6247/5699 6108/6248/5700 6107/6245/5697
f 6106/6246/5698 6107/6245/5697 6110/6249/5701 6109/6250/5702
f 6107/6245/5697 6108/6248/5700 6111/6251/5703 6110/6249/5701
f 4705/6235/5691 5181/6252/5704 6103/6243/5695 5227/6236/5692
f 5181/6252/5704 5180/6253/5705 6104/6244/5696 6103/6243/5695
f 5180/6253/5705 5179/6254/5706 6105/6247/5699 6104/6244/5696
f 5179/6254/5706 4707/6255/5707 5230/6256/5708 6105/6247/5699
f 6105/6247/5699 5230/6256/5708 5231/6257/5709 6108/6248/5700
f 6108/6248/5700 5231/6257/5709 5232/6258/5710 6111/6251/5703
f 6111/6251/5703 5232/6258/5710 4758/6259/4861 4915/6260/4860
f 6110/6249/5701 6111/6251/5703 4915/6260/4860 4916/6261/4859
f 6109/6250/5702 6110/6249/5701 4916/6261/4859 4917/6262/4858
f 5229/6238/5694 6109/6250/5702 4917/6262/4858 4757/6239/4841
f 5228/6237/5693 6106/6246/5698 6109/6250/5702 5229/6238/5694
f 5227/6236/5692 6103/6243/5695 6106/6246/5698 5228/6237/5693
f 6112/6263/5711 6113/6264/5712 6116/6265/5713 6115/6266/5714
f 6113/6264/5712 6114/6267/5715 6117/6268/5716 6116/6265/5713
f 6115/6266/5714 6116/6265/5713 6119/6269/5717 6118/6270/5718
f 6116/6265/5713 6117/6268/5716 6120/6271/5719 6119/6269/5717
f 4707/6272/5707 5184/6273/5720 6112/6263/5711 5230/6274/5708
f 5184/6273/5720 5183/6275/5721 6113/6264/5712 6112/6263/5711
f 5183/6275/5721 5182/6276/5722 6114/6267/5715 6113/6264/5712
f 5182/6276/5722 4709/6277/5723 5233/6278/5724 6114/6267/5715
f 6114/6267/5715 5233/6278/5724 5234/6279/5725 6117/6268/5716
f 6117/6268/5716 5234/6279/5725 5235/6280/5726 6120/6271/5719
f 6120/6271/5719 5235/6280/5726 4759/6281/4881 4924/6282/4880
f 6119/6269/5717 6120/6271/5719 4924/6282/4880 4925/6283/4879
f 6118/6270/5718 6119/6269/5717 4925/6283/4879 4926/6284/4878
f 5232/6285/5710 6118/6270/5718 4926/6284/4878 4758/6286/4861
f 5231/6287/5709 6115/6266/5714 6118/6270/5718 5232/6285/5710
f 5230/6274/5708 6112/6263/5711 6115/6266/5714 5231/6287/5709
f 6121/6288/5727 6122/6289/5728 6125/6290/5729 6124/6291/5730
f 6122/6289/5728 6123/6292/5731 6126/6293/5732 6125/6290/5729
f 6124/6291/5730 6125/6290/5729 6128/6294/5733 6127/6295/5734
f 6125/6290/5729 6126/6293/5732 6129/6296/5735 6128/6294/5733
f 4709/6277/5723 5187/6297/5736 6121/6288/5727 5233/6278/5724
f 5187/6297/5736 5186/6298/5737 6122/6289/5728 6121/6288/5727
f 5186/6298/5737 5185/6299/5738 6123/6292/5731 6122/6289/5728
f 5185/6299/5738 4711/6300/5739 5236/6301/5740 6123/6292/5731
f 6123/6292/5731 5236/6301/5740 5237/6302/5741 6126/6293/5732
f 6126/6293/5732 5237/6302/5741 5238/6303/5742 6129/6296/5735
f 6129/6296/5735 5238/6303/5742 4760/6304/4901 4933/6305/4900
f 6128/6294/5733 6129/6296/5735 4933/6305/4900 4934/6306/4899
f 6127/6295/5734 6128/6294/5733 4934/6306/4899 4935/6307/4898
f 5235/6280/5726 6127/6295/5734 4935/6307/4898 4759/6281/4881
f 5234/6279/5725 6124/6291/5730 6127/6295/5734 5235/6280/5726
f 5233/6278/5724 6121/6288/5727 6124/6291/5730 5234/6279/5725
f 6130/6308/5743 6131/6309/5744 6134/6310/5745 6133/6311/5746
f 6131/6309/5744 6132/6312/5747 6135/6313/5748 6134/6310/5745
f 6133/6311/5746 6134/6310/5745 6137/6314/5749 6136/6315/5750
f 6134/6310/5745 6135/6313/5748 6138/6316/5751 6137/6314/5749
f 4711/6300/5739 5190/6317/5752 6130/6308/5743 5236/6301/5740
f 5190/6317/5752 5189/6318/5753 6131/6309/5744 6130/6308/5743
f 5189/6318/5753 5188/6319/5754 6132/6312/5747 6131/6309/5744
f 5188/6319/5754 4713/5356/4922 5239/6320/5755 6132/6312/5747
f 6132/6312/5747 5239/6320/5755 5240/6321/5756 6135/6313/5748
f 6135/6313/5748 5240/6321/5756 5241/6322/5757 6138/6316/5751
f 6138/6316/5751 5241/6322/5757 4761/6323/4946 4942/6324/4945
f 6137/6314/5749 6138/6316/5751 4942/6324/4945 4943/6325/4944
f 6136/6315/5750 6137/6314/5749 4943/6325/4944 4944/6326/4943
f 5238/6303/5742 6136/6315/5750 4944/6326/4943 4760/6304/4901
f 5237/6302/5741 6133/6311/5746 6136/6315/5750 5238/6303/5742
f 5236/6301/5740 6130/6308/5743 6133/6311/5746 5237/6302/5741
f 6139/6327/5758 6140/6328/5759 6143/6329/5760 6142/6330/5761
f 6140/6328/5759 6141/6331/5762 6144/6332/5763 6143/6329/5760
f 6142/6330/5761 6143/6329/5760 6146/6333/5764 6145/6334/5765
f 6143/6329/5760 6144/6332/5763 6147/6335/5766 6146/6333/5764
f 4713/5356/4922 5193/5355/4921 6139/6327/5758 5239/6320/5755
f 5193/5355/4921 5192/5354/4920 6140/6328/5759 6139/6327/5758
f 5192/5354/4920 5191/5352/4918 6141/6331/5762 6140/6328/5759
f 5191/5352/4918 4683/5351/4917 5196/6029/5526 6141/6331/5762
f 6141/6331/5762 5196/6029/5526 5195/6042/5534 6144/6332/5763
f 6144/6332/5763 5195/6042/5534 5194/6040/5533 6147/6335/5766
f 6147/6335/5766 5194/6040/5533 4747/6041/4637 4951/6336/4965
f 6146/6333/5764 6147/6335/5766 4951/6336/4965 4952/6337/4964
f 6145/6334/5765 6146/6333/5764 4952/6337/4964 4953/6338/4963
f 5241/6322/5757 6145/6334/5765 4953/6338/4963 4761/6323/4946
f 5240/6321/5756 6142/6330/5761 6145/6334/5765 5241/6322/5757
f 5239/6320/5755 6139/6327/5758 6142/6330/5761 5240/6321/5756
f 6148/6339/5767 6149/6340/5768 6152/6341/5769 6151/6342/5770
f 6149/6340/5768 6150/6343/5771 6153/6344/5772 6152/6341/5769
f 6151/6342/5770 6152/6341/5769 6155/6345/5773 6154/6346/5774
f 6152/6341/5769 6153/6344/5772 6156/6347/5775 6155/6345/5773
f 4684/5440/4973 5244/5442/4972 6148/6339/5767 5292/6348/5776
f 5244/5442/4972 5243/5438/4972 6149/6340/5768 6148/6339/5767
f 5243/5438/4972 5242/5436/4970 6150/6343/5771 6149/6340/5768
f 5242/5436/4970 4682/5435/4969 5293/6349/5777 6150/6343/5771
f 6150/6343/5771 5293/6349/5777 5294/6350/5778 6153/6344/5772
f 6153/6344/5772 5294/6350/5778 5295/6351/5779 6156/6347/5775
f 6156/6347/5775 5295/6351/5779 4762/6352/5278 4810/6353/5513
f 6155/6345/5773 6156/6347/5775 4810/6353/5513 4811/6354/5515
f 6154/6346/5774 6155/6345/5773 4811/6354/5515 4812/6355/5514
f 5290/6356/5780 6154/6346/5774 4812/6355/5514 4763/6357/5497
f 5291/6358/5781 6151/6342/5770 6154/6346/5774 5290/6356/5780
f 5292/6348/5776 6148/6339/5767 6151/6342/5770 5291/6358/5781
f 6157/6359/5782 6158/6360/5783 6161/6361/5784 6160/6362/5785
f 6158/6360/5783 6159/6363/5786 6162/6364/5787 6161/6361/5784
f 6160/6362/5785 6161/6361/5784 6164/6365/5788 6163/6366/5789
f 6161/6361/5784 6162/6364/5787 6165/6367/5790 6164/6365/5788
f 4686/5444/4976 5247/5446/4970 6157/6359/5782 5298/6368/5791
f 5247/5446/4970 5246/5443/4975 6158/6360/5783 6157/6359/5782
f 5246/5443/4975 5245/5441/4974 6159/6363/5786 6158/6360/5783
f 5245/5441/4974 4684/5440/4973 5292/6348/5776 6159/6363/5786
f 6159/6363/5786 5292/6348/5776 5291/6358/5781 6162/6364/5787
f 6162/6364/5787 5291/6358/5781 5290/6356/5780 6165/6367/5790
f 6165/6367/5790 5290/6356/5780 4763/6357/5497 4822/6369/5499
f 6164/6365/5788 6165/6367/5790 4822/6369/5499 4823/6370/5503
f 6163/6366/5789 6164/6365/5788 4823/6370/5503 4824/6371/5502
f 5296/6372/5792 6163/6366/5789 4824/6371/5502 4764/6373/5481
f 5297/6374/5793 6160/6362/5785 6163/6366/5789 5296/6372/5792
f 5298/6368/5791 6157/6359/5782 6160/6362/5785 5297/6374/5793
f 6166/6375/5794 6167/6376/5795 6170/6377/5796 6169/6378/5797
f 6167/6376/5795 6168/6379/5798 6171/6380/5799 6170/6377/5796
f 6169/6378/5797 6170/6377/5796 6173/6381/5800 6172/6382/5801
f 6170/6377/5796 6171/6380/5799 6174/6383/5802 6173/6381/5800
f 4688/5448/4977 5250/5450/4970 6166/6375/5794 5301/6384/5803
f 5250/5450/4970 5249/5447/4975 6167/6376/5795 6166/6375/5794
f 5249/5447/4975 5248/5445/4974 6168/6379/5798 6167/6376/5795
f 5248/5445/4974 4686/5444/4976 5298/6368/5791 6168/6379/5798
f 6168/6379/5798 5298/6368/5791 5297/6374/5793 6171/6380/5799
f 6171/6380/5799 5297/6374/5793 5296/6372/5792 6174/6383/5802
f 6174/6383/5802 5296/6372/5792 4764/6373/5481 4831/6385/5483
f 6173/6381/5800 6174/6383/5802 4831/6385/5483 4832/6386/5487
f 6172/6382/5801 6173/6381/5800 4832/6386/5487 4833/6387/5486
f 5299/6388/5804 6172/6382/5801 4833/6387/5486 4765/6389/5465
f 5300/6390/5805 6169/6378/5797 6172/6382/5801 5299/6388/5804
f 5301/6384/5803 6166/6375/5794 6169/6378/5797 5300/6390/5805
f 6175/6391/5806 6176/6392/5807 6179/6393/5808 6178/6394/5809
f 6176/6392/5807 6177/6395/5810 6180/6396/5811 6179/6393/5808
f 6178/6394/5809 6179/6393/5808 6182/6397/5812 6181/6398/5813
f 6179/6393/5808 6180/6396/5811 6183/6399/5814 6182/6397/5812
f 4690/5452/4979 5253/5454/4974 6175/6391/5806 5304/6400/5815
f 5253/5454/4974 5252/5451/4978 6176/6392/5807 6175/6391/5806
f 5252/5451/4978 5251/5449/4978 6177/6395/5810 6176/6392/5807
f 5251/5449/4978 4688/5448/4977 5301/6384/5803 6177/6395/5810
f 6177/6395/5810 5301/6384/5803 5300/6390/5805 6180/6396/5811
f 6180/6396/5811 5300/6390/5805 5299/6388/5804 6183/6399/5814
f 6183/6399/5814 5299/6388/5804 4765/6389/5465 4840/6401/5467
f 6182/6397/5812 6183/6399/5814 4840/6401/5467 4841/6402/5471
f 6181/6398/5813 6182/6397/5812 4841/6402/5471 4842/6403/5470
f 5302/6404/5816 6181/6398/5813 4842/6403/5470 4766/6405/5449
f 5303/6406/5817 6178/6394/5809 6181/6398/5813 5302/6404/5816
f 5304/6400/5815 6175/6391/5806 6178/6394/5809 5303/6406/5817
f 6184/6407/5818 6185/6408/5819 6188/6409/5820 6187/6410/5821
f 6185/6408/5819 6186/6411/5822 6189/6412/5823 6188/6409/5820
f 6187/6410/5821 6188/6409/5820 6191/6413/5824 6190/6414/5825
f 6188/6409/5820 6189/6412/5823 6192/6415/5826 6191/6413/5824
f 4692/5456/4981 5256/5458/4978 6184/6407/5818 5307/6416/5827
f 5256/5458/4978 5255/5455/4978 6185/6408/5819 6184/6407/5818
f 5255/5455/4978 5254/5453/4980 6186/6411/5822 6185/6408/5819
f 5254/5453/4980 4690/5452/4979 5304/6400/5815 6186/6411/5822
f 6186/6411/5822 5304/6400/5815 5303/6406/5817 6189/6412/5823
f 6189/6412/5823 5303/6406/5817 5302/6404/5816 6192/6415/5826
f 6192/6415/5826 5302/6404/5816 4766/6405/5449 4849/6417/5451
f 6191/6413/5824 6192/6415/5826 4849/6417/5451 4850/6418/5455
f 6190/6414/5825 6191/6413/5824 4850/6418/5455 4851/6419/5454
f 5305/6420/5828 6190/6414/5825 4851/6419/5454 4767/6421/5433
f 5306/6422/5829 6187/6410/5821 6190/6414/5825 5305/6420/5828
f 5307/6416/5827 6184/6407/5818 6187/6410/5821 5306/6422/5829
f 6193/6423/5830 6194/6424/5831 6197/6425/5832 6196/6426/5833
f 6194/6424/5831 6195/6427/5834 6198/6428/5835 6197/6425/5832
f 6196/6426/5833 6197/6425/5832 6200/6429/5836 6199/6430/5837
f 6197/6425/5832 6198/6428/5835 6201/6431/5838 6200/6429/5836
f 4694/5460/4984 5259/5462/4980 6193/6423/5830 5310/6432/5839
f 5259/5462/4980 5258/5459/4983 6194/6424/5831 6193/6423/5830
f 5258/5459/4983 5257/5457/4982 6195/6427/5834 6194/6424/5831
f 5257/5457/4982 4692/5456/4981 5307/6416/5827 6195/6427/5834
f 6195/6427/5834 5307/6416/5827 5306/6422/5829 6198/6428/5835
f 6198/6428/5835 5306/6422/5829 5305/6420/5828 6201/6431/5838
f 6201/6431/5838 5305/6420/5828 4767/6421/5433 4858/6433/5435
f 6200/6429/5836 6201/6431/5838 4858/6433/5435 4859/6434/5439
f 6199/6430/5837 6200/6429/5836 4859/6434/5439 4860/6435/5438
f 5308/6436/5840 6199/6430/5837 4860/6435/5438 4768/6437/5417
f 5309/6438/5841 6196/6426/5833 6199/6430/5837 5308/6436/5840
f 5310/6432/5839 6193/6423/5830 6196/6426/5833 5309/6438/5841
f 6202/6439/5842 6203/6440/5843 6206/6441/5844 6205/6442/5845
f 6203/6440/5843 6204/6443/5846 6207/6444/5847 6206/6441/5844
f 6205/6442/5845 6206/6441/5844 6209/6445/5848 6208/6446/5849
f 6206/6441/5844 6207/6444/5847 6210/6447/5850 6209/6445/5848
f 4696/5464/4986 5262/5466/4982 6202/6439/5842 5313/6448/5851
f 5262/5466/4982 5261/5463/4983 6203/6440/5843 6202/6439/5842
f 5261/5463/4983 5260/5461/4985 6204/6443/5846 6203/6440/5843
f 5260/5461/4985 4694/5460/4984 5310/6432/5839 6204/6443/5846
f 6204/6443/5846 5310/6432/5839 5309/6438/5841 6207/6444/5847
f 6207/6444/5847 5309/6438/5841 5308/6436/5840 6210/6447/5850
f 6210/6447/5850 5308/6436/5840 4768/6437/5417 4867/6449/5419
f 6209/6445/5848 6210/6447/5850 4867/6449/5419 4868/6450/5423
f 6208/6446/5849 6209/6445/5848 4868/6450/5423 4869/6451/5422
f 5311/6452/5852 6208/6446/5849 4869/6451/5422 4769/6453/5401
f 5312/6454/5853 6205/6442/5845 6208/6446/5849 5311/6452/5852
f 5313/6448/5851 6202/6439/5842 6205/6442/5845 5312/6454/5853
f 6211/6455/5854 6212/6456/5855 6215/6457/5856 6214/6458/5857
f 6212/6456/5855 6213/6459/5858 6216/6460/5859 6215/6457/5856
f 6214/6458/5857 6215/6457/5856 6218/6461/5860 6217/6462/5861
f 6215/6457/5856 6216/6460/5859 6219/6463/5862 6218/6461/5860
f 4698/5468/4988 5265/5470/4985 6211/6455/5854 5316/6464/5863
f 5265/5470/4985 5264/5467/4987 6212/6456/5855 6211/6455/5854
f 5264/5467/4987 5263/5465/4987 6213/6459/5858 6212/6456/5855
f 5263/5465/4987 4696/5464/4986 5313/6448/5851 6213/6459/5858
f 6213/6459/5858 5313/6448/5851 5312/6454/5853 6216/6460/5859
f 6216/6460/5859 5312/6454/5853 5311/6452/5852 6219/6463/5862
f 6219/6463/5862 5311/6452/5852 4769/6453/5401 4876/6465/5403
f 6218/6461/5860 6219/6463/5862 4876/6465/5403 4877/6466/5407
f 6217/6462/5861 6218/6461/5860 4877/6466/5407 4878/6467/5406
f 5314/6468/5864 6217/6462/5861 4878/6467/5406 4770/6469/5385
f 5315/6470/5865 6214/6458/5857 6217/6462/5861 5314/6468/5864
f 5316/6464/5863 6211/6455/5854 6214/6458/5857 5315/6470/5865
f 6220/6471/5866 6221/6472/5867 6224/6473/5868 6223/6474/5869
f 6221/6472/5867 6222/6475/5870 6225/6476/5871 6224/6473/5868
f 6223/6474/5869 6224/6473/5868 6227/6477/5872 6226/6478/5873
f 6224/6473/5868 6225/6476/5871 6228/6479/5874 6227/6477/5872
f 4700/5472/4990 5268/5474/4987 6220/6471/5866 5319/6480/5875
f 5268/5474/4987 5267/5471/4987 6221/6472/5867 6220/6471/5866
f 5267/5471/4987 5266/5469/4989 6222/6475/5870 6221/6472/5867
f 5266/5469/4989 4698/5468/4988 5316/6464/5863 6222/6475/5870
f 6222/6475/5870 5316/6464/5863 5315/6470/5865 6225/6476/5871
f 6225/6476/5871 5315/6470/5865 5314/6468/5864 6228/6479/5874
f 6228/6479/5874 5314/6468/5864 4770/6469/5385 4885/6481/5387
f 6227/6477/5872 6228/6479/5874 4885/6481/5387 4886/6482/5391
f 6226/6478/5873 6227/6477/5872 4886/6482/5391 4887/6483/5390
f 5317/6484/5876 6226/6478/5873 4887/6483/5390 4771/6485/5369
f 5318/6486/5877 6223/6474/5869 6226/6478/5873 5317/6484/5876
f 5319/6480/5875 6220/6471/5866 6223/6474/5869 5318/6486/5877
f 6229/6487/5878 6230/6488/5879 6233/6489/5880 6232/6490/5881
f 6230/6488/5879 6231/6491/5882 6234/6492/5883 6233/6489/5880
f 6232/6490/5881 6233/6489/5880 6236/6493/5884 6235/6494/5885
f 6233/6489/5880 6234/6492/5883 6237/6495/5886 6236/6493/5884
f 4702/5476/4993 5271/5478/4989 6229/6487/5878 5322/6496/5887
f 5271/5478/4989 5270/5475/4992 6230/6488/5879 6229/6487/5878
f 5270/5475/4992 5269/5473/4991 6231/6491/5882 6230/6488/5879
f 5269/5473/4991 4700/5472/4990 5319/6480/5875 6231/6491/5882
f 6231/6491/5882 5319/6480/5875 5318/6486/5877 6234/6492/5883
f 6234/6492/5883 5318/6486/5877 5317/6484/5876 6237/6495/5886
f 6237/6495/5886 5317/6484/5876 4771/6485/5369 4894/6497/5371
f 6236/6493/5884 6237/6495/5886 4894/6497/5371 4895/6498/5375
f 6235/6494/5885 6236/6493/5884 4895/6498/5375 4896/6499/5374
f 5320/6500/5888 6235/6494/5885 4896/6499/5374 4772/6501/5353
f 5321/6502/5889 6232/6490/5881 6235/6494/5885 5320/6500/5888
f 5322/6496/5887 6229/6487/5878 6232/6490/5881 5321/6502/5889
f 6238/6503/5890 6239/6504/5891 6242/6505/5892 6241/6506/5893
f 6239/6504/5891 6240/6507/5894 6243/6508/5895 6242/6505/5892
f 6241/6506/5893 6242/6505/5892 6245/6509/5896 6244/6510/5897
f 6242/6505/5892 6243/6508/5895 6246/6511/5898 6245/6509/5896
f 4704/5480/4995 5274/5482/4991 6238/6503/5890 5325/6512/5899
f 5274/5482/4991 5273/5479/4992 6239/6504/5891 6238/6503/5890
f 5273/5479/4992 5272/5477/4994 6240/6507/5894 6239/6504/5891
f 5272/5477/4994 4702/5476/4993 5322/6496/5887 6240/6507/5894
f 6240/6507/5894 5322/6496/5887 5321/6502/5889 6243/6508/5895
f 6243/6508/5895 5321/6502/5889 5320/6500/5888 6246/6511/5898
f 6246/6511/5898 5320/6500/5888 4772/6501/5353 4903/6513/5355
f 6245/6509/5896 6246/6511/5898 4903/6513/5355 4904/6514/5359
f 6244/6510/5897 6245/6509/5896 4904/6514/5359 4905/6515/5358
f 5323/6516/5900 6244/6510/5897 4905/6515/5358 4773/6517/5337
f 5324/6518/5901 6241/6506/5893 6244/6510/5897 5323/6516/5900
f 5325/6512/5899 6238/6503/5890 6241/6506/5893 5324/6518/5901
f 6247/6519/5902 6248/6520/5903 6251/6521/5904 6250/6522/5905
f 6248/6520/5903 6249/6523/5906 6252/6524/5907 6251/6521/5904
f 6250/6522/5905 6251/6521/5904 6254/6525/5908 6253/6526/5909
f 6251/6521/5904 6252/6524/5907 6255/6527/5910 6254/6525/5908
f 4706/5484/4997 5277/5486/4994 6247/6519/5902 5328/6528/5911
f 5277/5486/4994 5276/5483/4996 6248/6520/5903 6247/6519/5902
f 5276/5483/4996 5275/5481/4996 6249/6523/5906 6248/6520/5903
f 5275/5481/4996 4704/5480/4995 5325/6512/5899 6249/6523/5906
f 6249/6523/5906 5325/6512/5899 5324/6518/5901 6252/6524/5907
f 6252/6524/5907 5324/6518/5901 5323/6516/5900 6255/6527/5910
f 6255/6527/5910 5323/6516/5900 4773/6517/5337 4912/6529/5339
f 6254/6525/5908 6255/6527/5910 4912/6529/5339 4913/6530/5343
f 6253/6526/5909 6254/6525/5908 4913/6530/5343 4914/6531/5342
f 5326/6532/5912 6253/6526/5909 4914/6531/5342 4774/6533/5321
f 5327/6534/5913 6250/6522/5905 6253/6526/5909 5326/6532/5912
f 5328/6528/5911 6247/6519/5902 6250/6522/5905 5327/6534/5913
f 6256/6535/5914 6257/6536/5915 6260/6537/5916 6259/6538/5917
f 6257/6536/5915 6258/6539/5918 6261/6540/5919 6260/6537/5916
f 6259/6538/5917 6260/6537/5916 6263/6541/5920 6262/6542/5921
f 6260/6537/5916 6261/6540/5919 6264/6543/5922 6263/6541/5920
f 4708/5488/4999 5280/5490/4996 6256/6535/5914 5331/6544/5923
f 5280/5490/4996 5279/5487/4996 6257/6536/5915 6256/6535/5914
f 5279/5487/4996 5278/5485/4998 6258/6539/5918 6257/6536/5915
f 5278/5485/4998 4706/5484/4997 5328/6528/5911 6258/6539/5918
f 6258/6539/5918 5328/6528/5911 5327/6534/5913 6261/6540/5919
f 6261/6540/5919 5327/6534/5913 5326/6532/5912 6264/6543/5922
f 6264/6543/5922 5326/6532/5912 4774/6533/5321 4921/6545/5323
f 6263/6541/5920 6264/6543/5922 4921/6545/5323 4922/6546/5327
f 6262/6542/5921 6263/6541/5920 4922/6546/5327 4923/6547/5326
f 5329/6548/5924 6262/6542/5921 4923/6547/5326 4775/6549/5305
f 5330/6550/5925 6259/6538/5917 6262/6542/5921 5329/6548/5924
f 5331/6544/5923 6256/6535/5914 6259/6538/5917 5330/6550/5925
f 6265/6551/5926 6266/6552/5927 6269/6553/5928 6268/6554/5929
f 6266/6552/5927 6267/6555/5930 6270/6556/5931 6269/6553/5928
f 6268/6554/5929 6269/6553/5928 6272/6557/5932 6271/6558/5933
f 6269/6553/5928 6270/6556/5931 6273/6559/5934 6272/6557/5932
f 4710/5492/5002 5283/5494/4998 6265/6551/5926 5334/6560/5935
f 5283/5494/4998 5282/5491/5001 6266/6552/5927 6265/6551/5926
f 5282/5491/5001 5281/5489/5000 6267/6555/5930 6266/6552/5927
f 5281/5489/5000 4708/5488/4999 5331/6544/5923 6267/6555/5930
f 6267/6555/5930 5331/6544/5923 5330/6550/5925 6270/6556/5931
f 6270/6556/5931 5330/6550/5925 5329/6548/5924 6273/6559/5934
f 6273/6559/5934 5329/6548/5924 4775/6549/5305 4930/6561/5307
f 6272/6557/5932 6273/6559/5934 4930/6561/5307 4931/6562/5311
f 6271/6558/5933 6272/6557/5932 4931/6562/5311 4932/6563/5310
f 5332/6564/5936 6271/6558/5933 4932/6563/5310 4776/6565/5289
f 5333/6566/5937 6268/6554/5929 6271/6558/5933 5332/6564/5936
f 5334/6560/5935 6265/6551/5926 6268/6554/5929 5333/6566/5937
f 6274/6567/5938 6275/6568/5939 6278/6569/5940 6277/6570/5941
f 6275/6568/5939 6276/6571/5942 6279/6572/5943 6278/6569/5940
f 6277/6570/5941 6278/6569/5940 6281/6573/5944 6280/6574/5945
f 6278/6569/5940 6279/6572/5943 6282/6575/5946 6281/6573/5944
f 4712/5496/5003 5286/5498/5000 6274/6567/5938 5337/6576/5947
f 5286/5498/5000 5285/5495/5001 6275/6568/5939 6274/6567/5938
f 5285/5495/5001 5284/5493/4971 6276/6571/5942 6275/6568/5939
f 5284/5493/4971 4710/5492/5002 5334/6560/5935 6276/6571/5942
f 6276/6571/5942 5334/6560/5935 5333/6566/5937 6279/6572/5943
f 6279/6572/5943 5333/6566/5937 5332/6564/5936 6282/6575/5946
f 6282/6575/5946 5332/6564/5936 4776/6565/5289 4939/6577/5291
f 6281/6573/5944 6282/6575/5946 4939/6577/5291 4940/6578/5295
f 6280/6574/5945 6281/6573/5944 4940/6578/5295 4941/6579/5294
f 5335/6580/5948 6280/6574/5945 4941/6579/5294 4777/6581/5269
f 5336/6582/5949 6277/6570/5941 6280/6574/5945 5335/6580/5948
f 5337/6576/5947 6274/6567/5938 6277/6570/5941 5336/6582/5949
f 6283/6583/5950 6284/6584/5951 6287/6585/5952 6286/6586/5953
f 6284/6584/5951 6285/6587/5954 6288/6588/5955 6287/6585/5952
f 6286/6586/5953 6287/6585/5952 6290/6589/5956 6289/6590/5957
f 6287/6585/5952 6288/6588/5955 6291/6591/5958 6290/6589/5956
f 4682/5435/4969 5289/5437/4971 6283/6583/5950 5293/6349/5777
f 5289/5437/4971 5288/5439/4972 6284/6584/5951 6283/6583/5950
f 5288/5439/4972 5287/5497/4972 6285/6587/5954 6284/6584/5951
f 5287/5497/4972 4712/5496/5003 5337/6576/5947 6285/6587/5954
f 6285/6587/5954 5337/6576/5947 5336/6582/5949 6288/6588/5955
f 6288/6588/5955 5336/6582/5949 5335/6580/5948 6291/6591/5958
f 6291/6591/5958 5335/6580/5948 4777/6581/5269 4948/6592/5271
f 6290/6589/5956 6291/6591/5958 4948/6592/5271 4949/6593/5279
f 6289/6590/5957 6290/6589/5956 4949/6593/5279 4950/6594/5277
f 5295/6351/5779 6289/6590/5957 4950/6594/5277 4762/6352/5278
f 5294/6350/5778 6286/6586/5953 6289/6590/5957 5295/6351/5779
f 5293/6349/5777 6283/6583/5950 6286/6586/5953 5294/6350/5778
f 6292/6595/5959 6293/6596/5960 6296/6597/5961 6295/6598/5962
f 6293/6596/5960 6294/6599/5963 6297/6600/5964 6296/6597/5961
f 6295/6598/5962 6296/6597/5961 6299/6601/5965 6298/6602/5966
f 6296/6597/5961 6297/6600/5964 6300/6603/5967 6299/6601/5965
f 4701/6195/5659 5170/6194/5658 6292/6595/5959 5394/6604/5968
f 5170/6194/5658 5171/6193/5657 6293/6596/5960 6292/6595/5959
f 5171/6193/5657 5172/6192/5656 6294/6599/5963 6293/6596/5960
f 5172/6192/5656 4699/6175/5643 5395/6605/5969 6294/6599/5963
f 6294/6599/5963 5395/6605/5969 5396/6606/5970 6297/6600/5964
f 6297/6600/5964 5396/6606/5970 5397/6607/5971 6300/6603/5967
f 6300/6603/5967 5397/6607/5971 4786/6608/5972 5364/6609/5973
f 6299/6601/5965 6300/6603/5967 5364/6609/5973 5363/6610/5974
f 6298/6602/5966 6299/6601/5965 5363/6610/5974 5362/6611/5975
f 5392/6612/5976 6298/6602/5966 5362/6611/5975 4787/6613/5977
f 5393/6614/5978 6295/6598/5962 6298/6602/5966 5392/6612/5976
f 5394/6604/5968 6292/6595/5959 6295/6598/5962 5393/6614/5978
f 6301/6615/5979 6302/6616/5980 6305/6617/5981 6304/6618/5982
f 6302/6616/5980 6303/6619/5983 6306/6620/5984 6305/6617/5981
f 6304/6618/5982 6305/6617/5981 6308/6621/5985 6307/6622/5986
f 6305/6617/5981 6306/6620/5984 6309/6623/5987 6308/6621/5985
f 4687/6055/5547 5149/6054/5546 6301/6615/5979 5400/6624/5988
f 5149/6054/5546 5150/6053/5545 6302/6616/5980 6301/6615/5979
f 5150/6053/5545 5151/6052/5544 6303/6619/5983 6302/6616/5980
f 5151/6052/5544 4685/6032/5529 5401/6625/5989 6303/6619/5983
f 6303/6619/5983 5401/6625/5989 5402/6626/5990 6306/6620/5984
f 6306/6620/5984 5402/6626/5990 5403/6627/5991 6309/6623/5987
f 6309/6623/5987 5403/6627/5991 4779/6628/5992 5343/6629/5993
f 6308/6621/5985 6309/6623/5987 5343/6629/5993 5342/6630/5994
f 6307/6622/5986 6308/6621/5985 5342/6630/5994 5341/6631/5995
f 5398/6632/5996 6307/6622/5986 5341/6631/5995 4780/6633/5997
f 5399/6634/5998 6304/6618/5982 6307/6622/5986 5398/6632/5996
f 5400/6624/5988 6301/6615/5979 6304/6618/5982 5399/6634/5998
f 6310/6635/5999 6311/6636/6000 6314/6637/6001 6313/6638/6002
f 6311/6636/6000 6312/6639/6003 6315/6640/6004 6314/6637/6001
f 6313/6638/6002 6314/6637/6001 6317/6641/6005 6316/6642/6006
f 6314/6637/6001 6315/6640/6004 6318/6643/6007 6317/6641/6005
f 4703/6215/5675 5173/6214/5674 6310/6635/5999 5406/6644/6008
f 5173/6214/5674 5174/6213/5673 6311/6636/6000 6310/6635/5999
f 5174/6213/5673 5175/6212/5672 6312/6639/6003 6311/6636/6000
f 5175/6212/5672 4701/6195/5659 5394/6604/5968 6312/6639/6003
f 6312/6639/6003 5394/6604/5968 5393/6614/5978 6315/6640/6004
f 6315/6640/6004 5393/6614/5978 5392/6612/5976 6318/6643/6007
f 6318/6643/6007 5392/6612/5976 4787/6613/5977 5367/6645/6009
f 6317/6641/6005 6318/6643/6007 5367/6645/6009 5366/6646/6010
f 6316/6642/6006 6317/6641/6005 5366/6646/6010 5365/6647/6011
f 5404/6648/6012 6316/6642/6006 5365/6647/6011 4788/6649/6013
f 5405/6650/6014 6313/6638/6002 6316/6642/6006 5404/6648/6012
f 5406/6644/6008 6310/6635/5999 6313/6638/6002 5405/6650/6014
f 6319/6651/6015 6320/6652/6016 6323/6653/6017 6322/6654/6018
f 6320/6652/6016 6321/6655/6019 6324/6656/6020 6323/6653/6017
f 6322/6654/6018 6323/6653/6017 6326/6657/6021 6325/6658/6022
f 6323/6653/6017 6324/6656/6020 6327/6659/6023 6326/6657/6021
f 4689/6075/5563 5152/6074/5562 6319/6651/6015 5409/6660/6024
f 5152/6074/5562 5153/6073/5561 6320/6652/6016 6319/6651/6015
f 5153/6073/5561 5154/6072/5560 6321/6655/6019 6320/6652/6016
f 5154/6072/5560 4687/6055/5547 5400/6624/5988 6321/6655/6019
f 6321/6655/6019 5400/6624/5988 5399/6634/5998 6324/6656/6020
f 6324/6656/6020 5399/6634/5998 5398/6632/5996 6327/6659/6023
f 6327/6659/6023 5398/6632/5996 4780/6633/5997 5346/6661/6025
f 6326/6657/6021 6327/6659/6023 5346/6661/6025 5345/6662/6026
f 6325/6658/6022 6326/6657/6021 5345/6662/6026 5344/6663/6027
f 5407/6664/6028 6325/6658/6022 5344/6663/6027 4781/6665/6029
f 5408/6666/6030 6322/6654/6018 6325/6658/6022 5407/6664/6028
f 5409/6660/6024 6319/6651/6015 6322/6654/6018 5408/6666/6030
f 6328/6667/6031 6329/6668/6032 6332/6669/6033 6331/6670/6034
f 6329/6668/6032 6330/6671/6035 6333/6672/6036 6332/6669/6033
f 6331/6670/6034 6332/6669/6033 6335/6673/6037 6334/6674/6038
f 6332/6669/6033 6333/6672/6036 6336/6675/6039 6335/6673/6037
f 4705/6235/5691 5176/6234/5690 6328/6667/6031 5412/6676/6040
f 5176/6234/5690 5177/6233/5689 6329/6668/6032 6328/6667/6031
f 5177/6233/5689 5178/6232/5688 6330/6671/6035 6329/6668/6032
f 5178/6232/5688 4703/6215/5675 5406/6644/6008 6330/6671/6035
f 6330/6671/6035 5406/6644/6008 5405/6650/6014 6333/6672/6036
f 6333/6672/6036 5405/6650/6014 5404/6648/6012 6336/6675/6039
f 6336/6675/6039 5404/6648/6012 4788/6649/6013 5370/6677/6041
f 6335/6673/6037 6336/6675/6039 5370/6677/6041 5369/6678/6042
f 6334/6674/6038 6335/6673/6037 5369/6678/6042 5368/6679/6043
f 5410/6680/6044 6334/6674/6038 5368/6679/6043 4789/6681/6045
f 5411/6682/6046 6331/6670/6034 6334/6674/6038 5410/6680/6044
f 5412/6676/6040 6328/6667/6031 6331/6670/6034 5411/6682/6046
f 6337/6683/6047 6338/6684/6048 6341/6685/6049 6340/6686/6050
f 6338/6684/6048 6339/6687/6051 6342/6688/6052 6341/6685/6049
f 6340/6686/6050 6341/6685/6049 6344/6689/6053 6343/6690/6054
f 6341/6685/6049 6342/6688/6052 6345/6691/6055 6344/6689/6053
f 4691/6095/5579 5155/6094/5578 6337/6683/6047 5415/6692/6056
f 5155/6094/5578 5156/6093/5577 6338/6684/6048 6337/6683/6047
f 5156/6093/5577 5157/6092/5576 6339/6687/6051 6338/6684/6048
f 5157/6092/5576 4689/6075/5563 5409/6660/6024 6339/6687/6051
f 6339/6687/6051 5409/6660/6024 5408/6666/6030 6342/6688/6052
f 6342/6688/6052 5408/6666/6030 5407/6664/6028 6345/6691/6055
f 6345/6691/6055 5407/6664/6028 4781/6665/6029 5349/6693/6057
f 6344/6689/6053 6345/6691/6055 5349/6693/6057 5348/6694/6058
f 6343/6690/6054 6344/6689/6053 5348/6694/6058 5347/6695/6059
f 5413/6696/6060 6343/6690/6054 5347/6695/6059 4782/6697/6061
f 5414/6698/6062 6340/6686/6050 6343/6690/6054 5413/6696/6060
f 5415/6692/6056 6337/6683/6047 6340/6686/6050 5414/6698/6062
f 6346/6699/6063 6347/6700/6064 6350/6701/6065 6349/6702/6066
f 6347/6700/6064 6348/6703/6067 6351/6704/6068 6350/6701/6065
f 6349/6702/6066 6350/6701/6065 6353/6705/6069 6352/6706/6070
f 6350/6701/6065 6351/6704/6068 6354/6707/6071 6353/6705/6069
f 4707/6255/5707 5179/6254/5706 6346/6699/6063 5418/6708/6072
f 5179/6254/5706 5180/6253/5705 6347/6700/6064 6346/6699/6063
f 5180/6253/5705 5181/6252/5704 6348/6703/6067 6347/6700/6064
f 5181/6252/5704 4705/6235/5691 5412/6676/6040 6348/6703/6067
f 6348/6703/6067 5412/6676/6040 5411/6682/6046 6351/6704/6068
f 6351/6704/6068 5411/6682/6046 5410/6680/6044 6354/6707/6071
f 6354/6707/6071 5410/6680/6044 4789/6681/6045 5373/6709/6073
f 6353/6705/6069 6354/6707/6071 5373/6709/6073 5372/6710/6074
f 6352/6706/6070 6353/6705/6069 5372/6710/6074 5371/6711/6075
f 5416/6712/6076 6352/6706/6070 5371/6711/6075 4790/6713/6077
f 5417/6714/6078 6349/6702/6066 6352/6706/6070 5416/6712/6076
f 5418/6708/6072 6346/6699/6063 6349/6702/6066 5417/6714/6078
f 6355/6715/6079 6356/6716/6080 6359/6717/6081 6358/6718/6082
f 6356/6716/6080 6357/6719/6083 6360/6720/6084 6359/6717/6081
f 6358/6718/6082 6359/6717/6081 6362/6721/6085 6361/6722/6086
f 6359/6717/6081 6360/6720/6084 6363/6723/6087 6362/6721/6085
f 4693/6115/5595 5158/6114/5594 6355/6715/6079 5421/6724/6088
f 5158/6114/5594 5159/6113/5593 6356/6716/6080 6355/6715/6079
f 5159/6113/5593 5160/6112/5592 6357/6719/6083 6356/6716/6080
f 5160/6112/5592 4691/6095/5579 5415/6692/6056 6357/6719/6083
f 6357/6719/6083 5415/6692/6056 5414/6698/6062 6360/6720/6084
f 6360/6720/6084 5414/6698/6062 5413/6696/6060 6363/6723/6087
f 6363/6723/6087 5413/6696/6060 4782/6697/6061 5352/6725/6089
f 6362/6721/6085 6363/6723/6087 5352/6725/6089 5351/6726/6090
f 6361/6722/6086 6362/6721/6085 5351/6726/6090 5350/6727/6091
f 5419/6728/6092 6361/6722/6086 5350/6727/6091 4783/6729/6093
f 5420/6730/6094 6358/6718/6082 6361/6722/6086 5419/6728/6092
f 5421/6724/6088 6355/6715/6079 6358/6718/6082 5420/6730/6094
f 6364/6731/6095 6365/6732/6096 6368/6733/6097 6367/6734/6098
f 6365/6732/6096 6366/6735/6099 6369/6736/6100 6368/6733/6097
f 6367/6734/6098 6368/6733/6097 6371/6737/6101 6370/6738/6102
f 6368/6733/6097 6369/6736/6100 6372/6739/6103 6371/6737/6101
f 4709/6277/5723 5182/6276/5722 6364/6731/6095 5424/6740/6104
f 5182/6276/5722 5183/6275/5721 6365/6732/6096 6364/6731/6095
f 5183/6275/5721 5184/6273/5720 6366/6735/6099 6365/6732/6096
f 5184/6273/5720 4707/6272/5707 5418/6741/6072 6366/6735/6099
f 6366/6735/6099 5418/6741/6072 5417/6742/6078 6369/6736/6100
f 6369/6736/6100 5417/6742/6078 5416/6743/6076 6372/6739/6103
f 6372/6739/6103 5416/6743/6076 4790/6744/6077 5376/6745/6105
f 6371/6737/6101 6372/6739/6103 5376/6745/6105 5375/6746/6106
f 6370/6738/6102 6371/6737/6101 5375/6746/6106 5374/6747/6107
f 5422/6748/6108 6370/6738/6102 5374/6747/6107 4791/6749/6109
f 5423/6750/6110 6367/6734/6098 6370/6738/6102 5422/6748/6108
f 5424/6740/6104 6364/6731/6095 6367/6734/6098 5423/6750/6110
f 6373/6751/6111 6374/6752/6112 6377/6753/6113 6376/6754/6114
f 6374/6752/6112 6375/6755/6115 6378/6756/6116 6377/6753/6113
f 6376/6754/6114 6377/6753/6113 6380/6757/6117 6379/6758/6118
f 6377/6753/6113 6378/6756/6116 6381/6759/6119 6380/6757/6117
f 4695/6135/5611 5161/6134/5610 6373/6751/6111 5427/6760/6120
f 5161/6134/5610 5162/6133/5609 6374/6752/6112 6373/6751/6111
f 5162/6133/5609 5163/6132/5608 6375/6755/6115 6374/6752/6112
f 5163/6132/5608 4693/6115/5595 5421/6724/6088 6375/6755/6115
f 6375/6755/6115 5421/6724/6088 5420/6730/6094 6378/6756/6116
f 6378/6756/6116 5420/6730/6094 5419/6728/6092 6381/6759/6119
f 6381/6759/6119 5419/6728/6092 4783/6729/6093 5355/6761/6121
f 6380/6757/6117 6381/6759/6119 5355/6761/6121 5354/6762/6122
f 6379/6758/6118 6380/6757/6117 5354/6762/6122 5353/6763/6123
f 5425/6764/6124 6379/6758/6118 5353/6763/6123 4784/6765/6125
f 5426/6766/6126 6376/6754/6114 6379/6758/6118 5425/6764/6124
f 5427/6760/6120 6373/6751/6111 6376/6754/6114 5426/6766/6126
f 6382/6767/6127 6383/6768/6128 6386/6769/6129 6385/6770/6130
f 6383/6768/6128 6384/6771/6131 6387/6772/6132 6386/6769/6129
f 6385/6770/6130 6386/6769/6129 6389/6773/6133 6388/6774/6134
f 6386/6769/6129 6387/6772/6132 6390/6775/6135 6389/6773/6133
f 4711/6300/5739 5185/6299/5738 6382/6767/6127 5430/6776/6136
f 5185/6299/5738 5186/6298/5737 6383/6768/6128 6382/6767/6127
f 5186/6298/5737 5187/6297/5736 6384/6771/6131 6383/6768/6128
f 5187/6297/5736 4709/6277/5723 5424/6740/6104 6384/6771/6131
f 6384/6771/6131 5424/6740/6104 5423/6750/6110 6387/6772/6132
f 6387/6772/6132 5423/6750/6110 5422/6748/6108 6390/6775/6135
f 6390/6775/6135 5422/6748/6108 4791/6749/6109 5379/6777/6137
f 6389/6773/6133 6390/6775/6135 5379/6777/6137 5378/6778/6138
f 6388/6774/6134 6389/6773/6133 5378/6778/6138 5377/6779/6139
f 5428/6780/6140 6388/6774/6134 5377/6779/6139 4792/6781/6141
f 5429/6782/6142 6385/6770/6130 6388/6774/6134 5428/6780/6140
f 5430/6776/6136 6382/6767/6127 6385/6770/6130 5429/6782/6142
f 6391/6783/6143 6392/6784/6144 6395/6785/6145 6394/6786/6146
f 6392/6784/6144 6393/6787/6147 6396/6788/6148 6395/6785/6145
f 6394/6786/6146 6395/6785/6145 6398/6789/6149 6397/6790/6150
f 6395/6785/6145 6396/6788/6148 6399/6791/6151 6398/6789/6149
f 4697/6155/5627 5164/6154/5626 6391/6783/6143 5433/6792/6152
f 5164/6154/5626 5165/6153/5625 6392/6784/6144 6391/6783/6143
f 5165/6153/5625 5166/6152/5624 6393/6787/6147 6392/6784/6144
f 5166/6152/5624 4695/6135/5611 5427/6760/6120 6393/6787/6147
f 6393/6787/6147 5427/6760/6120 5426/6766/6126 6396/6788/6148
f 6396/6788/6148 5426/6766/6126 5425/6764/6124 6399/6791/6151
f 6399/6791/6151 5425/6764/6124 4784/6765/6125 5358/6793/6153
f 6398/6789/6149 6399/6791/6151 5358/6793/6153 5357/6794/6154
f 6397/6790/6150 6398/6789/6149 5357/6794/6154 5356/6795/6155
f 5431/6796/6156 6397/6790/6150 5356/6795/6155 4785/6797/6157
f 5432/6798/6158 6394/6786/6146 6397/6790/6150 5431/6796/6156
f 5433/6792/6152 6391/6783/6143 6394/6786/6146 5432/6798/6158
f 6400/6799/6159 6401/6800/6160 6404/6801/6161 6403/6802/6162
f 6401/6800/6160 6402/6803/6163 6405/6804/6164 6404/6801/6161
f 6403/6802/6162 6404/6801/6161 6407/6805/6165 6406/6806/6166
f 6404/6801/6161 6405/6804/6164 6408/6807/6167 6407/6805/6165
f 4713/5356/4922 5188/6319/5754 6400/6799/6159 5389/5357/4923
f 5188/6319/5754 5189/6318/5753 6401/6800/6160 6400/6799/6159
f 5189/6318/5753 5190/6317/5752 6402/6803/6163 6401/6800/6160
f 5190/6317/5752 4711/6300/5739 5430/6776/6136 6402/6803/6163
f 6402/6803/6163 5430/6776/6136 5429/6782/6142 6405/6804/6164
f 6405/6804/6164 5429/6782/6142 5428/6780/6140 6408/6807/6167
f 6408/6807/6167 5428/6780/6140 4792/6781/6141 5382/6808/6168
f 6407/6805/6165 6408/6807/6167 5382/6808/6168 5381/6809/6169
f 6406/6806/6166 6407/6805/6165 5381/6809/6169 5380/6810/6170
f 5391/5359/4925 6406/6806/6166 5380/6810/6170 4793/5360/4926
f 5390/5358/4924 6403/6802/6162 6406/6806/6166 5391/5359/4925
f 5389/5357/4923 6400/6799/6159 6403/6802/6162 5390/5358/4924
f 6409/6811/6171 6410/6812/6172 6413/6813/6173 6412/6814/6174
f 6410/6812/6172 6411/6815/6175 6414/6816/6176 6413/6813/6173
f 6412/6814/6174 6413/6813/6173 6416/6817/6177 6415/6818/6178
f 6413/6813/6173 6414/6816/6176 6417/6819/6179 6416/6817/6177
f 4699/6175/5643 5167/6174/5642 6409/6811/6171 5395/6605/5969
f 5167/6174/5642 5168/6173/5641 6410/6812/6172 6409/6811/6171
f 5168/6173/5641 5169/6172/5640 6411/6815/6175 6410/6812/6172
f 5169/6172/5640 4697/6155/5627 5433/6792/6152 6411/6815/6175
f 6411/6815/6175 5433/6792/6152 5432/6798/6158 6414/6816/6176
f 6414/6816/6176 5432/6798/6158 5431/6796/6156 6417/6819/6179
f 6417/6819/6179 5431/6796/6156 4785/6797/6157 5361/6820/6180
f 6416/6817/6177 6417/6819/6179 5361/6820/6180 5360/6821/6181
f 6415/6818/6178 6416/6817/6177 5360/6821/6181 5359/6822/6182
f 5397/6607/5971 6415/6818/6178 5359/6822/6182 4786/6608/5972
f 5396/6606/5970 6412/6814/6174 6415/6818/6178 5397/6607/5971
f 5395/6605/5969 6409/6811/6171 6412/6814/6174 5396/6606/5970
f 6418/6823/6183 6419/6824/6184 6422/6825/6185 6421/6826/6186
f 6419/6824/6184 6420/6827/6187 6423/6828/6188 6422/6825/6185
f 6421/6826/6186 6422/6825/6185 6425/6829/6189 6424/6830/6190
f 6422/6825/6185 6423/6828/6188 6426/6831/6191 6425/6829/6189
f 4685/6032/5529 5146/6031/5528 6418/6823/6183 5401/6625/5989
f 5146/6031/5528 5147/6030/5527 6419/6824/6184 6418/6823/6183
f 5147/6030/5527 5148/6028/5525 6420/6827/6187 6419/6824/6184
f 5148/6028/5525 4683/5351/4917 5388/5353/4919 6420/6827/6187
f 6420/6827/6187 5388/5353/4919 5387/5366/4932 6423/6828/6188
f 6423/6828/6188 5387/5366/4932 5386/5364/4930 6426/6831/6191
f 6426/6831/6191 5386/5364/4930 4778/5365/4931 5340/6832/6192
f 6425/6829/6189 6426/6831/6191 5340/6832/6192 5339/6833/6193
f 6424/6830/6190 6425/6829/6189 5339/6833/6193 5338/6834/6194
f 5403/6627/5991 6424/6830/6190 5338/6834/6194 4779/6628/5992
f 5402/6626/5990 6421/6826/6186 6424/6830/6190 5403/6627/5991
f 5401/6625/5989 6418/6823/6183 6421/6826/6186 5402/6626/5990
f 6427/6835/6195 6428/6836/6196 6431/6837/6196 6430/6838/6195
f 6428/6836/6196 6429/6839/6197 6432/6840/6197 6431/6837/6196
f 6430/6838/6195 6431/6837/6196 6434/6841/6196 6433/6842/6195
f 6431/6837/6196 6432/6840/6197 6435/6843/6197 6434/6841/6196
f 4782/6697/6061 5347/6695/6059 6427/6835/6195 5484/6844/6198
f 5347/6695/6059 5348/6694/6058 6428/6836/6196 6427/6835/6195
f 5348/6694/6058 5349/6693/6057 6429/6839/6197 6428/6836/6196
f 5349/6693/6057 4781/6665/6029 5485/6845/6199 6429/6839/6197
f 6429/6839/6197 5485/6845/6199 5486/6846/6199 6432/6840/6197
f 6432/6840/6197 5486/6846/6199 5487/6847/6199 6435/6843/6197
f 6435/6843/6197 5487/6847/6199 4797/6848/6200 5445/6849/6201
f 6434/6841/6196 6435/6843/6197 5445/6849/6201 5444/6850/6202
f 6433/6842/6195 6434/6841/6196 5444/6850/6202 5443/6851/6203
f 5482/6852/6198 6433/6842/6195 5443/6851/6203 4798/6853/6204
f 5483/6854/6198 6430/6838/6195 6433/6842/6195 5482/6852/6198
f 5484/6844/6198 6427/6835/6195 6430/6838/6195 5483/6854/6198
f 6436/6855/6205 6437/6856/6206 6440/6857/6206 6439/6858/6205
f 6437/6856/6206 6438/6859/6207 6441/6860/6207 6440/6857/6206
f 6439/6858/6205 6440/6857/6206 6443/6861/6206 6442/6862/6205
f 6440/6857/6206 6441/6860/6207 6444/6863/6207 6443/6861/6206
f 4790/6713/6077 5371/6711/6075 6436/6855/6205 5490/6864/6208
f 5371/6711/6075 5372/6710/6074 6437/6856/6206 6436/6855/6205
f 5372/6710/6074 5373/6709/6073 6438/6859/6207 6437/6856/6206
f 5373/6709/6073 4789/6681/6045 5491/6865/6209 6438/6859/6207
f 6438/6859/6207 5491/6865/6209 5492/6866/6209 6441/6860/6207
f 6441/6860/6207 5492/6866/6209 5493/6867/6209 6444/6863/6207
f 6444/6863/6207 5493/6867/6209 4805/6868/6210 5469/6869/6211
f 6443/6861/6206 6444/6863/6207 5469/6869/6211 5468/6870/6212
f 6442/6862/6205 6443/6861/6206 5468/6870/6212 5467/6871/6213
f 5488/6872/6208 6442/6862/6205 5467/6871/6213 4806/6873/6214
f 5489/6874/6208 6439/6858/6205 6442/6862/6205 5488/6872/6208
f 5490/6864/6208 6436/6855/6205 6439/6858/6205 5489/6874/6208
f 6445/6875/6215 6446/6876/6216 6449/6877/6216 6448/6878/6215
f 6446/6876/6216 6447/6879/6217 6450/6880/6217 6449/6877/6216
f 6448/6878/6215 6449/6877/6216 6452/6881/6216 6451/6882/6215
f 6449/6877/6216 6450/6880/6217 6453/6883/6217 6452/6881/6216
f 4783/6729/6093 5350/6727/6091 6445/6875/6215 5496/6884/6218
f 5350/6727/6091 5351/6726/6090 6446/6876/6216 6445/6875/6215
f 5351/6726/6090 5352/6725/6089 6447/6879/6217 6446/6876/6216
f 5352/6725/6089 4782/6697/6061 5484/6844/6198 6447/6879/6217
f 6447/6879/6217 5484/6844/6198 5483/6854/6198 6450/6880/6217
f 6450/6880/6217 5483/6854/6198 5482/6852/6198 6453/6883/6217
f 6453/6883/6217 5482/6852/6198 4798/6853/6204 5448/6885/6219
f 6452/6881/6216 6453/6883/6217 5448/6885/6219 5447/6886/6220
f 6451/6882/6215 6452/6881/6216 5447/6886/6220 5446/6887/6221
f 5494/6888/6218 6451/6882/6215 5446/6887/6221 4799/6889/6222
f 5495/6890/6218 6448/6878/6215 6451/6882/6215 5494/6888/6218
f 5496/6884/6218 6445/6875/6215 6448/6878/6215 5495/6890/6218
f 6454/6891/6223 6455/6892/6224 6458/6893/6224 6457/6894/6223
f 6455/6892/6224 6456/6895/6225 6459/6896/6225 6458/6893/6224
f 6457/6894/6223 6458/6893/6224 6461/6897/6224 6460/6898/6223
f 6458/6893/6224 6459/6896/6225 6462/6899/6225 6461/6897/6224
f 4791/6749/6109 5374/6747/6107 6454/6891/6223 5499/6900/6226
f 5374/6747/6107 5375/6746/6106 6455/6892/6224 6454/6891/6223
f 5375/6746/6106 5376/6745/6105 6456/6895/6225 6455/6892/6224
f 5376/6745/6105 4790/6744/6077 5490/6901/6208 6456/6895/6225
f 6456/6895/6225 5490/6901/6208 5489/6902/6208 6459/6896/6225
f 6459/6896/6225 5489/6902/6208 5488/6903/6208 6462/6899/6225
f 6462/6899/6225 5488/6903/6208 4806/6904/6214 5472/6905/6227
f 6461/6897/6224 6462/6899/6225 5472/6905/6227 5471/6906/6228
f 6460/6898/6223 6461/6897/6224 5471/6906/6228 5470/6907/6229
f 5497/6908/6226 6460/6898/6223 5470/6907/6229 4807/6909/6226
f 5498/6910/6226 6457/6894/6223 6460/6898/6223 5497/6908/6226
f 5499/6900/6226 6454/6891/6223 6457/6894/6223 5498/6910/6226
f 6463/6911/6230 6464/6912/6231 6467/6913/6231 6466/6914/6230
f 6464/6912/6231 6465/6915/6232 6468/6916/6232 6467/6913/6231
f 6466/6914/6230 6467/6913/6231 6470/6917/6231 6469/6918/6230
f 6467/6913/6231 6468/6916/6232 6471/6919/6232 6470/6917/6231
f 4784/6765/6125 5353/6763/6123 6463/6911/6230 5502/6920/6233
f 5353/6763/6123 5354/6762/6122 6464/6912/6231 6463/6911/6230
f 5354/6762/6122 5355/6761/6121 6465/6915/6232 6464/6912/6231
f 5355/6761/6121 4783/6729/6093 5496/6884/6218 6465/6915/6232
f 6465/6915/6232 5496/6884/6218 5495/6890/6218 6468/6916/6232
f 6468/6916/6232 5495/6890/6218 5494/6888/6218 6471/6919/6232
f 6471/6919/6232 5494/6888/6218 4799/6889/6222 5451/6921/6232
f 6470/6917/6231 6471/6919/6232 5451/6921/6232 5450/6922/6234
f 6469/6918/6230 6470/6917/6231 5450/6922/6234 5449/6923/6235
f 5500/6924/6233 6469/6918/6230 5449/6923/6235 4800/6925/6236
f 5501/6926/6233 6466/6914/6230 6469/6918/6230 5500/6924/6233
f 5502/6920/6233 6463/6911/6230 6466/6914/6230 5501/6926/6233
f 6472/6927/6237 6473/6928/6238 6476/6929/6238 6475/6930/6237
f 6473/6928/6238 6474/6931/6239 6477/6932/6239 6476/6929/6238
f 6475/6930/6237 6476/6929/6238 6479/6933/6238 6478/6934/6237
f 6476/6929/6238 6477/6932/6239 6480/6935/6239 6479/6933/6238
f 4792/6781/6141 5377/6779/6139 6472/6927/6237 5505/6936/6240
f 5377/6779/6139 5378/6778/6138 6473/6928/6238 6472/6927/6237
f 5378/6778/6138 5379/6777/6137 6474/6931/6239 6473/6928/6238
f 5379/6777/6137 4791/6749/6109 5499/6900/6226 6474/6931/6239
f 6474/6931/6239 5499/6900/6226 5498/6910/6226 6477/6932/6239
f 6477/6932/6239 5498/6910/6226 5497/6908/6226 6480/6935/6239
f 6480/6935/6239 5497/6908/6226 4807/6909/6226 5475/6937/6239
f 6479/6933/6238 6480/6935/6239 5475/6937/6239 5474/6938/6238
f 6478/6934/6237 6479/6933/6238 5474/6938/6238 5473/6939/6241
f 5503/6940/6240 6478/6934/6237 5473/6939/6241 4808/6941/6242
f 5504/6942/6240 6475/6930/6237 6478/6934/6237 5503/6940/6240
f 5505/6936/6240 6472/6927/6237 6475/6930/6237 5504/6942/6240
f 6481/6943/6243 6482/6944/6244 6485/6945/6244 6484/6946/6243
f 6482/6944/6244 6483/6947/6245 6486/6948/6245 6485/6945/6244
f 6484/6946/6243 6485/6945/6244 6488/6949/6244 6487/6950/6243
f 6485/6945/6244 6486/6948/6245 6489/6951/6245 6488/6949/6244
f 4785/6797/6157 5356/6795/6155 6481/6943/6243 5508/6952/6246
f 5356/6795/6155 5357/6794/6154 6482/6944/6244 6481/6943/6243
f 5357/6794/6154 5358/6793/6153 6483/6947/6245 6482/6944/6244
f 5358/6793/6153 4784/6765/6125 5502/6920/6233 6483/6947/6245
f 6483/6947/6245 5502/6920/6233 5501/6926/6233 6486/6948/6245
f 6486/6948/6245 5501/6926/6233 5500/6924/6233 6489/6951/6245
f 6489/6951/6245 5500/6924/6233 4800/6925/6236 5454/6953/6247
f 6488/6949/6244 6489/6951/6245 5454/6953/6247 5453/6954/6248
f 6487/6950/6243 6488/6949/6244 5453/6954/6248 5452/6955/6249
f 5506/6956/6246 6487/6950/6243 5452/6955/6249 4801/6957/6250
f 5507/6958/6246 6484/6946/6243 6487/6950/6243 5506/6956/6246
f 5508/6952/6246 6481/6943/6243 6484/6946/6243 5507/6958/6246
f 6490/6959/6251 6491/6960/6252 6494/6961/6252 6493/6962/6251
f 6491/6960/6252 6492/6963/6253 6495/6964/6253 6494/6961/6252
f 6493/6962/6251 6494/6961/6252 6497/6965/6252 6496/6966/6251
f 6494/6961/6252 6495/6964/6253 6498/6967/6253 6497/6965/6252
f 4793/5360/4926 5380/6810/6170 6490/6959/6251 5511/6968/6254
f 5380/6810/6170 5381/6809/6169 6491/6960/6252 6490/6959/6251
f 5381/6809/6169 5382/6808/6168 6492/6963/6253 6491/6960/6252
f 5382/6808/6168 4792/6781/6141 5505/6936/6240 6492/6963/6253
f 6492/6963/6253 5505/6936/6240 5504/6942/6240 6495/6964/6253
f 6495/6964/6253 5504/6942/6240 5503/6940/6240 6498/6967/6253
f 6498/6967/6253 5503/6940/6240 4808/6941/6242 5478/6969/6255
f 6497/6965/6252 6498/6967/6253 5478/6969/6255 5477/6970/6256
f 6496/6966/6251 6497/6965/6252 5477/6970/6256 5476/6971/6257
f 5509/6972/6254 6496/6966/6251 5476/6971/6257 4809/6973/6258
f 5510/6974/6254 6493/6962/6251 6496/6966/6251 5509/6972/6254
f 5511/6968/6254 6490/6959/6251 6493/6962/6251 5510/6974/6254
f 6499/6975/6259 6500/6976/6260 6503/6977/6260 6502/6978/6259
f 6500/6976/6260 6501/6979/6261 6504/6980/6261 6503/6977/6260
f 6502/6978/6259 6503/6977/6260 6506/6981/6260 6505/6982/6259
f 6503/6977/6260 6504/6980/6261 6507/6983/6261 6506/6981/6260
f 4786/6608/5972 5359/6822/6182 6499/6975/6259 5514/6984/6262
f 5359/6822/6182 5360/6821/6181 6500/6976/6260 6499/6975/6259
f 5360/6821/6181 5361/6820/6180 6501/6979/6261 6500/6976/6260
f 5361/6820/6180 4785/6797/6157 5508/6952/6246 6501/6979/6261
f 6501/6979/6261 5508/6952/6246 5507/6958/6246 6504/6980/6261
f 6504/6980/6261 5507/6958/6246 5506/6956/6246 6507/6983/6261
f 6507/6983/6261 5506/6956/6246 4801/6957/6250 5457/6985/6263
f 6506/6981/6260 6507/6983/6261 5457/6985/6263 5456/6986/6264
f 6505/6982/6259 6506/6981/6260 5456/6986/6264 5455/6987/6265
f 5512/6988/6262 6505/6982/6259 5455/6987/6265 4802/6989/6266
f 5513/6990/6262 6502/6978/6259 6505/6982/6259 5512/6988/6262
f 5514/6984/6262 6499/6975/6259 6502/6978/6259 5513/6990/6262
f 6508/6991/6267 6509/6992/6268 6512/6993/6268 6511/6994/6267
f 6509/6992/6268 6510/6995/6269 6513/6996/6269 6512/6993/6268
f 6511/6994/6267 6512/6993/6268 6515/6997/6268 6514/6998/6267
f 6512/6993/6268 6513/6996/6269 6516/6999/6269 6515/6997/6268
f 4779/6628/5992 5338/6834/6194 6508/6991/6267 5517/7000/6270
f 5338/6834/6194 5339/6833/6193 6509/6992/6268 6508/6991/6267
f 5339/6833/6193 5340/6832/6192 6510/6995/6269 6509/6992/6268
f 5340/6832/6192 4778/5365/4931 5518/7001/6271 6510/6995/6269
f 6510/6995/6269 5518/7001/6271 5519/7002/6271 6513/6996/6269
f 6513/6996/6269 5519/7002/6271 5520/7003/6271 6516/6999/6269
f 6516/6999/6269 5520/7003/6271 4794/7004/6272 5436/7005/6273
f 6515/6997/6268 6516/6999/6269 5436/7005/6273 5435/7006/6274
f 6514/6998/6267 6515/6997/6268 5435/7006/6274 5434/7007/6275
f 5515/7008/6270 6514/6998/6267 5434/7007/6275 4795/7009/6276
f 5516/7010/6270 6511/6994/6267 6514/6998/6267 5515/7008/6270
f 5517/7000/6270 6508/6991/6267 6511/6994/6267 5516/7010/6270
f 6517/7011/6277 6518/7012/6278 6521/7013/6278 6520/7014/6277
f 6518/7012/6278 6519/7015/6279 6522/7016/6279 6521/7013/6278
f 6520/7014/6277 6521/7013/6278 6524/7017/6278 6523/7018/6277
f 6521/7013/6278 6522/7016/6279 6525/7019/6279 6524/7017/6278
f 4778/5365/4931 5383/5363/4929 6517/7011/6277 5518/7001/6271
f 5383/5363/4929 5384/5362/4928 6518/7012/6278 6517/7011/6277
f 5384/5362/4928 5385/5361/4927 6519/7015/6279 6518/7012/6278
f 5385/5361/4927 4793/5360/4926 5511/6968/6254 6519/7015/6279
f 6519/7015/6279 5511/6968/6254 5510/6974/6254 6522/7016/6279
f 6522/7016/6279 5510/6974/6254 5509/6972/6254 6525/7019/6279
f 6525/7019/6279 5509/6972/6254 4809/6973/6258 5481/7020/6280
f 6524/7017/6278 6525/7019/6279 5481/7020/6280 5480/7021/6281
f 6523/7018/6277 6524/7017/6278 5480/7021/6281 5479/7022/6282
f 5520/7003/6271 6523/7018/6277 5479/7022/6282 4794/7004/6272
f 5519/7002/6271 6520/7014/6277 6523/7018/6277 5520/7003/6271
f 5518/7001/6271 6517/7011/6277 6520/7014/6277 5519/7002/6271
f 6526/7023/6283 6527/7024/6284 6530/7025/6284 6529/7026/6283
f 6527/7024/6284 6528/7027/6285 6531/7028/6285 6530/7025/6284
f 6529/7026/6283 6530/7025/6284 6533/7029/6284 6532/7030/6283
f 6530/7025/6284 6531/7028/6285 6534/7031/6285 6533/7029/6284
f 4787/6613/5977 5362/6611/5975 6526/7023/6283 5523/7032/6286
f 5362/6611/5975 5363/6610/5974 6527/7024/6284 6526/7023/6283
f 5363/6610/5974 5364/6609/5973 6528/7027/6285 6527/7024/6284
f 5364/6609/5973 4786/6608/5972 5514/6984/6262 6528/7027/6285
f 6528/7027/6285 5514/6984/6262 5513/6990/6262 6531/7028/6285
f 6531/7028/6285 5513/6990/6262 5512/6988/6262 6534/7031/6285
f 6534/7031/6285 5512/6988/6262 4802/6989/6266 5460/7033/6287
f 6533/7029/6284 6534/7031/6285 5460/7033/6287 5459/7034/6288
f 6532/7030/6283 6533/7029/6284 5459/7034/6288 5458/7035/6289
f 5521/7036/6286 6532/7030/6283 5458/7035/6289 4803/7037/6290
f 5522/7038/6286 6529/7026/6283 6532/7030/6283 5521/7036/6286
f 5523/7032/6286 6526/7023/6283 6529/7026/6283 5522/7038/6286
f 6535/7039/6291 6536/7040/6292 6539/7041/6292 6538/7042/6291
f 6536/7040/6292 6537/7043/6293 6540/7044/6293 6539/7041/6292
f 6538/7042/6291 6539/7041/6292 6542/7045/6292 6541/7046/6291
f 6539/7041/6292 6540/7044/6293 6543/7047/6293 6542/7045/6292
f 4780/6633/5997 5341/6631/5995 6535/7039/6291 5526/7048/6294
f 5341/6631/5995 5342/6630/5994 6536/7040/6292 6535/7039/6291
f 5342/6630/5994 5343/6629/5993 6537/7043/6293 6536/7040/6292
f 5343/6629/5993 4779/6628/5992 5517/7000/6270 6537/7043/6293
f 6537/7043/6293 5517/7000/6270 5516/7010/6270 6540/7044/6293
f 6540/7044/6293 5516/7010/6270 5515/7008/6270 6543/7047/6293
f 6543/7047/6293 5515/7008/6270 4795/7009/6276 5439/7049/6295
f 6542/7045/6292 6543/7047/6293 5439/7049/6295 5438/7050/6296
f 6541/7046/6291 6542/7045/6292 5438/7050/6296 5437/7051/6297
f 5524/7052/6294 6541/7046/6291 5437/7051/6297 4796/7053/6298
f 5525/7054/6294 6538/7042/6291 6541/7046/6291 5524/7052/6294
f 5526/7048/6294 6535/7039/6291 6538/7042/6291 5525/7054/6294
f 6544/7055/6299 6545/7056/6300 6548/7057/6300 6547/7058/6299
f 6545/7056/6300 6546/7059/6301 6549/7060/6301 6548/7057/6300
f 6547/7058/6299 6548/7057/6300 6551/7061/6300 6550/7062/6299
f 6548/7057/6300 6549/7060/6301 6552/7063/6301 6551/7061/6300
f 4788/6649/6013 5365/6647/6011 6544/7055/6299 5529/7064/6302
f 5365/6647/6011 5366/6646/6010 6545/7056/6300 6544/7055/6299
f 5366/6646/6010 5367/6645/6009 6546/7059/6301 6545/7056/6300
f 5367/6645/6009 4787/6613/5977 5523/7032/6286 6546/7059/6301
f 6546/7059/6301 5523/7032/6286 5522/7038/6286 6549/7060/6301
f 6549/7060/6301 5522/7038/6286 5521/7036/6286 6552/7063/6301
f 6552/7063/6301 5521/7036/6286 4803/7037/6290 5463/7065/6303
f 6551/7061/6300 6552/7063/6301 5463/7065/6303 5462/7066/6304
f 6550/7062/6299 6551/7061/6300 5462/7066/6304 5461/7067/6305
f 5527/7068/6302 6550/7062/6299 5461/7067/6305 4804/7069/6306
f 5528/7070/6302 6547/7058/6299 6550/7062/6299 5527/7068/6302
f 5529/7064/6302 6544/7055/6299 6547/7058/6299 5528/7070/6302
f 6553/7071/6307 6554/7072/6308 6557/7073/6308 6556/7074/6307
f 6554/7072/6308 6555/7075/6309 6558/7076/6309 6557/7073/6308
f 6556/7074/6307 6557/7073/6308 6560/7077/6308 6559/7078/6307
f 6557/7073/6308 6558/7076/6309 6561/7079/6309 6560/7077/6308
f 4781/6665/6029 5344/6663/6027 6553/7071/6307 5485/6845/6199
f 5344/6663/6027 5345/6662/6026 6554/7072/6308 6553/7071/6307
f 5345/6662/6026 5346/6661/6025 6555/7075/6309 6554/7072/6308
f 5346/6661/6025 4780/6633/5997 5526/7048/6294 6555/7075/6309
f 6555/7075/6309 5526/7048/6294 5525/7054/6294 6558/7076/6309
f 6558/7076/6309 5525/7054/6294 5524/7052/6294 6561/7079/6309
f 6561/7079/6309 5524/7052/6294 4796/7053/6298 5442/7080/6310
f 6560/7077/6308 6561/7079/6309 5442/7080/6310 5441/7081/6311
f 6559/7078/6307 6560/7077/6308 5441/7081/6311 5440/7082/6312
f 5487/6847/6199 6559/7078/6307 5440/7082/6312 4797/6848/6200
f 5486/6846/6199 6556/7074/6307 6559/7078/6307 5487/6847/6199
f 5485/6845/6199 6553/7071/6307 6556/7074/6307 5486/6846/6199
f 6562/7083/6313 6563/7084/6314 6566/7085/6314 6565/7086/6313
f 6563/7084/6314 6564/7087/6315 6567/7088/6315 6566/7085/6314
f 6565/7086/6313 6566/7085/6314 6569/7089/6314 6568/7090/6313
f 6566/7085/6314 6567/7088/6315 6570/7091/6315 6569/7089/6314
f 4789/6681/6045 5368/6679/6043 6562/7083/6313 5491/6865/6209
f 5368/6679/6043 5369/6678/6042 6563/7084/6314 6562/7083/6313
f 5369/6678/6042 5370/6677/6041 6564/7087/6315 6563/7084/6314
f 5370/6677/6041 4788/6649/6013 5529/7064/6302 6564/7087/6315
f 6564/7087/6315 5529/7064/6302 5528/7070/6302 6567/7088/6315
f 6567/7088/6315 5528/7070/6302 5527/7068/6302 6570/7091/6315
f 6570/7091/6315 5527/7068/6302 4804/7069/6306 5466/7092/6316
f 6569/7089/6314 6570/7091/6315 5466/7092/6316 5465/7093/6317
f 6568/7090/6313 6569/7089/6314 5465/7093/6317 5464/7094/6318
f 5493/6867/6209 6568/7090/6313 5464/7094/6318 4805/6868/6210
f 5492/6866/6209 6565/7086/6313 6568/7090/6313 5493/6867/6209
f 5491/6865/6209 6562/7083/6313 6565/7086/6313 5492/6866/6209
